PM2.5,PM10,NO,NO2,NOx,NH3,CO,SO2,O3,Actual,Pred_Baseline (prior),Pred_Logistic Regression,Pred_Decision Tree,Pred_Random Forest,Pred_Hist Gradient Boosting
44.7,214.5,129.9,62.5,80.0,34.3,2.02,65.1,166.6,Moderate,Very Poor,Poor,Moderate,Moderate,Moderate
195.5,240.5,81.1,77.5,96.4,34.3,1.9,25.2,96.6,Very Poor,Very Poor,Very Poor,Very Poor,Very Poor,Very Poor
354.6,582.1,72.1,120.8,238.4,47.3,2.28,76.2,185.0,Poor,Very Poor,Severe,Poor,Poor,Poor
140.4,557.5,97.0,95.5,128.4,11.0,6.29,48.2,139.6,Very Poor,Very Poor,Severe,Very Poor,Very Poor,Very Poor
141.1,352.4,106.6,29.3,227.1,43.3,0.51,38.9,103.4,Very Poor,Very Poor,Satisfactory,Very Poor,Very Poor,Very Poor
474.1,482.7,15.1,86.1,158.4,10.9,7.88,44.0,107.0,Severe,Very Poor,Severe,Severe,Severe,Severe
481.2,443.8,158.5,149.9,218.3,8.7,6.4,11.7,169.7,Severe,Very Poor,Severe,Severe,Severe,Severe
376.4,2.7,190.7,102.5,42.7,30.2,7.82,15.4,68.8,Moderate,Very Poor,Moderate,Moderate,Moderate,Severe
17.4,327.2,166.3,104.5,241.1,29.8,0.13,81.5,22.6,Poor,Very Poor,Satisfactory,Poor,Poor,Poor
386.3,141.8,111.9,10.6,233.1,43.6,4.17,81.6,16.5,Moderate,Very Poor,Moderate,Moderate,Moderate,Moderate
166.5,482.7,108.8,7.5,129.2,43.8,1.15,47.5,126.0,Severe,Very Poor,Satisfactory,Severe,Severe,Severe
320.9,257.9,80.7,107.1,144.2,27.5,4.47,20.6,80.4,Severe,Very Poor,Moderate,Severe,Severe,Severe
482.6,75.1,8.1,28.1,21.4,10.0,2.37,27.5,193.2,Poor,Very Poor,Poor,Poor,Poor,Poor
256.0,381.8,49.6,38.7,128.1,4.6,1.87,62.5,168.1,Severe,Very Poor,Poor,Severe,Severe,Severe
117.6,561.1,87.7,136.1,13.5,22.3,9.29,21.5,157.6,Poor,Very Poor,Severe,Poor,Poor,Poor
369.9,569.1,152.6,13.2,227.6,23.9,5.07,59.5,18.3,Moderate,Very Poor,Severe,Moderate,Moderate,Severe
178.6,106.1,24.7,58.8,229.5,30.4,8.06,23.1,177.2,Very Poor,Very Poor,Poor,Very Poor,Very Poor,Very Poor
331.3,359.6,161.8,60.9,234.4,37.1,6.43,17.8,163.4,Severe,Very Poor,Poor,Severe,Severe,Severe
223.5,316.2,137.9,78.5,22.9,22.4,6.67,50.5,140.3,Very Poor,Very Poor,Poor,Very Poor,Very Poor,Very Poor
168.9,523.1,193.9,92.5,64.1,7.7,1.62,83.6,174.7,Very Poor,Very Poor,Poor,Very Poor,Very Poor,Very Poor
487.1,574.2,142.0,69.1,137.0,14.8,4.36,5.2,171.5,Poor,Very Poor,Severe,Poor,Poor,Poor
92.9,547.0,190.4,121.8,0.1,5.4,2.22,38.7,21.2,Poor,Very Poor,Very Poor,Poor,Poor,Poor
387.8,301.6,171.3,121.6,173.4,5.0,3.49,70.9,23.9,Poor,Very Poor,Moderate,Poor,Poor,Poor
422.4,530.5,49.9,116.2,46.4,40.0,8.93,60.9,52.1,Moderate,Very Poor,Severe,Moderate,Moderate,Moderate
433.6,353.5,37.1,91.8,132.0,43.0,6.12,14.4,38.0,Very Poor,Very Poor,Moderate,Very Poor,Very Poor,Very Poor
397.6,348.7,72.1,139.2,204.2,49.9,7.53,50.5,65.8,Poor,Very Poor,Moderate,Poor,Poor,Poor
128.6,292.4,29.4,99.7,31.5,23.6,7.58,39.4,39.0,Very Poor,Very Poor,Very Poor,Very Poor,Very Poor,Very Poor
395.3,89.1,69.8,131.0,91.0,22.9,3.59,92.3,127.2,Moderate,Very Poor,Moderate,Moderate,Moderate,Moderate
425.8,557.5,170.7,69.1,39.4,21.7,4.05,63.7,1.3,Moderate,Very Poor,Severe,Moderate,Moderate,Moderate
231.6,38.8,73.4,123.1,34.3,45.4,9.23,67.7,147.6,Very Poor,Very Poor,Poor,Very Poor,Very Poor,Very Poor
32.1,68.2,170.7,43.7,15.9,37.3,3.63,13.3,77.1,Moderate,Very Poor,Very Poor,Moderate,Moderate,Moderate
461.2,582.1,83.5,103.5,66.3,29.4,0.16,69.3,2.7,Moderate,Very Poor,Satisfactory,Moderate,Moderate,Moderate
397.8,523.7,29.1,122.9,82.7,19.5,6.86,67.7,191.9,Poor,Very Poor,Severe,Poor,Poor,Poor
43.4,166.8,13.1,125.3,58.7,18.3,2.66,63.6,88.8,Moderate,Very Poor,Very Poor,Moderate,Moderate,Moderate
220.4,501.4,156.3,31.0,69.0,10.1,9.5,83.9,91.6,Very Poor,Very Poor,Severe,Very Poor,Very Poor,Very Poor
278.9,360.5,197.0,99.2,51.4,1.7,4.19,50.3,17.3,Severe,Very Poor,Moderate,Severe,Severe,Severe
63.9,32.6,88.5,87.5,98.5,26.7,8.68,83.1,89.2,Moderate,Very Poor,Moderate,Moderate,Moderate,Moderate
268.5,539.5,103.9,22.3,20.9,45.0,4.17,84.7,81.7,Severe,Very Poor,Severe,Severe,Severe,Very Poor
42.8,525.7,143.6,131.8,70.1,33.4,3.62,39.9,136.3,Moderate,Very Poor,Very Poor,Moderate,Moderate,Moderate
54.8,571.8,189.9,59.6,55.0,13.0,8.16,95.4,37.6,Moderate,Very Poor,Very Poor,Moderate,Moderate,Moderate
243.1,451.1,33.6,124.4,211.3,34.8,8.89,59.3,98.8,Severe,Very Poor,Severe,Severe,Severe,Severe
183.2,69.7,198.4,97.7,19.3,10.7,7.56,35.9,104.5,Very Poor,Very Poor,Moderate,Very Poor,Very Poor,Very Poor
173.1,46.9,97.6,70.2,134.6,28.7,3.61,4.5,171.9,Very Poor,Very Poor,Poor,Very Poor,Very Poor,Very Poor
81.3,597.7,151.6,46.5,16.4,48.8,0.86,46.2,184.8,Poor,Very Poor,Poor,Poor,Poor,Satisfactory
423.0,56.4,3.7,16.5,216.5,2.4,9.74,36.7,62.6,Moderate,Very Poor,Moderate,Moderate,Moderate,Moderate
129.7,160.7,197.0,101.1,117.9,37.0,7.66,49.2,172.3,Very Poor,Very Poor,Poor,Very Poor,Very Poor,Very Poor
282.4,6.6,47.6,128.1,76.5,46.8,7.82,25.0,157.9,Severe,Very Poor,Poor,Severe,Severe,Severe
308.0,364.1,197.4,3.4,95.1,47.1,8.23,68.9,15.9,Severe,Very Poor,Moderate,Severe,Severe,Severe
418.9,508.2,195.9,53.9,40.4,13.4,1.34,28.8,197.9,Poor,Very Poor,Severe,Poor,Poor,Very Poor
0.5,293.3,190.4,75.8,182.5,45.6,7.07,51.8,59.4,Poor,Very Poor,Very Poor,Poor,Poor,Poor
379.3,202.5,47.6,95.4,135.2,5.0,2.34,82.8,69.0,Moderate,Very Poor,Moderate,Moderate,Moderate,Moderate
285.0,339.5,11.5,9.5,19.0,3.1,3.22,44.0,184.8,Severe,Very Poor,Poor,Severe,Severe,Severe
355.3,109.5,179.3,70.2,104.1,26.2,8.27,86.7,191.5,Poor,Very Poor,Poor,Poor,Poor,Poor
147.1,378.3,23.4,84.6,239.5,49.2,3.47,77.7,82.0,Very Poor,Very Poor,Very Poor,Very Poor,Very Poor,Satisfactory
59.0,144.6,187.9,91.2,7.1,43.2,4.64,45.6,101.4,Moderate,Very Poor,Very Poor,Moderate,Moderate,Moderate
116.4,300.0,28.7,30.9,184.2,23.5,3.68,23.0,103.4,Poor,Very Poor,Very Poor,Poor,Poor,Poor
145.3,53.7,149.2,97.9,137.1,1.5,5.2,88.6,28.4,Very Poor,Very Poor,Moderate,Very Poor,Very Poor,Very Poor
79.1,118.7,111.6,18.9,156.2,0.7,8.12,40.0,14.7,Moderate,Very Poor,Moderate,Moderate,Moderate,Moderate
174.7,484.4,32.0,80.4,194.1,48.3,1.28,95.9,136.5,Severe,Very Poor,Very Poor,Severe,Severe,Very Poor
256.0,116.5,7.2,44.2,4.0,34.1,4.05,20.5,108.3,Severe,Very Poor,Poor,Severe,Severe,Severe
234.6,448.5,54.6,93.4,183.0,44.3,7.34,79.0,194.1,Severe,Very Poor,Poor,Severe,Severe,Severe
214.1,424.5,94.9,28.0,98.7,22.1,3.35,90.7,193.8,Very Poor,Very Poor,Poor,Very Poor,Very Poor,Very Poor
65.9,83.2,155.1,121.5,238.7,26.8,1.29,49.2,47.2,Moderate,Very Poor,Very Poor,Moderate,Moderate,Very Poor
195.6,112.9,11.6,84.9,30.5,45.1,7.65,80.6,48.2,Very Poor,Very Poor,Moderate,Very Poor,Very Poor,Very Poor
351.0,50.1,69.7,118.9,235.0,7.6,4.05,13.0,78.3,Moderate,Very Poor,Moderate,Moderate,Moderate,Moderate
230.0,503.6,41.4,134.6,209.7,4.1,5.0,96.4,147.6,Very Poor,Very Poor,Severe,Very Poor,Very Poor,Very Poor
266.1,237.6,42.7,134.2,173.1,45.3,4.66,87.1,68.3,Severe,Very Poor,Moderate,Severe,Severe,Severe
474.5,284.6,147.6,122.7,12.0,34.2,8.06,54.8,116.4,Poor,Very Poor,Severe,Poor,Poor,Poor
355.9,417.6,182.8,5.5,64.6,6.8,0.31,22.2,140.9,Very Poor,Very Poor,Good,Moderate,Very Poor,Severe
328.8,3.8,198.3,88.5,8.8,14.0,1.76,91.4,114.8,Severe,Very Poor,Moderate,Severe,Severe,Severe
343.7,21.2,115.0,96.8,106.6,24.0,7.29,75.1,24.2,Severe,Very Poor,Moderate,Severe,Severe,Severe
165.5,405.5,75.4,4.3,92.8,13.1,7.33,76.4,71.2,Very Poor,Very Poor,Very Poor,Very Poor,Very Poor,Very Poor
308.2,394.2,75.5,135.8,15.5,47.2,0.56,50.5,92.3,Severe,Very Poor,Severe,Severe,Severe,Severe
277.3,239.2,192.3,4.4,202.7,41.6,0.81,50.1,69.2,Severe,Very Poor,Good,Moderate,Severe,Severe
149.4,0.1,26.6,3.6,191.9,29.2,7.39,89.3,48.9,Very Poor,Very Poor,Moderate,Very Poor,Very Poor,Very Poor
460.1,2.2,21.9,93.7,91.0,44.8,8.17,93.5,100.6,Moderate,Very Poor,Moderate,Moderate,Moderate,Moderate
425.0,91.2,32.1,75.1,12.0,40.1,3.38,52.9,191.4,Poor,Very Poor,Poor,Poor,Poor,Poor
398.5,571.8,173.8,28.7,76.1,1.3,5.54,79.3,187.6,Poor,Very Poor,Severe,Poor,Poor,Poor
270.5,40.6,101.9,114.0,123.9,24.8,8.7,87.4,40.2,Severe,Very Poor,Moderate,Severe,Severe,Severe
225.7,556.2,122.6,3.7,246.7,46.7,1.61,14.3,125.8,Very Poor,Very Poor,Satisfactory,Very Poor,Very Poor,Very Poor
232.4,124.5,183.8,6.0,70.0,21.9,2.89,52.3,181.6,Very Poor,Very Poor,Poor,Very Poor,Very Poor,Very Poor
261.5,89.7,185.3,118.8,101.7,0.9,5.51,40.6,24.6,Severe,Very Poor,Moderate,Severe,Severe,Severe
76.8,335.7,106.6,16.9,55.4,42.7,0.08,68.1,89.4,Poor,Very Poor,Satisfactory,Moderate,Poor,Poor
385.3,7.6,102.3,83.5,107.9,25.3,3.86,9.3,143.8,Moderate,Very Poor,Poor,Moderate,Moderate,Moderate
137.9,289.3,95.6,17.9,116.4,30.0,7.02,17.0,98.7,Very Poor,Very Poor,Very Poor,Very Poor,Very Poor,Poor
304.6,388.5,133.7,5.4,209.5,23.6,5.97,65.5,190.1,Severe,Very Poor,Poor,Severe,Severe,Severe
169.8,267.6,80.7,96.3,95.7,39.3,8.86,22.7,116.0,Very Poor,Very Poor,Very Poor,Very Poor,Very Poor,Very Poor
305.8,230.3,53.6,36.9,31.0,7.2,2.46,8.0,12.3,Severe,Very Poor,Satisfactory,Severe,Severe,Severe
148.0,177.4,94.6,142.7,127.8,17.2,3.28,83.6,105.0,Very Poor,Very Poor,Very Poor,Very Poor,Very Poor,Very Poor
187.2,96.2,3.4,55.7,227.1,45.4,0.09,12.0,174.0,Very Poor,Very Poor,Poor,Very Poor,Very Poor,Poor
484.9,53.5,110.1,47.9,109.1,40.3,9.3,47.3,36.0,Moderate,Very Poor,Moderate,Moderate,Moderate,Moderate
324.7,258.7,83.7,31.7,242.7,46.7,9.94,74.8,65.7,Severe,Very Poor,Moderate,Severe,Severe,Severe
419.9,162.0,112.7,117.1,183.6,1.0,1.0,3.5,184.2,Poor,Very Poor,Poor,Poor,Poor,Very Poor
492.4,589.9,57.5,10.1,53.7,32.9,9.55,19.1,167.8,Moderate,Very Poor,Severe,Moderate,Moderate,Poor
280.4,202.0,103.0,7.6,72.3,16.8,3.01,44.2,127.3,Severe,Very Poor,Poor,Severe,Severe,Severe
454.3,430.9,49.0,71.6,162.6,15.5,6.94,25.9,36.9,Moderate,Very Poor,Severe,Severe,Severe,Severe
4.1,431.0,61.1,118.3,34.5,16.0,8.19,76.4,33.4,Severe,Very Poor,Very Poor,Severe,Severe,Severe
205.9,89.8,39.5,144.5,246.3,11.8,7.67,13.3,52.4,Very Poor,Very Poor,Moderate,Very Poor,Very Poor,Very Poor
10.6,341.8,162.5,101.1,184.9,48.5,2.25,8.7,75.0,Poor,Very Poor,Very Poor,Poor,Poor,Poor
147.4,103.8,45.6,2.2,131.2,47.6,8.21,78.0,104.6,Very Poor,Very Poor,Very Poor,Very Poor,Very Poor,Very Poor
8.4,407.6,187.8,106.5,25.5,11.7,5.31,94.3,90.2,Very Poor,Very Poor,Very Poor,Very Poor,Very Poor,Very Poor
466.5,170.8,105.4,77.4,117.0,9.7,1.67,89.3,30.2,Moderate,Very Poor,Satisfactory,Moderate,Moderate,Moderate
367.1,317.4,73.4,61.3,240.7,28.8,7.02,63.4,98.5,Poor,Very Poor,Severe,Poor,Poor,Poor
408.1,369.6,176.2,24.9,116.4,47.6,5.35,68.4,8.2,Very Poor,Very Poor,Moderate,Very Poor,Very Poor,Very Poor
157.8,130.9,185.3,119.6,7.8,46.6,5.6,31.2,171.9,Very Poor,Very Poor,Poor,Very Poor,Very Poor,Very Poor
346.9,534.3,145.5,113.1,163.2,25.4,6.53,25.1,159.3,Severe,Very Poor,Severe,Severe,Severe,Severe
210.0,121.4,12.7,96.8,55.2,39.3,2.14,77.7,53.8,Very Poor,Very Poor,Moderate,Very Poor,Very Poor,Very Poor
260.0,44.6,8.8,94.1,17.3,3.7,9.55,80.0,40.9,Severe,Very Poor,Moderate,Severe,Severe,Severe
166.8,276.2,190.5,125.5,53.8,36.5,1.28,39.2,151.6,Very Poor,Very Poor,Poor,Very Poor,Very Poor,Very Poor
110.5,339.4,140.5,74.1,178.7,33.6,1.34,49.9,79.4,Poor,Very Poor,Very Poor,Satisfactory,Poor,Severe
365.2,317.7,8.1,122.3,116.2,21.0,5.39,37.6,38.6,Poor,Very Poor,Moderate,Poor,Poor,Poor
437.7,225.2,96.7,29.2,156.9,16.7,9.73,66.9,188.9,Poor,Very Poor,Poor,Poor,Poor,Poor
409.2,410.0,142.1,45.4,48.7,42.0,1.96,92.4,10.6,Very Poor,Very Poor,Satisfactory,Satisfactory,Very Poor,Very Poor
446.6,381.4,132.9,126.4,113.3,45.7,8.5,0.5,189.8,Very Poor,Very Poor,Poor,Very Poor,Very Poor,Very Poor
157.5,480.8,6.3,113.8,201.1,49.3,1.23,7.7,109.6,Severe,Very Poor,Very Poor,Severe,Severe,Very Poor
28.6,507.2,150.7,132.7,93.1,0.2,1.53,47.8,63.9,Moderate,Very Poor,Very Poor,Moderate,Moderate,Moderate
70.6,433.1,131.1,130.9,136.2,48.5,4.42,67.3,138.3,Severe,Very Poor,Very Poor,Severe,Severe,Severe
5.1,284.9,133.8,15.0,246.9,35.4,1.32,90.0,28.2,Poor,Very Poor,Satisfactory,Good,Poor,Poor
13.0,301.2,98.0,65.0,145.6,29.2,8.35,13.6,8.2,Poor,Very Poor,Very Poor,Poor,Poor,Poor
27.7,263.6,34.2,98.2,170.6,44.2,2.72,81.1,128.5,Poor,Very Poor,Very Poor,Poor,Poor,Poor
313.7,297.7,146.0,79.5,208.5,27.3,9.55,73.7,52.1,Severe,Very Poor,Moderate,Severe,Severe,Severe
433.8,420.5,186.2,139.3,70.1,9.6,0.12,88.9,184.5,Very Poor,Very Poor,Severe,Poor,Very Poor,Poor
254.2,274.3,123.4,103.7,27.8,14.8,3.23,25.4,4.6,Severe,Very Poor,Moderate,Severe,Severe,Severe
82.7,541.7,16.7,105.9,197.9,47.5,4.81,13.6,68.2,Moderate,Very Poor,Very Poor,Moderate,Moderate,Moderate
457.0,3.7,82.3,60.1,94.8,28.4,3.56,28.2,32.0,Moderate,Very Poor,Moderate,Moderate,Moderate,Moderate
228.4,480.5,30.0,97.4,238.9,17.8,8.4,56.6,119.7,Severe,Very Poor,Severe,Severe,Severe,Severe
318.3,242.5,100.7,85.1,118.3,25.6,9.4,75.2,56.7,Severe,Very Poor,Moderate,Severe,Severe,Severe
486.3,314.4,91.3,98.0,96.7,32.4,0.22,97.2,130.2,Poor,Very Poor,Severe,Satisfactory,Poor,Severe
356.4,231.5,86.1,45.9,222.6,28.3,6.3,39.7,115.0,Moderate,Very Poor,Moderate,Moderate,Moderate,Moderate
287.8,430.2,163.5,26.2,166.0,36.8,9.28,49.3,33.8,Severe,Very Poor,Severe,Severe,Severe,Severe
92.2,369.7,174.0,82.4,41.6,4.6,2.57,33.3,16.9,Very Poor,Very Poor,Very Poor,Very Poor,Very Poor,Very Poor
228.2,384.7,78.8,98.5,80.7,18.8,6.81,99.9,21.6,Very Poor,Very Poor,Moderate,Very Poor,Very Poor,Very Poor
476.1,323.7,37.0,69.2,224.9,22.1,0.97,68.5,62.5,Poor,Very Poor,Satisfactory,Poor,Poor,Very Poor
407.1,273.6,168.4,36.7,214.1,34.4,0.14,18.1,86.5,Poor,Very Poor,Satisfactory,Poor,Poor,Poor
132.5,342.2,69.3,57.8,174.4,18.3,6.38,97.6,137.3,Very Poor,Very Poor,Poor,Very Poor,Very Poor,Very Poor
444.5,415.4,12.4,12.0,219.8,42.4,5.89,34.7,120.6,Very Poor,Very Poor,Severe,Very Poor,Very Poor,Severe
0.6,565.0,36.4,139.6,81.5,26.0,5.31,14.7,71.3,Moderate,Very Poor,Very Poor,Moderate,Moderate,Moderate
452.9,106.4,6.6,126.2,76.2,22.7,5.81,58.9,115.2,Moderate,Very Poor,Moderate,Moderate,Moderate,Moderate
76.4,512.0,136.5,39.1,184.8,6.7,7.12,78.6,113.1,Moderate,Very Poor,Very Poor,Moderate,Moderate,Moderate
356.3,209.4,37.8,50.4,102.3,5.7,2.11,93.6,97.1,Moderate,Very Poor,Moderate,Moderate,Moderate,Moderate
222.8,177.1,74.8,50.9,230.2,25.1,8.41,50.8,195.2,Very Poor,Very Poor,Poor,Very Poor,Very Poor,Very Poor
498.1,321.0,84.7,53.2,71.3,37.0,7.39,10.8,156.3,Poor,Very Poor,Severe,Poor,Poor,Poor
496.6,323.7,127.2,139.8,91.5,33.1,7.45,86.4,66.3,Poor,Very Poor,Moderate,Poor,Poor,Poor
106.3,404.2,75.0,132.8,14.9,9.7,7.51,21.5,111.1,Very Poor,Very Poor,Very Poor,Very Poor,Very Poor,Very Poor
330.1,509.9,0.1,31.5,97.9,19.4,1.26,75.8,51.9,Severe,Very Poor,Satisfactory,Severe,Severe,Very Poor
208.0,450.9,135.6,146.6,76.6,21.0,0.62,6.2,11.8,Severe,Very Poor,Satisfactory,Very Poor,Severe,Very Poor
263.3,391.3,5.3,142.9,175.7,19.5,1.27,30.2,3.9,Severe,Very Poor,Satisfactory,Severe,Severe,Very Poor
34.4,440.2,198.4,15.1,209.9,7.2,5.8,93.3,18.4,Severe,Very Poor,Very Poor,Severe,Severe,Poor
370.9,380.1,103.2,118.2,46.5,22.1,2.51,87.3,196.3,Very Poor,Very Poor,Poor,Very Poor,Very Poor,Very Poor
354.8,560.0,163.4,122.0,105.8,43.0,0.97,33.9,136.6,Moderate,Very Poor,Severe,Moderate,Moderate,Very Poor
418.6,212.5,25.2,15.8,202.9,34.4,2.34,85.5,141.7,Moderate,Very Poor,Poor,Moderate,Moderate,Moderate
261.5,36.7,43.7,119.5,232.8,35.2,6.76,46.8,88.5,Severe,Very Poor,Moderate,Severe,Severe,Severe
243.3,188.7,145.5,92.2,244.0,2.5,4.17,26.9,115.6,Very Poor,Very Poor,Poor,Very Poor,Very Poor,Very Poor
74.2,277.8,143.2,81.1,173.7,26.4,4.8,38.6,108.0,Poor,Very Poor,Very Poor,Poor,Poor,Poor
309.9,435.7,20.4,135.2,74.9,7.9,3.91,62.4,32.0,Severe,Very Poor,Severe,Severe,Severe,Severe
283.4,540.9,137.6,137.6,156.0,5.4,3.23,3.8,164.5,Severe,Very Poor,Severe,Severe,Severe,Severe
262.1,104.6,81.6,82.5,26.4,32.6,8.58,52.5,52.8,Severe,Very Poor,Moderate,Severe,Severe,Severe
415.5,160.8,51.6,127.4,150.0,13.4,5.39,36.6,80.1,Moderate,Very Poor,Moderate,Moderate,Moderate,Moderate
55.3,503.7,124.4,54.2,139.8,42.4,5.6,60.7,80.3,Moderate,Very Poor,Very Poor,Moderate,Moderate,Moderate
217.9,177.0,104.2,22.6,235.8,17.8,9.7,51.9,20.9,Very Poor,Very Poor,Moderate,Very Poor,Very Poor,Very Poor
189.1,15.0,54.5,107.8,95.8,7.2,9.55,66.9,75.2,Very Poor,Very Poor,Moderate,Very Poor,Very Poor,Very Poor
213.0,403.4,63.3,30.7,221.2,38.7,0.11,81.1,185.6,Very Poor,Very Poor,Poor,Very Poor,Very Poor,Very Poor
141.6,93.3,150.4,23.4,233.3,16.8,9.0,41.6,57.5,Very Poor,Very Poor,Moderate,Very Poor,Very Poor,Very Poor
422.9,179.7,23.5,54.5,233.5,38.4,3.64,95.3,62.4,Moderate,Very Poor,Moderate,Moderate,Moderate,Moderate
264.6,520.1,195.9,149.7,63.0,18.6,6.6,91.8,139.7,Severe,Very Poor,Severe,Severe,Severe,Severe
407.4,356.3,46.4,141.4,79.1,25.7,5.81,95.5,99.8,Very Poor,Very Poor,Severe,Very Poor,Very Poor,Very Poor
186.0,387.7,156.0,106.5,124.3,33.0,8.31,1.2,159.7,Very Poor,Very Poor,Poor,Very Poor,Very Poor,Very Poor
437.4,486.3,1.3,88.3,199.6,21.2,0.45,48.1,140.8,Severe,Very Poor,Satisfactory,Very Poor,Severe,Moderate
147.8,64.7,130.1,92.4,62.7,1.8,4.0,74.7,79.9,Very Poor,Very Poor,Moderate,Very Poor,Very Poor,Very Poor
57.7,190.4,145.5,64.7,168.6,26.9,3.77,6.9,188.6,Poor,Very Poor,Poor,Poor,Poor,Poor
303.3,147.7,64.1,122.6,69.6,13.6,7.17,60.0,114.3,Severe,Very Poor,Moderate,Severe,Severe,Severe
309.8,310.3,43.6,30.1,107.8,43.6,4.89,5.1,49.4,Severe,Very Poor,Moderate,Severe,Severe,Severe
297.3,258.7,135.1,145.8,218.2,36.9,3.91,95.3,158.0,Severe,Very Poor,Poor,Severe,Severe,Severe
257.5,585.0,39.0,86.2,9.1,34.3,0.96,36.3,48.8,Severe,Very Poor,Satisfactory,Severe,Severe,Very Poor
77.0,39.9,3.3,67.6,203.1,34.2,3.11,41.8,80.7,Moderate,Very Poor,Very Poor,Moderate,Moderate,Moderate
229.2,590.0,170.2,129.1,145.9,10.1,0.98,40.8,181.7,Very Poor,Very Poor,Severe,Very Poor,Very Poor,Very Poor
357.1,286.0,175.4,112.4,192.2,36.1,0.1,26.9,105.0,Poor,Very Poor,Satisfactory,Poor,Poor,Poor
70.9,312.4,39.1,115.0,212.9,7.4,5.29,80.1,195.4,Poor,Very Poor,Poor,Poor,Poor,Poor
451.6,81.7,15.4,2.8,131.3,41.9,8.21,53.5,133.6,Moderate,Very Poor,Moderate,Moderate,Moderate,Moderate
370.8,312.6,78.1,62.5,151.6,19.3,1.66,8.9,47.7,Poor,Very Poor,Satisfactory,Poor,Poor,Poor
393.5,152.5,98.8,137.8,6.2,16.3,8.9,82.4,47.6,Moderate,Very Poor,Moderate,Moderate,Moderate,Moderate
329.4,416.7,99.0,132.1,168.4,9.9,0.11,84.6,179.8,Severe,Very Poor,Poor,Severe,Severe,Very Poor
420.5,167.9,181.2,135.9,229.3,13.8,9.88,31.3,88.9,Moderate,Very Poor,Moderate,Moderate,Moderate,Moderate
186.4,564.8,2.8,62.2,145.5,48.3,9.58,40.6,170.3,Very Poor,Very Poor,Severe,Very Poor,Very Poor,Very Poor
57.1,586.4,42.2,54.0,128.1,40.4,6.48,60.3,191.9,Poor,Very Poor,Poor,Poor,Poor,Poor
159.2,153.3,28.6,77.2,119.1,9.0,5.65,10.0,170.9,Very Poor,Very Poor,Poor,Very Poor,Very Poor,Very Poor
443.7,99.7,98.3,116.1,127.3,24.8,7.59,10.1,18.3,Moderate,Very Poor,Moderate,Moderate,Moderate,Moderate
204.8,198.2,163.8,1.8,212.9,24.6,1.79,37.6,129.3,Very Poor,Very Poor,Satisfactory,Very Poor,Very Poor,Very Poor
483.8,272.3,131.7,125.1,96.8,29.9,8.06,52.0,184.7,Poor,Very Poor,Poor,Poor,Poor,Poor
63.1,138.7,165.1,33.1,1.1,27.0,1.79,14.6,189.9,Poor,Very Poor,Poor,Very Poor,Poor,Poor
222.7,279.9,26.0,102.4,77.3,13.4,5.67,1.1,146.4,Very Poor,Very Poor,Poor,Very Poor,Very Poor,Very Poor
118.8,107.9,43.8,143.9,173.7,23.8,5.14,68.2,8.5,Poor,Very Poor,Moderate,Poor,Poor,Poor
239.4,486.5,59.1,135.3,34.1,20.7,7.96,79.6,150.8,Severe,Very Poor,Severe,Severe,Severe,Severe
150.5,375.7,100.7,23.8,161.4,24.2,6.21,96.6,86.1,Very Poor,Very Poor,Very Poor,Very Poor,Very Poor,Very Poor
373.5,171.1,52.6,128.8,80.6,47.3,8.17,88.7,192.1,Poor,Very Poor,Poor,Poor,Poor,Poor
223.0,179.4,133.8,83.3,70.9,3.3,0.5,57.8,156.4,Very Poor,Very Poor,Poor,Very Poor,Very Poor,Severe
213.7,507.7,7.0,25.7,184.7,0.3,9.58,30.3,136.7,Very Poor,Very Poor,Severe,Very Poor,Very Poor,Very Poor
92.5,245.9,158.8,4.3,87.8,48.9,8.75,68.3,167.6,Poor,Very Poor,Poor,Poor,Poor,Poor
272.9,92.3,187.3,124.2,153.8,39.0,8.66,88.7,128.5,Severe,Very Poor,Moderate,Severe,Severe,Severe
79.4,455.6,166.8,127.1,6.5,47.0,7.85,19.6,83.9,Severe,Very Poor,Very Poor,Severe,Severe,Severe
222.2,379.1,62.8,83.5,39.2,0.2,0.23,28.8,120.1,Very Poor,Very Poor,Satisfactory,Very Poor,Very Poor,Very Poor
123.9,256.6,118.4,4.5,22.7,34.2,2.38,10.6,94.3,Very Poor,Very Poor,Good,Very Poor,Very Poor,Very Poor
448.3,543.0,17.0,72.8,225.8,46.3,9.72,13.7,31.3,Moderate,Very Poor,Severe,Moderate,Moderate,Moderate
207.6,199.7,41.9,27.8,135.2,14.4,8.8,9.7,173.1,Very Poor,Very Poor,Poor,Very Poor,Very Poor,Very Poor
375.3,561.5,21.2,41.1,97.0,39.7,0.57,25.5,17.3,Satisfactory,Very Poor,Satisfactory,Satisfactory,Satisfactory,Poor
286.9,358.6,99.7,38.3,197.4,41.2,0.86,27.5,122.6,Severe,Very Poor,Satisfactory,Severe,Severe,Severe
168.1,575.1,85.1,129.3,130.9,22.2,7.67,79.9,110.7,Very Poor,Very Poor,Severe,Very Poor,Very Poor,Very Poor
157.9,137.8,8.2,113.1,198.3,21.7,1.49,99.7,87.5,Very Poor,Very Poor,Very Poor,Very Poor,Very Poor,Very Poor
484.5,478.5,47.7,22.2,181.2,15.9,5.2,75.0,169.7,Severe,Very Poor,Severe,Severe,Severe,Very Poor
7.3,492.8,125.5,132.7,122.1,26.9,9.47,10.3,146.1,Severe,Very Poor,Very Poor,Severe,Severe,Severe
264.5,517.7,49.4,0.5,26.3,27.4,2.3,23.8,101.2,Severe,Very Poor,Satisfactory,Severe,Severe,Moderate
209.9,75.4,160.5,81.0,113.6,35.3,3.82,94.6,13.8,Very Poor,Very Poor,Moderate,Very Poor,Very Poor,Very Poor
123.6,415.7,164.5,44.3,103.1,30.5,8.56,44.1,178.4,Very Poor,Very Poor,Poor,Very Poor,Very Poor,Very Poor
408.2,216.3,153.8,111.1,244.0,48.0,5.57,40.5,61.0,Moderate,Very Poor,Moderate,Moderate,Moderate,Moderate
15.3,497.4,185.4,24.8,180.1,1.2,9.24,90.0,9.7,Severe,Very Poor,Very Poor,Severe,Severe,Severe
106.9,533.2,189.4,96.3,97.7,44.3,1.76,62.3,43.2,Poor,Very Poor,Very Poor,Poor,Poor,Poor
259.7,436.7,139.9,105.1,245.4,47.5,3.4,64.2,141.3,Severe,Very Poor,Severe,Severe,Severe,Severe
476.5,251.5,121.2,137.9,198.1,44.0,8.67,8.8,174.7,Poor,Very Poor,Poor,Poor,Poor,Poor
367.5,81.2,145.3,71.4,222.6,7.0,0.63,38.4,150.1,Moderate,Very Poor,Poor,Moderate,Moderate,Moderate
480.4,40.4,37.0,114.5,162.7,21.4,7.58,32.2,198.5,Poor,Very Poor,Poor,Poor,Poor,Poor
475.5,112.4,172.0,21.0,203.8,1.6,4.9,97.5,90.3,Moderate,Very Poor,Moderate,Moderate,Moderate,Severe
316.4,599.9,146.7,126.9,63.7,31.0,3.27,31.2,181.7,Severe,Very Poor,Severe,Severe,Severe,Satisfactory
267.5,275.3,84.9,49.0,143.2,5.0,7.28,2.1,98.9,Severe,Very Poor,Moderate,Severe,Severe,Severe
3.7,501.5,120.9,47.7,55.0,18.0,0.61,51.7,88.1,Satisfactory,Very Poor,Satisfactory,Satisfactory,Severe,Very Poor
401.1,190.2,61.3,36.2,44.9,16.9,7.6,24.5,45.3,Moderate,Very Poor,Moderate,Moderate,Moderate,Moderate
310.3,557.5,65.9,108.7,108.3,2.9,5.39,73.2,153.5,Severe,Very Poor,Severe,Severe,Severe,Severe
111.3,204.3,139.3,18.7,208.4,12.9,8.6,55.7,13.6,Poor,Very Poor,Moderate,Poor,Poor,Poor
23.0,330.4,45.4,135.5,157.2,14.3,0.06,55.3,25.3,Poor,Very Poor,Satisfactory,Poor,Poor,Poor
462.7,498.3,80.6,2.7,204.8,49.5,1.7,82.9,26.2,Severe,Very Poor,Satisfactory,Moderate,Severe,Severe
335.1,350.0,78.0,99.8,95.0,49.1,9.47,69.9,63.0,Severe,Very Poor,Moderate,Severe,Severe,Severe
183.1,303.7,92.7,149.3,199.4,15.5,2.44,21.5,187.5,Very Poor,Very Poor,Poor,Very Poor,Very Poor,Very Poor
178.3,229.5,151.0,42.7,175.0,26.8,0.73,77.3,191.1,Very Poor,Very Poor,Poor,Very Poor,Very Poor,Very Poor
219.2,406.9,62.0,149.2,196.3,7.0,7.98,40.8,58.3,Very Poor,Very Poor,Severe,Very Poor,Very Poor,Very Poor
398.6,204.4,123.3,91.8,82.9,32.3,0.48,11.4,45.8,Moderate,Very Poor,Satisfactory,Moderate,Moderate,Very Poor
147.1,357.3,48.7,2.6,157.6,19.0,2.2,43.7,59.5,Very Poor,Very Poor,Satisfactory,Very Poor,Very Poor,Very Poor
106.4,371.2,48.8,64.5,144.3,32.5,7.04,11.0,119.0,Very Poor,Very Poor,Very Poor,Very Poor,Very Poor,Very Poor
332.8,427.0,93.4,109.4,242.5,42.2,7.62,41.5,156.4,Severe,Very Poor,Severe,Severe,Severe,Severe
88.4,338.4,196.5,97.8,26.1,41.2,5.14,47.2,49.6,Poor,Very Poor,Very Poor,Poor,Poor,Poor
323.9,315.9,141.6,133.1,99.5,12.3,8.89,3.4,191.0,Severe,Very Poor,Poor,Severe,Severe,Severe
6.3,592.9,148.6,128.1,59.4,6.7,1.26,84.6,187.9,Poor,Very Poor,Poor,Moderate,Poor,Very Poor
295.3,571.7,100.1,66.8,170.1,32.1,1.21,58.5,115.2,Severe,Very Poor,Severe,Severe,Severe,Very Poor
120.8,476.4,177.5,62.6,181.8,28.3,2.21,83.8,132.9,Severe,Very Poor,Very Poor,Severe,Severe,Severe
216.6,173.0,146.9,145.0,97.4,17.3,9.81,64.9,172.9,Very Poor,Very Poor,Poor,Very Poor,Very Poor,Very Poor
479.4,112.5,180.9,46.6,213.5,0.1,7.71,12.2,195.8,Poor,Very Poor,Poor,Poor,Poor,Poor
400.1,336.4,188.2,36.5,0.7,10.4,5.77,29.0,108.4,Poor,Very Poor,Severe,Poor,Poor,Poor
209.4,560.8,59.7,63.6,71.6,26.3,0.47,30.4,194.4,Very Poor,Very Poor,Poor,Very Poor,Very Poor,Severe
178.5,358.4,90.9,64.1,36.7,16.4,9.2,79.7,153.9,Very Poor,Very Poor,Poor,Very Poor,Very Poor,Very Poor
54.9,74.9,72.5,49.0,242.3,33.0,0.65,24.5,28.6,Satisfactory,Very Poor,Satisfactory,Satisfactory,Moderate,Moderate
158.2,404.6,74.8,83.4,244.5,16.7,1.11,82.8,195.5,Very Poor,Very Poor,Poor,Very Poor,Very Poor,Very Poor
245.0,69.3,192.3,44.0,225.0,4.8,3.93,58.8,27.6,Very Poor,Very Poor,Moderate,Very Poor,Very Poor,Very Poor
366.1,513.6,104.0,93.5,5.7,25.3,1.16,18.0,50.9,Moderate,Very Poor,Satisfactory,Moderate,Moderate,Very Poor
5.1,94.8,90.1,79.3,21.5,1.5,5.85,59.2,196.3,Poor,Very Poor,Poor,Poor,Poor,Poor
392.4,513.9,46.9,14.2,65.2,16.4,1.95,29.9,27.1,Satisfactory,Very Poor,Satisfactory,Satisfactory,Satisfactory,Severe
334.3,146.9,14.2,83.7,88.6,26.4,2.15,46.5,73.9,Severe,Very Poor,Moderate,Severe,Severe,Severe
499.3,467.2,156.0,90.4,231.1,17.2,4.51,57.8,15.9,Severe,Very Poor,Severe,Severe,Severe,Severe
11.3,162.3,76.2,24.2,197.1,13.3,5.09,65.5,127.1,Moderate,Very Poor,Very Poor,Moderate,Moderate,Moderate
174.7,566.4,80.9,139.8,43.2,31.2,8.28,93.6,37.6,Very Poor,Very Poor,Severe,Very Poor,Very Poor,Very Poor
370.5,168.9,115.9,14.9,145.8,24.0,3.64,74.5,171.2,Poor,Very Poor,Poor,Poor,Poor,Poor
112.6,200.6,196.1,62.5,102.4,11.3,7.59,53.2,172.4,Poor,Very Poor,Poor,Poor,Poor,Poor
222.1,57.8,20.7,58.0,115.2,20.5,1.07,4.3,128.1,Very Poor,Very Poor,Satisfactory,Very Poor,Very Poor,Very Poor
444.2,411.7,190.4,56.4,25.4,39.6,7.3,64.2,193.5,Very Poor,Very Poor,Poor,Very Poor,Very Poor,Very Poor
27.4,554.4,21.2,101.0,226.0,14.1,3.65,17.7,88.5,Moderate,Very Poor,Very Poor,Moderate,Moderate,Moderate
33.3,267.3,50.0,119.5,9.3,19.9,1.81,6.0,5.7,Poor,Very Poor,Very Poor,Poor,Poor,Poor
50.3,27.3,65.4,40.5,170.7,0.8,2.81,71.2,153.8,Moderate,Very Poor,Poor,Moderate,Moderate,Moderate
159.8,383.9,53.6,147.1,90.6,34.8,8.64,81.7,131.7,Very Poor,Very Poor,Very Poor,Very Poor,Very Poor,Very Poor
404.5,162.3,12.1,11.3,17.9,9.2,4.9,2.6,82.7,Moderate,Very Poor,Moderate,Moderate,Moderate,Moderate
57.1,481.9,76.6,2.3,221.9,11.6,9.38,84.8,181.4,Severe,Very Poor,Poor,Severe,Severe,Severe
371.2,572.3,194.0,142.5,189.6,49.8,9.58,37.6,129.1,Moderate,Very Poor,Severe,Moderate,Moderate,Moderate
326.9,21.5,60.5,50.7,26.5,21.3,9.39,86.3,103.8,Severe,Very Poor,Moderate,Severe,Severe,Severe
496.2,183.6,130.7,73.0,244.4,15.1,1.75,50.9,77.2,Moderate,Very Poor,Satisfactory,Moderate,Moderate,Moderate
211.8,240.9,127.8,119.1,246.1,18.7,8.84,7.4,167.8,Very Poor,Very Poor,Poor,Very Poor,Very Poor,Very Poor
59.2,529.6,140.2,83.1,128.6,41.0,2.16,99.4,23.9,Moderate,Very Poor,Very Poor,Moderate,Moderate,Moderate
334.2,286.2,108.7,139.7,54.2,32.4,2.99,14.9,76.3,Severe,Very Poor,Moderate,Severe,Severe,Severe
83.6,309.6,192.5,32.8,126.2,21.1,4.99,25.5,45.7,Poor,Very Poor,Very Poor,Poor,Poor,Poor
171.0,548.9,66.3,99.3,102.8,29.8,1.41,25.7,49.9,Very Poor,Very Poor,Severe,Very Poor,Very Poor,Very Poor
22.5,395.8,27.7,28.0,161.2,15.1,1.11,23.5,113.6,Very Poor,Very Poor,Satisfactory,Severe,Very Poor,Very Poor
432.4,346.2,55.6,96.4,153.9,10.6,5.21,25.6,149.5,Poor,Very Poor,Severe,Poor,Poor,Poor
26.4,103.7,179.0,4.2,227.2,31.8,1.54,43.6,55.0,Moderate,Very Poor,Good,Very Poor,Moderate,Moderate
315.6,581.4,101.0,16.5,122.2,13.5,9.84,31.6,118.5,Severe,Very Poor,Severe,Severe,Severe,Severe
379.8,239.0,184.0,28.5,90.5,44.0,7.99,59.7,91.0,Moderate,Very Poor,Moderate,Moderate,Moderate,Moderate
417.7,174.8,2.6,83.7,215.2,8.7,5.12,38.7,86.7,Moderate,Very Poor,Moderate,Moderate,Moderate,Moderate
174.6,179.3,143.0,48.0,228.3,28.7,5.04,86.5,78.7,Very Poor,Very Poor,Moderate,Very Poor,Very Poor,Very Poor
211.1,486.0,109.5,84.1,43.9,10.9,3.91,51.9,8.3,Severe,Very Poor,Severe,Severe,Severe,Severe
226.3,101.5,111.8,12.6,132.6,22.5,0.36,46.7,5.6,Very Poor,Very Poor,Good,Very Poor,Very Poor,Very Poor
415.2,251.7,192.5,76.2,178.7,34.3,8.96,94.7,33.8,Poor,Very Poor,Moderate,Poor,Poor,Poor
382.0,224.5,138.3,107.6,72.9,44.0,7.03,90.9,109.5,Moderate,Very Poor,Moderate,Moderate,Moderate,Moderate
242.4,458.8,163.4,108.5,128.0,14.8,9.82,66.5,179.1,Severe,Very Poor,Poor,Severe,Severe,Severe
339.9,477.6,91.9,9.1,140.9,24.0,0.0,88.4,104.3,Severe,Very Poor,Satisfactory,Severe,Severe,Severe
381.8,141.5,111.1,92.3,203.8,38.8,3.62,34.6,53.2,Moderate,Very Poor,Moderate,Moderate,Moderate,Moderate
152.3,307.8,57.4,137.3,53.5,37.8,7.91,83.4,11.5,Very Poor,Very Poor,Moderate,Very Poor,Very Poor,Very Poor
323.2,460.7,66.2,93.2,231.3,13.0,2.13,42.3,37.6,Severe,Very Poor,Satisfactory,Severe,Severe,Severe
246.2,7.0,34.3,60.9,44.6,25.6,1.37,88.3,162.8,Very Poor,Very Poor,Poor,Very Poor,Very Poor,Very Poor
317.2,589.6,198.2,120.9,238.1,12.8,5.96,22.3,42.9,Severe,Very Poor,Severe,Severe,Severe,Severe
491.6,534.4,89.5,6.6,73.1,8.2,1.73,48.2,65.5,Satisfactory,Very Poor,Satisfactory,Satisfactory,Satisfactory,Moderate
261.3,97.8,152.7,104.0,140.5,7.4,6.98,12.3,120.6,Severe,Very Poor,Moderate,Severe,Severe,Severe
212.9,582.7,95.6,135.7,186.1,48.4,7.43,67.7,106.8,Very Poor,Very Poor,Severe,Very Poor,Very Poor,Very Poor
420.7,306.8,2.2,127.5,237.4,44.2,8.97,25.1,130.1,Poor,Very Poor,Severe,Poor,Poor,Poor
440.7,391.6,131.2,112.6,192.6,39.4,2.16,46.4,197.3,Very Poor,Very Poor,Poor,Very Poor,Very Poor,Very Poor
310.2,123.8,75.9,8.0,82.4,14.1,3.53,61.9,33.6,Severe,Very Poor,Satisfactory,Severe,Severe,Moderate
83.2,560.2,89.6,145.4,60.9,8.6,0.29,18.4,155.8,Moderate,Very Poor,Very Poor,Moderate,Moderate,Poor
358.8,346.4,53.9,77.5,220.5,12.8,2.89,97.8,129.2,Poor,Very Poor,Severe,Poor,Poor,Poor
430.8,581.1,116.5,3.2,186.4,34.9,4.27,57.1,173.7,Poor,Very Poor,Severe,Poor,Poor,Poor
202.1,76.4,73.3,28.3,243.5,37.4,4.3,77.5,74.7,Very Poor,Very Poor,Moderate,Very Poor,Very Poor,Very Poor
97.8,44.3,86.3,21.9,77.1,12.4,7.13,91.5,148.8,Poor,Very Poor,Poor,Poor,Poor,Moderate
446.2,399.5,38.2,71.3,190.0,14.7,0.27,96.1,185.0,Very Poor,Very Poor,Poor,Poor,Very Poor,Poor
477.9,517.2,83.9,60.0,222.7,34.8,9.05,87.8,71.0,Moderate,Very Poor,Severe,Moderate,Moderate,Moderate
139.6,67.4,160.5,51.7,132.1,35.9,6.46,39.1,21.6,Very Poor,Very Poor,Moderate,Very Poor,Very Poor,Very Poor
50.2,175.3,50.1,26.1,162.6,14.2,4.44,87.7,131.8,Moderate,Very Poor,Poor,Moderate,Moderate,Moderate
431.2,110.3,111.8,144.3,75.3,27.2,8.93,14.7,121.0,Moderate,Very Poor,Moderate,Moderate,Moderate,Moderate
68.8,256.2,141.8,19.6,204.5,12.9,6.02,59.2,171.1,Poor,Very Poor,Poor,Poor,Poor,Poor
462.5,5.5,178.9,104.8,94.1,12.8,0.38,49.6,17.8,Moderate,Very Poor,Satisfactory,Moderate,Moderate,Moderate
281.2,207.8,192.7,37.8,11.6,4.0,7.48,60.3,48.0,Severe,Very Poor,Moderate,Severe,Severe,Severe
61.9,538.7,23.1,110.8,23.9,14.3,3.6,86.2,56.6,Moderate,Very Poor,Very Poor,Moderate,Moderate,Moderate
475.7,391.3,107.2,89.3,83.2,38.6,6.35,44.8,86.8,Very Poor,Very Poor,Severe,Very Poor,Very Poor,Very Poor
62.3,275.4,76.7,17.3,51.5,40.8,4.91,9.4,174.5,Poor,Very Poor,Poor,Poor,Poor,Poor
311.9,590.9,150.0,142.8,182.7,33.5,5.81,49.8,170.0,Severe,Very Poor,Severe,Severe,Severe,Severe
54.6,59.1,48.3,48.6,194.3,10.9,5.23,56.0,113.8,Moderate,Very Poor,Very Poor,Moderate,Moderate,Moderate
416.8,324.0,98.4,69.2,156.6,4.9,7.23,78.9,195.1,Poor,Very Poor,Poor,Poor,Poor,Poor
159.3,42.2,111.3,87.4,221.2,2.2,5.06,36.0,182.9,Very Poor,Very Poor,Poor,Very Poor,Very Poor,Very Poor
266.9,228.6,9.9,127.1,219.5,9.2,9.76,28.4,191.7,Severe,Very Poor,Poor,Severe,Severe,Severe
269.2,313.6,97.5,100.6,193.2,12.7,7.6,14.8,60.3,Severe,Very Poor,Moderate,Severe,Severe,Severe
400.6,320.9,120.8,37.0,71.6,5.9,2.19,21.8,24.7,Poor,Very Poor,Satisfactory,Poor,Poor,Poor
61.7,544.7,102.0,85.8,178.3,46.7,7.77,24.0,34.1,Moderate,Very Poor,Very Poor,Moderate,Moderate,Moderate
96.6,1.9,118.5,120.8,81.8,26.4,2.84,61.7,191.9,Poor,Very Poor,Poor,Poor,Poor,Poor
168.2,328.7,78.4,81.3,45.6,3.6,2.64,42.1,72.4,Very Poor,Very Poor,Very Poor,Very Poor,Very Poor,Very Poor
391.6,478.1,164.4,49.5,153.5,43.8,5.82,28.4,109.8,Severe,Very Poor,Severe,Severe,Severe,Severe
279.5,60.6,148.4,77.3,23.5,21.3,3.25,29.8,71.1,Severe,Very Poor,Moderate,Severe,Severe,Severe
298.6,250.9,155.2,55.0,16.7,45.0,9.13,61.3,185.9,Severe,Very Poor,Poor,Severe,Severe,Severe
383.1,111.6,34.2,140.1,247.1,24.3,4.13,41.2,91.1,Moderate,Very Poor,Moderate,Moderate,Moderate,Moderate
54.4,394.3,2.2,130.8,74.6,8.5,8.41,63.7,98.6,Very Poor,Very Poor,Very Poor,Very Poor,Very Poor,Very Poor
101.6,379.1,47.0,37.1,146.8,49.5,6.16,74.8,78.4,Very Poor,Very Poor,Very Poor,Very Poor,Very Poor,Very Poor
127.7,272.1,84.4,112.5,116.3,10.0,3.12,89.6,181.9,Very Poor,Very Poor,Poor,Very Poor,Very Poor,Very Poor
159.0,324.9,116.5,81.5,109.2,37.0,3.93,33.5,161.2,Very Poor,Very Poor,Poor,Very Poor,Very Poor,Very Poor
17.6,401.7,54.6,133.6,52.6,15.8,7.6,25.9,110.1,Very Poor,Very Poor,Very Poor,Very Poor,Very Poor,Very Poor
127.7,409.8,98.0,40.6,4.9,16.2,1.8,97.4,75.2,Very Poor,Very Poor,Very Poor,Very Poor,Very Poor,Very Poor
133.5,222.1,98.4,148.1,90.5,21.8,5.14,50.8,108.2,Very Poor,Very Poor,Very Poor,Very Poor,Very Poor,Very Poor
215.1,188.2,103.9,96.2,112.6,18.1,3.45,54.4,3.4,Very Poor,Very Poor,Moderate,Very Poor,Very Poor,Very Poor
182.3,366.4,63.3,24.2,111.0,42.8,4.95,77.4,128.4,Very Poor,Very Poor,Poor,Very Poor,Very Poor,Very Poor
77.8,270.7,110.0,66.6,194.6,36.5,2.06,73.2,159.6,Poor,Very Poor,Poor,Poor,Poor,Poor
488.0,587.1,146.4,96.5,117.7,2.4,3.83,28.1,187.1,Poor,Very Poor,Severe,Poor,Poor,Poor
181.2,416.9,76.0,146.2,130.9,35.1,4.36,53.3,177.6,Very Poor,Very Poor,Poor,Very Poor,Very Poor,Very Poor
476.9,285.2,53.1,41.6,100.5,6.0,4.16,57.0,86.3,Poor,Very Poor,Moderate,Poor,Poor,Poor
206.8,556.0,26.6,51.3,21.2,18.9,2.84,53.4,59.1,Very Poor,Very Poor,Severe,Very Poor,Very Poor,Very Poor
58.7,225.1,85.9,60.8,59.7,4.9,9.75,89.0,128.3,Moderate,Very Poor,Very Poor,Moderate,Moderate,Moderate
34.4,98.3,43.8,40.7,211.1,30.6,7.24,92.7,152.3,Moderate,Very Poor,Poor,Moderate,Moderate,Moderate
54.3,438.4,195.6,68.2,107.1,46.4,0.4,9.3,47.8,Severe,Very Poor,Satisfactory,Satisfactory,Severe,Poor
345.7,480.3,157.1,95.2,59.2,36.1,2.24,99.1,51.6,Severe,Very Poor,Severe,Severe,Severe,Severe
282.5,260.0,106.1,66.7,53.0,41.3,3.52,31.0,159.7,Severe,Very Poor,Poor,Severe,Severe,Severe
259.7,291.0,48.3,23.6,120.6,42.0,4.15,97.3,169.0,Severe,Very Poor,Poor,Severe,Severe,Very Poor
61.1,428.0,49.6,48.7,13.0,0.1,1.93,62.0,50.8,Very Poor,Very Poor,Satisfactory,Moderate,Very Poor,Very Poor
403.1,520.7,166.1,48.3,201.2,48.6,2.66,54.5,45.5,Moderate,Very Poor,Severe,Moderate,Moderate,Moderate
72.6,488.3,25.8,88.4,39.7,27.3,8.27,98.9,27.5,Severe,Very Poor,Very Poor,Severe,Severe,Severe
131.4,498.0,84.6,140.8,214.1,36.6,7.39,38.2,191.4,Severe,Very Poor,Poor,Severe,Severe,Severe
99.8,95.8,72.7,30.0,107.2,46.0,0.33,38.8,84.4,Poor,Very Poor,Satisfactory,Poor,Poor,Poor
53.8,228.5,30.4,66.9,144.9,31.5,9.78,39.7,186.7,Poor,Very Poor,Poor,Poor,Poor,Poor
405.6,479.1,10.6,125.2,215.5,47.4,3.85,48.2,161.3,Severe,Very Poor,Severe,Severe,Severe,Severe
485.5,128.0,37.5,103.7,79.1,10.8,1.14,6.5,133.6,Moderate,Very Poor,Moderate,Satisfactory,Moderate,Moderate
236.0,365.1,149.2,94.2,189.1,3.1,9.37,54.2,5.2,Very Poor,Very Poor,Moderate,Very Poor,Very Poor,Very Poor
233.4,577.7,14.0,137.3,233.7,20.5,9.75,38.2,195.9,Very Poor,Very Poor,Severe,Very Poor,Very Poor,Very Poor
329.8,297.1,57.0,83.9,115.6,18.0,2.89,19.2,195.6,Severe,Very Poor,Poor,Severe,Severe,Severe
385.7,439.2,172.5,77.4,128.0,12.0,9.63,61.3,16.7,Severe,Very Poor,Severe,Severe,Severe,Severe
152.0,512.9,181.3,136.2,111.0,9.7,3.32,48.4,193.6,Very Poor,Very Poor,Poor,Very Poor,Very Poor,Very Poor
397.5,395.4,0.3,72.1,41.0,42.7,6.57,24.9,82.5,Very Poor,Very Poor,Severe,Very Poor,Very Poor,Very Poor
344.2,160.4,125.4,51.2,110.6,7.7,8.57,37.7,93.7,Severe,Very Poor,Moderate,Severe,Severe,Severe
443.2,410.6,98.4,120.8,33.5,1.8,1.24,13.2,107.0,Very Poor,Very Poor,Severe,Very Poor,Very Poor,Very Poor
399.8,181.7,97.1,11.0,105.7,2.0,7.73,92.4,22.6,Moderate,Very Poor,Moderate,Moderate,Moderate,Severe
398.8,410.2,194.0,32.4,69.5,41.9,4.41,44.2,170.5,Very Poor,Very Poor,Poor,Very Poor,Very Poor,Very Poor
285.9,364.1,188.5,114.6,49.6,15.6,5.34,94.7,184.3,Severe,Very Poor,Poor,Severe,Severe,Severe
411.2,312.3,22.4,82.6,247.5,40.5,8.92,40.8,151.2,Poor,Very Poor,Severe,Poor,Poor,Poor
233.2,534.6,159.1,75.7,54.7,2.6,5.89,25.6,80.6,Very Poor,Very Poor,Severe,Very Poor,Very Poor,Very Poor
191.4,53.2,79.7,135.9,245.5,38.8,6.54,31.1,157.8,Very Poor,Very Poor,Poor,Very Poor,Very Poor,Very Poor
432.6,546.9,163.7,11.7,206.5,15.4,6.56,51.4,43.5,Moderate,Very Poor,Severe,Moderate,Moderate,Severe
395.5,574.6,153.1,77.7,89.5,39.8,2.98,53.1,6.1,Moderate,Very Poor,Severe,Moderate,Moderate,Moderate
297.4,517.1,6.8,48.9,25.8,39.8,0.97,63.1,71.4,Severe,Very Poor,Satisfactory,Severe,Severe,Very Poor
167.8,161.6,41.2,137.1,138.6,11.3,6.57,84.2,120.5,Very Poor,Very Poor,Poor,Very Poor,Very Poor,Very Poor
43.4,329.5,42.5,39.0,104.8,21.4,5.7,67.4,143.2,Poor,Very Poor,Very Poor,Poor,Poor,Poor
258.0,458.8,56.1,39.7,214.2,49.5,1.75,25.8,74.6,Severe,Very Poor,Satisfactory,Severe,Severe,Severe
361.1,526.4,86.5,93.3,236.6,27.6,5.38,74.8,193.7,Poor,Very Poor,Severe,Poor,Poor,Poor
328.6,42.9,140.2,101.1,60.7,40.9,8.03,79.3,18.5,Severe,Very Poor,Moderate,Severe,Severe,Severe
294.3,192.6,76.1,88.3,135.5,12.8,3.98,87.7,90.2,Severe,Very Poor,Moderate,Severe,Severe,Severe
27.2,32.7,88.5,98.6,101.9,33.1,2.01,55.7,170.8,Poor,Very Poor,Poor,Poor,Poor,Poor
200.7,395.2,118.8,116.9,204.5,48.6,1.55,12.4,155.5,Very Poor,Very Poor,Poor,Very Poor,Very Poor,Very Poor
473.1,291.2,24.4,86.1,124.6,21.3,9.61,44.1,94.0,Poor,Very Poor,Moderate,Poor,Poor,Poor
377.4,271.3,152.1,85.7,47.1,41.3,6.56,100.0,89.1,Poor,Very Poor,Moderate,Poor,Poor,Poor
442.5,553.2,168.2,139.4,16.3,16.4,3.29,98.2,198.7,Poor,Very Poor,Severe,Poor,Poor,Poor
446.7,50.2,59.9,20.5,186.6,3.1,8.58,77.2,132.5,Moderate,Very Poor,Moderate,Moderate,Moderate,Severe
97.7,330.1,6.9,32.9,155.9,23.2,4.28,18.7,24.3,Poor,Very Poor,Very Poor,Poor,Poor,Poor
31.1,294.6,21.5,116.6,226.5,37.3,9.97,60.3,181.7,Poor,Very Poor,Poor,Poor,Poor,Poor
123.8,37.8,31.3,0.9,208.8,28.2,4.27,34.7,131.1,Very Poor,Very Poor,Poor,Very Poor,Very Poor,Satisfactory
447.0,324.9,82.9,56.1,196.5,49.3,7.14,6.2,157.6,Poor,Very Poor,Poor,Poor,Poor,Poor
26.1,64.6,76.0,24.1,184.2,48.6,2.51,89.8,116.9,Moderate,Very Poor,Poor,Moderate,Moderate,Moderate
304.4,160.5,90.3,16.4,63.2,48.6,3.37,71.0,20.2,Severe,Very Poor,Satisfactory,Severe,Severe,Severe
317.3,85.4,182.9,137.7,189.1,47.9,4.06,58.8,68.9,Severe,Very Poor,Moderate,Severe,Severe,Severe
21.1,441.9,140.2,28.4,179.8,34.6,5.81,4.1,119.6,Severe,Very Poor,Very Poor,Severe,Severe,Severe
98.1,136.3,76.9,19.9,123.0,36.6,10.0,32.3,58.3,Poor,Very Poor,Moderate,Poor,Poor,Poor
184.1,453.3,156.2,142.5,81.3,42.2,1.96,43.9,76.4,Severe,Very Poor,Severe,Very Poor,Severe,Severe
23.4,514.2,148.0,141.5,46.8,39.3,7.51,9.7,141.8,Moderate,Very Poor,Very Poor,Moderate,Moderate,Moderate
448.8,498.0,126.8,42.1,161.9,36.7,5.83,26.7,151.2,Severe,Very Poor,Severe,Severe,Severe,Severe
98.3,497.5,75.7,88.5,208.9,29.1,7.67,5.2,109.9,Severe,Very Poor,Very Poor,Severe,Severe,Severe
172.7,538.0,113.2,139.4,57.6,1.9,3.43,61.8,150.1,Very Poor,Very Poor,Severe,Very Poor,Very Poor,Very Poor
79.1,59.5,52.3,44.1,76.4,32.9,3.27,77.6,83.2,Moderate,Very Poor,Very Poor,Moderate,Moderate,Moderate
327.6,554.8,34.3,105.9,127.5,6.7,4.04,50.4,165.2,Severe,Very Poor,Severe,Severe,Severe,Severe
154.9,299.2,135.8,104.4,155.2,31.3,5.39,65.4,123.2,Very Poor,Very Poor,Very Poor,Very Poor,Very Poor,Very Poor
338.5,331.9,34.3,14.1,196.7,36.0,7.45,53.6,50.6,Severe,Very Poor,Moderate,Severe,Severe,Severe
382.8,480.7,68.9,75.7,209.8,39.1,2.49,35.5,53.6,Severe,Very Poor,Severe,Severe,Severe,Severe
117.4,221.0,10.4,112.5,79.7,27.4,5.65,61.5,174.4,Poor,Very Poor,Poor,Poor,Poor,Poor
252.3,371.2,24.7,12.6,130.6,23.5,7.03,19.7,105.9,Severe,Very Poor,Severe,Severe,Severe,Severe
25.1,334.7,45.9,112.4,141.7,5.0,4.59,26.7,161.5,Poor,Very Poor,Poor,Poor,Poor,Poor
21.9,338.1,178.9,52.5,177.6,49.3,1.41,43.4,43.8,Poor,Very Poor,Very Poor,Satisfactory,Poor,Poor
127.0,324.9,125.1,128.9,143.8,39.8,2.39,21.2,58.9,Very Poor,Very Poor,Very Poor,Very Poor,Very Poor,Very Poor
68.9,250.7,166.9,0.7,49.7,33.2,3.94,98.3,50.5,Moderate,Very Poor,Very Poor,Moderate,Moderate,Moderate
491.0,300.0,119.9,128.2,178.8,31.0,0.26,27.3,28.7,Poor,Very Poor,Satisfactory,Poor,Poor,Severe
442.7,208.5,49.3,35.1,206.4,22.4,6.85,66.9,0.4,Moderate,Very Poor,Moderate,Moderate,Moderate,Moderate
485.1,511.9,137.4,13.5,184.4,14.2,1.77,13.9,103.7,Moderate,Very Poor,Satisfactory,Satisfactory,Moderate,Severe
298.0,544.4,65.5,19.6,29.9,9.5,6.69,33.2,175.8,Severe,Very Poor,Severe,Severe,Severe,Severe
347.6,53.8,147.7,18.5,221.4,47.7,3.24,53.5,101.1,Severe,Very Poor,Moderate,Severe,Severe,Severe
90.8,185.4,143.2,46.8,229.7,39.8,4.19,22.3,185.4,Poor,Very Poor,Poor,Poor,Poor,Poor
428.4,19.2,10.3,75.1,194.5,26.1,2.48,91.8,36.9,Moderate,Very Poor,Moderate,Moderate,Moderate,Moderate
121.6,480.6,193.0,137.8,216.7,43.7,1.95,61.9,135.9,Severe,Very Poor,Very Poor,Very Poor,Severe,Severe
475.2,400.5,31.8,150.0,11.5,33.8,6.7,15.1,192.9,Very Poor,Very Poor,Severe,Very Poor,Very Poor,Very Poor
354.2,230.6,80.5,58.1,93.0,16.2,3.45,83.8,122.6,Moderate,Very Poor,Poor,Moderate,Moderate,Moderate
453.5,355.9,143.4,36.0,247.6,49.5,4.19,40.0,115.9,Very Poor,Very Poor,Severe,Very Poor,Very Poor,Very Poor
454.8,541.8,13.7,85.9,121.7,4.4,8.61,8.3,68.5,Moderate,Very Poor,Severe,Moderate,Moderate,Moderate
472.6,96.4,136.4,136.2,25.5,40.0,5.81,10.2,117.4,Moderate,Very Poor,Moderate,Moderate,Moderate,Moderate
78.9,143.5,10.4,57.1,22.0,29.6,6.3,49.0,73.7,Moderate,Very Poor,Very Poor,Moderate,Moderate,Moderate
424.6,320.6,80.3,138.0,147.3,40.3,2.76,28.1,113.5,Poor,Very Poor,Severe,Poor,Poor,Poor
27.0,98.4,169.6,39.1,117.4,28.2,8.02,46.5,169.1,Poor,Very Poor,Poor,Poor,Poor,Poor
433.9,363.3,191.1,132.3,228.4,19.4,3.86,12.2,25.8,Very Poor,Very Poor,Moderate,Very Poor,Very Poor,Very Poor
95.9,9.9,177.5,78.0,196.3,48.8,2.32,40.6,79.4,Poor,Very Poor,Very Poor,Poor,Poor,Poor
489.7,279.1,182.7,7.7,37.4,46.3,9.52,70.5,75.9,Poor,Very Poor,Moderate,Poor,Poor,Moderate
62.9,554.0,102.2,123.5,211.6,10.7,3.47,81.7,156.6,Moderate,Very Poor,Very Poor,Moderate,Moderate,Moderate
404.7,523.1,191.3,81.3,103.3,29.6,4.73,76.0,34.6,Moderate,Very Poor,Severe,Moderate,Moderate,Moderate
23.5,322.5,175.5,14.2,148.1,5.9,7.06,24.6,117.1,Poor,Very Poor,Very Poor,Poor,Poor,Moderate
407.5,45.2,108.1,147.1,206.5,17.5,4.1,79.0,62.4,Moderate,Very Poor,Moderate,Moderate,Moderate,Moderate
276.0,453.5,111.6,6.3,80.4,14.1,0.69,14.9,170.0,Severe,Very Poor,Satisfactory,Severe,Severe,Poor
225.7,24.1,147.5,0.4,206.3,9.8,1.89,8.6,120.2,Very Poor,Very Poor,Good,Very Poor,Very Poor,Very Poor
433.7,144.0,157.2,11.5,180.6,29.5,9.01,57.8,180.8,Poor,Very Poor,Poor,Poor,Poor,Poor
137.3,280.7,97.6,28.9,66.5,11.5,3.51,53.0,138.0,Very Poor,Very Poor,Poor,Very Poor,Very Poor,Very Poor
481.6,255.5,128.9,33.6,77.4,12.3,7.39,34.2,183.9,Poor,Very Poor,Poor,Poor,Poor,Poor
233.1,550.8,29.6,34.9,219.5,9.5,2.01,5.4,150.8,Very Poor,Very Poor,Severe,Very Poor,Very Poor,Very Poor
48.0,297.6,46.0,144.0,218.4,10.9,1.91,58.0,56.9,Poor,Very Poor,Very Poor,Poor,Poor,Poor
372.6,408.3,64.4,108.0,11.0,3.6,1.0,58.4,47.6,Very Poor,Very Poor,Satisfactory,Severe,Very Poor,Very Poor
251.6,231.4,78.4,142.7,138.5,35.1,0.95,72.8,68.5,Severe,Very Poor,Moderate,Very Poor,Severe,Very Poor
33.3,575.2,138.7,146.3,7.5,22.5,3.77,45.6,2.1,Moderate,Very Poor,Very Poor,Moderate,Moderate,Moderate
419.9,529.7,120.4,115.5,30.0,19.8,7.33,97.2,141.2,Moderate,Very Poor,Severe,Moderate,Moderate,Moderate
57.1,334.7,3.1,88.7,63.5,10.4,7.81,6.8,34.7,Poor,Very Poor,Very Poor,Poor,Poor,Poor
148.2,233.0,167.4,70.1,145.2,44.7,2.2,77.6,46.2,Very Poor,Very Poor,Very Poor,Very Poor,Very Poor,Very Poor
489.8,217.6,54.4,67.6,180.3,15.6,7.47,17.5,166.0,Moderate,Very Poor,Poor,Moderate,Moderate,Moderate
112.6,269.0,64.0,66.2,26.8,25.1,5.5,76.9,142.6,Poor,Very Poor,Poor,Poor,Poor,Poor
78.4,459.0,144.0,59.6,127.4,9.5,8.07,98.8,176.6,Severe,Very Poor,Poor,Severe,Severe,Severe
236.1,266.2,165.9,15.1,13.2,3.4,3.62,26.8,62.3,Very Poor,Very Poor,Moderate,Very Poor,Very Poor,Very Poor
296.6,439.7,187.3,68.9,164.5,25.6,0.85,85.8,142.7,Severe,Very Poor,Severe,Severe,Severe,Very Poor
23.8,436.9,190.1,88.6,221.6,1.1,0.46,71.2,144.9,Severe,Very Poor,Very Poor,Moderate,Severe,Very Poor
7.7,565.5,163.5,149.1,82.2,24.5,6.35,42.5,121.2,Moderate,Very Poor,Very Poor,Moderate,Moderate,Moderate
9.7,207.0,17.1,55.4,82.0,37.9,4.58,90.4,31.3,Moderate,Very Poor,Very Poor,Moderate,Moderate,Moderate
441.6,352.5,77.5,16.9,131.9,24.1,5.48,39.3,121.5,Very Poor,Very Poor,Severe,Very Poor,Very Poor,Very Poor
127.9,478.4,117.8,7.1,120.7,41.1,7.49,51.4,110.3,Severe,Very Poor,Very Poor,Severe,Severe,Severe
408.7,98.9,54.7,105.2,100.8,25.4,5.64,42.3,17.2,Moderate,Very Poor,Moderate,Moderate,Moderate,Moderate
315.3,408.0,173.9,6.9,110.5,24.0,2.23,67.7,161.4,Severe,Very Poor,Poor,Severe,Severe,Severe
435.0,213.3,51.4,79.6,242.0,44.4,4.51,31.2,80.7,Moderate,Very Poor,Moderate,Moderate,Moderate,Moderate
457.2,63.4,163.4,145.6,9.8,45.9,5.77,58.9,77.7,Moderate,Very Poor,Moderate,Moderate,Moderate,Moderate
276.7,328.4,40.1,123.0,156.9,19.7,6.71,83.0,39.2,Severe,Very Poor,Moderate,Severe,Severe,Severe
497.3,411.5,152.3,145.3,151.8,14.8,1.2,20.3,22.3,Very Poor,Very Poor,Satisfactory,Very Poor,Very Poor,Very Poor
7.5,428.5,38.1,75.7,164.1,12.1,5.36,78.4,38.2,Very Poor,Very Poor,Very Poor,Very Poor,Very Poor,Very Poor
420.8,354.8,81.6,105.8,95.3,25.3,0.43,94.8,106.5,Very Poor,Very Poor,Severe,Very Poor,Very Poor,Very Poor
172.9,338.7,81.8,11.0,99.0,13.2,7.12,22.4,194.7,Very Poor,Very Poor,Poor,Very Poor,Very Poor,Very Poor
310.9,135.3,8.7,137.2,218.3,37.7,9.45,30.4,76.0,Severe,Very Poor,Moderate,Severe,Severe,Severe
390.3,410.7,179.8,130.6,165.1,22.6,3.86,59.1,182.0,Very Poor,Very Poor,Poor,Very Poor,Very Poor,Very Poor
252.9,398.6,105.6,118.0,164.8,19.1,8.26,89.0,51.2,Severe,Very Poor,Severe,Severe,Severe,Severe
110.9,452.3,162.9,16.5,213.1,35.2,2.35,33.3,65.5,Severe,Very Poor,Satisfactory,Severe,Severe,Poor
329.5,188.2,44.1,50.5,88.6,23.8,5.92,60.5,129.7,Severe,Very Poor,Poor,Severe,Severe,Severe
270.3,145.8,43.9,99.6,65.2,1.5,9.54,48.0,199.4,Severe,Very Poor,Poor,Severe,Severe,Severe
241.5,203.4,100.5,16.8,180.2,36.4,8.73,45.4,25.6,Very Poor,Very Poor,Moderate,Very Poor,Very Poor,Very Poor
437.8,225.9,26.1,99.3,10.0,0.2,3.13,56.9,176.6,Poor,Very Poor,Poor,Poor,Poor,Poor
326.4,286.3,70.2,77.8,138.0,1.9,7.96,26.1,199.7,Severe,Very Poor,Poor,Severe,Severe,Severe
359.3,224.3,48.5,111.4,81.6,36.2,9.08,72.7,144.5,Moderate,Very Poor,Poor,Moderate,Moderate,Moderate
70.5,312.7,195.0,42.0,122.5,31.5,7.22,83.8,108.0,Poor,Very Poor,Very Poor,Poor,Poor,Poor
72.5,62.7,50.2,45.5,55.4,4.9,0.93,72.0,47.4,Moderate,Very Poor,Satisfactory,Moderate,Moderate,Moderate
172.1,294.7,118.4,117.2,14.9,35.7,1.28,50.3,181.8,Very Poor,Very Poor,Poor,Very Poor,Very Poor,Severe
366.5,533.7,81.1,123.6,192.0,41.1,2.83,23.7,68.6,Moderate,Very Poor,Severe,Moderate,Moderate,Moderate
232.2,531.4,74.3,111.5,18.7,46.2,4.53,57.5,160.3,Very Poor,Very Poor,Severe,Very Poor,Very Poor,Very Poor
70.6,101.2,98.5,80.5,139.6,15.5,4.48,45.3,63.9,Moderate,Very Poor,Very Poor,Moderate,Moderate,Moderate
324.7,48.7,145.8,65.1,47.5,7.1,9.41,21.1,195.7,Severe,Very Poor,Poor,Severe,Severe,Severe
47.8,330.9,78.6,4.8,167.9,38.3,3.69,89.6,121.9,Poor,Very Poor,Very Poor,Poor,Poor,Poor
377.5,446.0,156.8,42.2,122.4,48.4,3.89,15.9,74.8,Severe,Very Poor,Severe,Severe,Severe,Severe
30.1,158.1,69.8,82.5,235.0,34.0,2.94,21.1,188.4,Poor,Very Poor,Poor,Poor,Poor,Poor
448.6,166.1,155.1,3.0,190.2,41.1,8.78,27.1,181.4,Poor,Very Poor,Poor,Poor,Poor,Poor
393.9,570.5,181.1,63.2,15.6,41.6,8.03,14.0,12.8,Moderate,Very Poor,Severe,Moderate,Moderate,Moderate
485.3,162.6,55.5,65.5,153.6,47.0,0.88,57.9,17.3,Moderate,Very Poor,Satisfactory,Moderate,Moderate,Very Poor
101.7,187.3,75.7,84.1,187.6,35.3,1.37,22.4,157.7,Poor,Very Poor,Poor,Poor,Poor,Poor
492.0,220.2,185.6,130.5,39.3,41.0,9.01,58.5,199.3,Poor,Very Poor,Poor,Poor,Poor,Poor
217.7,531.3,14.9,102.9,84.3,27.2,1.55,46.1,121.6,Very Poor,Very Poor,Severe,Very Poor,Very Poor,Very Poor
474.6,218.0,90.6,108.3,243.7,20.7,3.42,57.4,85.2,Moderate,Very Poor,Moderate,Moderate,Moderate,Moderate
426.6,152.9,153.2,102.3,32.8,38.3,7.03,48.5,133.9,Moderate,Very Poor,Moderate,Moderate,Moderate,Moderate
433.0,387.5,165.7,14.6,236.2,39.0,1.56,26.5,83.9,Very Poor,Very Poor,Satisfactory,Very Poor,Very Poor,Very Poor
288.0,55.1,149.7,60.8,112.9,12.1,7.32,58.4,165.3,Severe,Very Poor,Poor,Severe,Severe,Severe
40.0,552.7,120.4,99.7,245.5,15.0,2.74,68.3,59.0,Moderate,Very Poor,Very Poor,Moderate,Moderate,Moderate
73.7,514.6,154.6,80.9,83.2,46.7,7.44,28.2,32.7,Moderate,Very Poor,Very Poor,Moderate,Moderate,Moderate
236.5,150.0,4.6,70.9,207.5,7.3,5.98,30.5,144.7,Very Poor,Very Poor,Poor,Very Poor,Very Poor,Very Poor
286.4,213.4,117.9,16.9,240.0,41.5,4.74,11.5,84.2,Severe,Very Poor,Moderate,Severe,Severe,Severe
138.6,35.2,20.1,20.5,93.6,35.8,3.59,31.5,120.6,Very Poor,Very Poor,Poor,Very Poor,Very Poor,Severe
265.9,298.9,45.8,144.5,3.1,10.3,7.93,35.7,151.5,Severe,Very Poor,Poor,Severe,Severe,Severe
9.0,336.0,189.6,104.2,244.9,23.3,9.04,89.7,22.6,Poor,Very Poor,Very Poor,Poor,Poor,Poor
13.4,289.3,43.9,53.6,216.9,21.5,5.19,70.2,117.9,Poor,Very Poor,Very Poor,Poor,Poor,Poor
463.1,538.3,137.6,10.7,129.1,42.3,0.57,48.8,193.4,Poor,Very Poor,Satisfactory,Satisfactory,Poor,Satisfactory
263.6,532.3,189.6,35.0,7.1,19.3,0.92,99.4,104.8,Severe,Very Poor,Satisfactory,Severe,Severe,Very Poor
110.5,28.0,85.6,114.2,173.8,39.8,3.37,10.1,116.7,Poor,Very Poor,Poor,Poor,Poor,Poor
45.5,406.0,50.9,37.7,150.7,24.8,2.96,65.6,55.5,Very Poor,Very Poor,Very Poor,Very Poor,Very Poor,Very Poor
46.8,0.3,139.0,63.4,157.3,41.7,4.03,14.8,137.1,Moderate,Very Poor,Poor,Moderate,Moderate,Moderate
202.5,539.9,37.9,101.0,161.4,34.5,9.67,96.7,54.8,Very Poor,Very Poor,Severe,Very Poor,Very Poor,Very Poor
492.7,357.7,108.8,85.6,148.6,15.0,0.58,89.9,142.8,Very Poor,Very Poor,Severe,Satisfactory,Very Poor,Very Poor
434.1,206.2,14.6,144.9,37.5,15.9,7.45,79.5,8.0,Moderate,Very Poor,Moderate,Moderate,Moderate,Moderate
74.1,429.9,58.3,135.5,177.2,3.3,3.27,94.2,133.5,Very Poor,Very Poor,Very Poor,Very Poor,Very Poor,Very Poor
295.8,495.8,135.5,37.1,124.8,0.6,0.44,81.6,17.2,Severe,Very Poor,Satisfactory,Severe,Severe,Moderate
209.9,167.9,114.1,16.4,0.4,8.8,3.25,98.1,31.4,Very Poor,Very Poor,Moderate,Very Poor,Very Poor,Very Poor
335.2,320.1,172.8,12.1,81.3,25.6,9.25,35.7,58.6,Severe,Very Poor,Moderate,Severe,Severe,Severe
438.8,83.3,154.5,78.4,76.8,49.3,8.72,41.6,178.9,Poor,Very Poor,Poor,Poor,Poor,Poor
70.7,175.8,199.6,71.3,219.3,5.8,7.44,1.4,42.0,Moderate,Very Poor,Very Poor,Moderate,Moderate,Moderate
6.5,480.6,118.0,87.7,170.0,13.7,5.87,27.3,99.2,Severe,Very Poor,Very Poor,Severe,Severe,Severe
409.0,497.4,161.8,98.2,192.5,7.2,5.11,54.3,179.6,Severe,Very Poor,Severe,Severe,Severe,Severe
440.9,149.9,104.1,74.6,173.9,2.4,5.9,59.7,25.7,Moderate,Very Poor,Moderate,Moderate,Moderate,Moderate
492.6,597.1,104.0,110.4,41.7,24.0,3.61,28.2,130.1,Moderate,Very Poor,Severe,Moderate,Moderate,Moderate
238.8,40.9,133.3,133.5,246.0,1.0,6.91,76.3,92.6,Very Poor,Very Poor,Moderate,Very Poor,Very Poor,Very Poor
399.3,523.3,127.7,103.5,210.1,12.8,9.96,83.4,181.5,Poor,Very Poor,Severe,Poor,Poor,Poor
303.1,257.7,75.0,11.8,221.0,21.9,9.47,63.6,49.3,Severe,Very Poor,Moderate,Severe,Severe,Severe
313.3,104.2,177.6,82.2,82.2,30.7,8.47,96.4,96.7,Severe,Very Poor,Moderate,Severe,Severe,Severe
490.7,472.1,181.5,103.5,202.1,13.3,7.87,0.6,180.1,Severe,Very Poor,Severe,Severe,Severe,Severe
194.4,99.8,116.6,96.7,146.6,21.4,7.85,65.4,177.0,Very Poor,Very Poor,Poor,Very Poor,Very Poor,Very Poor
410.7,502.2,164.5,9.5,24.9,26.3,3.27,34.4,0.1,Moderate,Very Poor,Good,Moderate,Moderate,Very Poor
473.8,508.9,141.8,128.0,92.9,7.4,1.03,51.4,18.3,Moderate,Very Poor,Satisfactory,Moderate,Moderate,Moderate
341.4,61.0,154.3,108.8,97.3,24.3,8.12,66.6,37.3,Severe,Very Poor,Moderate,Severe,Severe,Severe
46.0,559.9,166.7,4.5,218.8,44.8,1.48,6.0,114.6,Moderate,Very Poor,Satisfactory,Satisfactory,Moderate,Moderate
74.3,98.1,114.7,103.0,49.3,5.9,3.64,90.7,145.7,Moderate,Very Poor,Poor,Moderate,Moderate,Moderate
157.1,23.5,4.2,147.5,190.2,1.3,1.7,57.1,146.8,Very Poor,Very Poor,Poor,Very Poor,Very Poor,Very Poor
140.5,338.6,38.7,101.3,107.4,50.0,6.25,56.1,57.0,Very Poor,Very Poor,Very Poor,Very Poor,Very Poor,Very Poor
195.6,188.5,137.2,28.4,211.3,19.3,9.42,59.8,164.0,Very Poor,Very Poor,Poor,Very Poor,Very Poor,Very Poor
361.0,599.3,148.4,42.7,7.6,13.8,7.26,9.0,183.4,Poor,Very Poor,Severe,Poor,Poor,Satisfactory
234.1,1.0,125.5,54.6,216.8,26.8,8.03,63.8,55.9,Very Poor,Very Poor,Moderate,Very Poor,Very Poor,Very Poor
46.0,530.5,56.6,19.0,145.6,19.7,10.0,54.7,135.2,Moderate,Very Poor,Very Poor,Moderate,Moderate,Moderate
299.8,257.9,74.3,52.8,13.6,12.9,6.51,91.2,131.6,Severe,Very Poor,Poor,Severe,Severe,Severe
421.4,385.2,14.0,106.3,164.5,42.3,0.77,92.9,199.4,Very Poor,Very Poor,Poor,Poor,Very Poor,Very Poor
354.1,325.6,1.0,37.9,39.7,6.3,6.3,44.9,71.4,Poor,Very Poor,Severe,Poor,Poor,Poor
164.3,485.4,196.3,114.7,216.0,47.3,0.31,91.7,176.7,Severe,Very Poor,Poor,Very Poor,Severe,Severe
452.0,44.5,55.4,129.3,224.3,45.7,3.27,15.3,12.6,Moderate,Very Poor,Moderate,Moderate,Moderate,Moderate
199.7,262.7,146.9,137.8,61.5,33.2,8.88,81.4,104.1,Very Poor,Very Poor,Moderate,Very Poor,Very Poor,Very Poor
370.8,464.0,71.8,2.5,229.9,8.8,2.06,16.0,70.0,Severe,Very Poor,Satisfactory,Satisfactory,Severe,Severe
233.2,157.5,83.5,20.8,105.1,30.9,8.33,8.6,55.6,Very Poor,Very Poor,Moderate,Very Poor,Very Poor,Moderate
79.1,405.5,64.2,132.2,151.9,24.4,5.47,23.7,126.4,Very Poor,Very Poor,Very Poor,Very Poor,Very Poor,Very Poor
178.7,102.9,85.6,144.7,197.6,6.2,3.64,41.0,134.4,Very Poor,Very Poor,Poor,Very Poor,Very Poor,Very Poor
470.5,250.7,186.6,0.9,163.4,47.4,9.15,45.8,63.3,Moderate,Very Poor,Moderate,Moderate,Moderate,Moderate
50.7,512.7,179.0,74.7,99.1,21.1,9.89,74.8,3.4,Moderate,Very Poor,Very Poor,Moderate,Moderate,Moderate
433.1,69.6,169.7,76.7,16.1,21.6,6.96,14.8,25.3,Moderate,Very Poor,Moderate,Moderate,Moderate,Moderate
455.4,336.5,159.7,12.5,108.0,33.0,7.72,11.3,198.1,Poor,Very Poor,Poor,Poor,Poor,Moderate
441.3,14.2,61.1,100.8,60.2,15.7,8.17,74.3,129.5,Moderate,Very Poor,Moderate,Moderate,Moderate,Moderate
361.4,182.7,185.2,57.7,75.1,15.2,5.62,48.3,173.3,Poor,Very Poor,Poor,Poor,Poor,Poor
290.9,438.6,90.3,118.3,246.1,23.8,2.8,18.2,146.1,Severe,Very Poor,Severe,Severe,Severe,Severe
274.5,192.7,126.2,75.3,140.1,22.0,7.79,91.5,107.3,Severe,Very Poor,Moderate,Severe,Severe,Severe
325.8,107.6,123.6,69.5,81.6,16.4,6.66,46.9,189.2,Severe,Very Poor,Poor,Severe,Severe,Severe
308.0,0.7,194.6,24.5,79.9,4.6,0.74,7.1,4.8,Severe,Very Poor,Good,Severe,Severe,Severe
352.0,576.2,137.0,19.0,124.4,28.4,8.6,58.1,187.9,Poor,Very Poor,Severe,Poor,Poor,Poor
365.9,236.0,69.0,81.9,28.6,42.9,2.35,45.1,182.7,Poor,Very Poor,Poor,Poor,Poor,Poor
460.6,352.0,107.4,20.7,66.6,33.2,9.6,22.7,2.3,Very Poor,Very Poor,Moderate,Very Poor,Very Poor,Very Poor
51.1,359.7,155.8,121.6,167.2,22.0,5.99,84.0,91.5,Very Poor,Very Poor,Very Poor,Very Poor,Very Poor,Very Poor
467.8,352.1,133.6,66.9,18.6,48.0,1.06,43.0,118.9,Very Poor,Very Poor,Satisfactory,Moderate,Very Poor,Very Poor
379.8,497.6,5.4,80.8,54.5,32.7,2.34,68.6,38.8,Severe,Very Poor,Severe,Severe,Severe,Severe
54.2,66.2,24.0,47.3,220.2,23.5,9.61,74.6,128.9,Moderate,Very Poor,Poor,Moderate,Moderate,Moderate
495.1,559.6,7.2,54.3,128.9,3.0,5.42,15.0,172.2,Poor,Very Poor,Severe,Poor,Poor,Poor
143.5,130.7,82.1,110.3,162.0,49.7,2.55,81.9,143.8,Very Poor,Very Poor,Poor,Very Poor,Very Poor,Satisfactory
316.5,478.1,57.7,36.4,86.9,40.5,1.71,98.9,80.7,Severe,Very Poor,Satisfactory,Severe,Severe,Severe
161.7,560.3,125.2,81.7,230.1,15.5,3.98,56.2,81.7,Very Poor,Very Poor,Severe,Very Poor,Very Poor,Very Poor
25.2,9.5,44.8,93.2,107.5,14.1,6.31,73.6,25.0,Moderate,Very Poor,Moderate,Moderate,Moderate,Moderate
481.3,431.5,43.3,70.7,175.2,31.7,4.09,25.1,166.3,Severe,Very Poor,Severe,Severe,Severe,Severe
215.3,255.0,131.5,127.3,3.5,23.2,8.8,89.2,115.2,Very Poor,Very Poor,Moderate,Very Poor,Very Poor,Very Poor
249.7,438.1,112.9,2.6,5.4,1.6,9.27,18.2,47.2,Severe,Very Poor,Severe,Severe,Severe,Severe
142.3,428.9,188.7,12.0,92.0,43.6,6.38,57.0,68.8,Very Poor,Very Poor,Very Poor,Very Poor,Very Poor,Severe
314.9,532.3,150.5,103.9,106.0,30.0,0.93,1.9,199.7,Severe,Very Poor,Poor,Severe,Severe,Very Poor
362.5,506.7,26.7,95.9,2.9,9.0,7.95,95.8,43.8,Moderate,Very Poor,Severe,Moderate,Moderate,Moderate
456.3,6.5,122.2,42.0,19.1,22.3,1.59,11.3,108.2,Moderate,Very Poor,Satisfactory,Moderate,Moderate,Moderate
454.3,121.8,105.4,66.6,74.8,21.6,0.91,44.3,95.8,Moderate,Very Poor,Satisfactory,Moderate,Moderate,Very Poor
145.2,561.4,198.4,37.4,231.5,43.3,6.03,40.5,106.7,Very Poor,Very Poor,Very Poor,Very Poor,Very Poor,Very Poor
369.5,292.8,159.8,99.2,159.0,9.3,6.74,72.1,21.8,Poor,Very Poor,Moderate,Poor,Poor,Poor
328.4,491.9,67.7,131.4,209.8,3.9,6.75,27.6,153.9,Severe,Very Poor,Severe,Severe,Severe,Severe
287.6,522.3,102.8,33.1,249.0,1.5,0.44,47.6,100.6,Severe,Very Poor,Satisfactory,Severe,Severe,Moderate
472.0,29.4,119.5,20.5,247.3,42.9,9.77,72.4,140.2,Moderate,Very Poor,Moderate,Moderate,Moderate,Severe
248.0,242.1,198.2,68.3,189.9,41.5,1.02,45.5,120.9,Very Poor,Very Poor,Poor,Severe,Very Poor,Very Poor
299.2,222.6,69.1,56.4,238.6,22.5,1.95,22.6,134.6,Severe,Very Poor,Poor,Severe,Severe,Severe
188.2,80.7,30.3,132.5,197.7,13.7,1.02,20.0,33.1,Very Poor,Very Poor,Moderate,Very Poor,Very Poor,Very Poor
399.7,223.4,174.8,33.1,243.2,17.2,7.85,35.0,118.5,Moderate,Very Poor,Moderate,Moderate,Moderate,Moderate
302.0,444.9,167.6,145.0,70.7,24.0,9.43,66.1,61.7,Severe,Very Poor,Severe,Severe,Severe,Severe
78.7,229.4,113.9,66.4,235.6,4.1,4.51,74.7,39.8,Moderate,Very Poor,Very Poor,Moderate,Moderate,Moderate
332.8,522.9,164.9,132.0,119.3,49.5,1.84,25.8,15.9,Severe,Very Poor,Severe,Severe,Severe,Severe
120.0,395.1,34.2,103.4,218.2,4.1,9.12,72.3,16.3,Very Poor,Very Poor,Very Poor,Very Poor,Very Poor,Very Poor
5.5,454.3,132.1,3.9,187.6,10.9,6.93,73.6,1.9,Severe,Very Poor,Very Poor,Severe,Severe,Severe
383.1,83.5,106.9,60.3,37.3,15.2,9.2,54.4,5.3,Moderate,Very Poor,Moderate,Moderate,Moderate,Moderate
113.3,261.2,115.5,28.5,245.3,6.0,5.46,40.9,18.3,Poor,Very Poor,Very Poor,Poor,Poor,Poor
375.6,365.1,49.2,100.2,225.2,43.3,3.18,96.3,130.7,Very Poor,Very Poor,Severe,Very Poor,Very Poor,Very Poor
34.1,486.0,133.5,126.4,157.8,35.3,2.88,81.9,7.1,Severe,Very Poor,Very Poor,Severe,Severe,Severe
370.1,354.4,141.2,89.4,22.4,15.4,0.05,68.3,22.6,Very Poor,Very Poor,Satisfactory,Poor,Severe,Satisfactory
251.5,5.0,158.2,85.8,201.0,3.2,8.67,34.8,158.6,Severe,Very Poor,Poor,Severe,Severe,Severe
75.0,480.0,21.6,99.7,33.9,31.0,4.62,97.6,15.0,Severe,Very Poor,Very Poor,Severe,Severe,Severe
484.9,326.3,79.6,107.6,55.4,34.4,5.91,79.5,87.9,Poor,Very Poor,Severe,Poor,Poor,Poor
110.8,378.8,117.8,98.4,126.8,48.2,4.49,27.5,104.6,Very Poor,Very Poor,Very Poor,Very Poor,Very Poor,Very Poor
64.7,135.9,128.7,16.0,10.1,33.5,6.96,54.7,6.1,Moderate,Very Poor,Moderate,Moderate,Moderate,Poor
191.9,346.1,193.5,147.5,2.4,7.8,2.06,36.3,63.4,Very Poor,Very Poor,Very Poor,Very Poor,Very Poor,Very Poor
230.3,411.7,14.1,45.1,30.3,41.1,1.26,98.6,42.9,Very Poor,Very Poor,Satisfactory,Very Poor,Very Poor,Very Poor
363.8,470.9,23.3,58.5,162.0,36.2,4.75,94.2,102.8,Severe,Very Poor,Severe,Severe,Severe,Severe
380.8,552.6,51.4,30.5,122.5,38.9,5.29,9.4,6.1,Moderate,Very Poor,Severe,Moderate,Moderate,Moderate
339.8,558.0,111.9,144.2,243.3,0.4,2.94,12.1,173.6,Severe,Very Poor,Severe,Severe,Severe,Severe
307.5,230.6,87.2,135.7,177.5,5.9,5.25,68.2,134.8,Severe,Very Poor,Poor,Severe,Severe,Severe
342.0,357.2,148.2,62.7,10.8,12.5,3.53,34.9,107.3,Severe,Very Poor,Severe,Severe,Severe,Severe
353.8,441.6,151.5,125.3,7.1,48.3,8.81,83.1,61.2,Severe,Very Poor,Severe,Severe,Severe,Severe
336.4,549.4,143.3,3.5,107.8,17.4,3.32,83.7,151.3,Severe,Very Poor,Severe,Severe,Severe,Severe
467.8,355.3,18.7,48.6,212.9,7.7,1.45,26.8,171.1,Very Poor,Very Poor,Satisfactory,Poor,Very Poor,Very Poor
246.6,0.7,60.7,30.4,109.9,47.3,7.54,81.0,185.1,Very Poor,Very Poor,Poor,Very Poor,Very Poor,Very Poor
434.8,326.3,63.9,74.2,74.9,39.6,3.89,85.0,40.0,Poor,Very Poor,Moderate,Poor,Poor,Poor
105.9,229.7,64.1,73.2,77.1,20.5,0.27,82.9,54.1,Poor,Very Poor,Satisfactory,Poor,Poor,Moderate
476.5,573.2,103.7,50.8,86.5,40.6,9.87,71.6,127.3,Moderate,Very Poor,Severe,Moderate,Moderate,Moderate
308.8,499.6,101.7,131.6,1.5,40.5,0.01,28.4,168.6,Severe,Very Poor,Severe,Severe,Severe,Severe
225.8,363.8,73.9,65.6,155.7,45.4,3.53,64.0,78.3,Very Poor,Very Poor,Very Poor,Very Poor,Very Poor,Very Poor
300.2,16.1,132.0,21.0,208.0,32.8,0.27,10.7,158.8,Severe,Very Poor,Satisfactory,Moderate,Severe,Severe
250.1,385.4,90.6,29.4,181.6,39.6,4.81,32.3,65.7,Very Poor,Very Poor,Severe,Moderate,Very Poor,Severe
150.4,559.7,77.3,123.6,177.7,25.2,4.4,86.1,192.8,Very Poor,Very Poor,Poor,Very Poor,Very Poor,Very Poor
442.3,575.9,103.7,112.2,163.6,18.0,1.2,86.1,173.4,Poor,Very Poor,Severe,Poor,Poor,Very Poor
487.4,309.2,125.3,21.4,147.6,42.7,8.91,24.8,175.9,Poor,Very Poor,Poor,Poor,Poor,Poor
411.7,127.8,56.8,28.1,187.2,49.0,5.3,69.1,186.5,Poor,Very Poor,Poor,Poor,Poor,Poor
11.7,126.6,158.3,58.4,63.4,17.7,7.16,6.2,55.2,Moderate,Very Poor,Very Poor,Moderate,Moderate,Moderate
305.3,114.3,78.7,119.7,69.6,14.2,5.76,15.1,46.1,Severe,Very Poor,Moderate,Severe,Severe,Severe
84.1,190.1,18.6,149.2,237.7,38.1,3.36,28.4,68.0,Moderate,Very Poor,Very Poor,Moderate,Moderate,Moderate
346.5,148.8,6.9,84.0,20.8,9.1,2.24,84.8,69.0,Severe,Very Poor,Moderate,Severe,Severe,Severe
372.5,378.2,18.7,108.0,15.5,14.3,0.35,4.3,17.9,Very Poor,Very Poor,Satisfactory,Severe,Very Poor,Very Poor
54.2,450.5,159.6,1.2,226.5,26.9,3.4,6.4,75.9,Severe,Very Poor,Very Poor,Severe,Severe,Severe
474.0,539.9,69.5,74.7,70.4,3.0,9.58,1.1,130.1,Moderate,Very Poor,Severe,Moderate,Moderate,Moderate
210.4,299.8,74.5,139.2,162.5,47.9,7.11,31.8,80.0,Very Poor,Very Poor,Very Poor,Very Poor,Very Poor,Very Poor
424.4,113.0,199.4,36.8,232.6,21.0,1.85,30.8,178.4,Poor,Very Poor,Poor,Moderate,Poor,Poor
259.1,344.7,99.5,139.6,164.9,44.8,2.86,11.6,197.9,Severe,Very Poor,Poor,Severe,Severe,Severe
222.9,590.6,42.4,131.1,227.4,17.5,8.05,92.0,57.1,Very Poor,Very Poor,Severe,Very Poor,Very Poor,Very Poor
220.1,172.7,18.1,53.5,41.5,49.3,3.37,22.4,118.8,Very Poor,Very Poor,Poor,Very Poor,Very Poor,Very Poor
476.5,402.2,160.7,91.4,236.2,6.4,3.3,13.8,65.2,Very Poor,Very Poor,Severe,Very Poor,Very Poor,Very Poor
146.0,512.7,24.8,131.8,33.2,40.1,5.4,0.7,56.6,Very Poor,Very Poor,Severe,Very Poor,Very Poor,Very Poor
271.9,329.3,14.3,30.9,124.0,39.1,7.1,14.4,24.0,Severe,Very Poor,Moderate,Severe,Severe,Severe
23.9,521.1,130.1,49.1,72.0,39.6,6.12,66.4,112.7,Moderate,Very Poor,Very Poor,Moderate,Moderate,Moderate
409.7,471.7,168.7,74.1,17.3,49.4,6.95,3.2,58.8,Severe,Very Poor,Severe,Severe,Severe,Severe
377.9,406.6,194.4,84.4,163.0,38.0,6.95,46.2,84.5,Very Poor,Very Poor,Severe,Very Poor,Very Poor,Very Poor
276.0,557.5,155.7,16.5,237.2,6.6,3.06,2.9,130.5,Severe,Very Poor,Severe,Severe,Severe,Severe
223.7,106.1,127.3,97.8,198.8,49.9,0.46,13.3,117.9,Very Poor,Very Poor,Poor,Very Poor,Very Poor,Very Poor
107.5,309.3,195.5,73.8,19.6,42.8,2.3,61.1,2.7,Poor,Very Poor,Very Poor,Poor,Poor,Poor
318.3,492.6,162.7,15.2,154.7,7.9,2.63,18.1,79.5,Severe,Very Poor,Satisfactory,Severe,Severe,Severe
85.4,488.0,36.8,2.6,0.6,1.5,3.65,44.3,68.2,Severe,Very Poor,Very Poor,Severe,Severe,Severe
75.7,273.6,116.4,11.8,99.5,15.2,9.31,51.5,65.5,Poor,Very Poor,Very Poor,Poor,Poor,Poor
306.3,551.0,90.4,74.7,45.0,6.8,0.07,98.6,199.7,Severe,Very Poor,Severe,Severe,Severe,Severe
174.3,321.2,194.7,19.4,205.1,26.3,5.74,86.0,173.4,Very Poor,Very Poor,Poor,Very Poor,Very Poor,Very Poor
62.0,524.9,155.4,130.3,238.7,15.7,2.95,44.6,171.6,Poor,Very Poor,Poor,Poor,Poor,Poor
458.3,572.7,50.4,14.0,0.4,8.8,7.02,35.3,176.7,Poor,Very Poor,Severe,Poor,Poor,Poor
33.1,478.5,62.7,39.9,228.6,16.9,3.25,32.6,83.4,Severe,Very Poor,Very Poor,Severe,Severe,Severe
2.6,295.6,84.9,42.8,180.1,7.8,5.96,7.7,30.9,Poor,Very Poor,Very Poor,Poor,Poor,Poor
220.6,524.3,65.7,143.0,97.4,47.0,4.87,13.3,12.9,Very Poor,Very Poor,Severe,Very Poor,Very Poor,Very Poor
181.4,511.2,132.3,141.0,228.3,25.3,4.28,21.4,162.0,Very Poor,Very Poor,Poor,Very Poor,Very Poor,Very Poor
456.8,194.5,174.0,87.3,73.5,41.4,6.28,25.5,46.5,Moderate,Very Poor,Moderate,Moderate,Moderate,Moderate
388.2,117.9,18.7,127.0,196.6,24.8,3.7,81.4,95.5,Moderate,Very Poor,Moderate,Moderate,Moderate,Moderate
423.4,236.4,197.9,20.4,130.6,45.8,1.36,10.7,84.6,Moderate,Very Poor,Good,Moderate,Moderate,Severe
89.7,188.2,192.6,132.5,178.9,44.3,2.33,11.6,50.4,Moderate,Very Poor,Very Poor,Moderate,Moderate,Moderate
289.0,383.9,189.4,97.7,204.4,20.4,9.34,67.6,58.8,Severe,Very Poor,Moderate,Severe,Severe,Severe
385.6,51.4,5.1,105.9,9.0,6.1,7.35,23.9,6.8,Moderate,Very Poor,Moderate,Moderate,Moderate,Moderate
24.9,543.9,1.6,138.6,52.3,46.4,2.01,23.5,91.4,Moderate,Very Poor,Very Poor,Moderate,Moderate,Moderate
366.2,502.0,23.1,73.8,61.0,50.0,6.47,91.2,37.0,Moderate,Very Poor,Severe,Moderate,Moderate,Moderate
48.1,547.6,86.4,94.8,83.1,10.4,6.81,15.9,191.7,Poor,Very Poor,Poor,Poor,Poor,Poor
360.0,465.8,62.6,123.9,110.6,45.2,5.98,42.5,30.1,Severe,Very Poor,Severe,Severe,Severe,Severe
176.4,132.9,136.9,32.1,45.4,26.8,4.37,5.9,1.7,Very Poor,Very Poor,Moderate,Very Poor,Very Poor,Very Poor
193.8,505.3,121.4,149.5,219.1,14.8,3.68,14.8,41.9,Very Poor,Very Poor,Severe,Very Poor,Very Poor,Very Poor
216.4,106.2,85.5,54.6,163.0,3.7,9.14,20.5,161.7,Very Poor,Very Poor,Poor,Very Poor,Very Poor,Very Poor
324.1,369.2,194.9,62.4,128.9,46.0,3.75,23.0,93.7,Severe,Very Poor,Severe,Severe,Severe,Severe
111.7,311.2,8.5,7.8,85.8,40.5,5.55,26.7,131.4,Poor,Very Poor,Poor,Poor,Poor,Poor
85.5,274.2,116.8,102.1,135.9,30.3,7.91,95.5,138.4,Poor,Very Poor,Poor,Poor,Poor,Poor
291.9,317.5,188.7,64.5,70.8,43.4,1.5,59.8,65.0,Severe,Very Poor,Satisfactory,Severe,Severe,Severe
62.4,67.4,45.2,122.0,146.2,14.0,8.24,10.3,50.0,Moderate,Very Poor,Moderate,Moderate,Moderate,Moderate
28.8,316.6,121.6,0.2,86.6,9.2,8.01,50.6,114.0,Poor,Very Poor,Very Poor,Poor,Poor,Poor
333.5,332.9,11.9,58.4,47.9,39.9,5.91,32.3,58.4,Severe,Very Poor,Moderate,Severe,Severe,Severe
96.5,20.1,193.5,14.6,201.5,33.7,2.56,6.5,61.3,Poor,Very Poor,Good,Poor,Poor,Poor
121.6,500.0,117.2,79.9,191.2,8.7,3.71,15.5,109.2,Severe,Very Poor,Very Poor,Very Poor,Severe,Very Poor
187.7,592.1,167.6,51.4,108.3,37.9,8.83,56.8,74.2,Very Poor,Very Poor,Severe,Very Poor,Very Poor,Very Poor
497.0,432.3,153.0,20.3,176.3,43.7,1.46,11.8,180.7,Severe,Very Poor,Severe,Very Poor,Severe,Very Poor
302.2,348.2,117.2,85.7,7.4,25.4,2.44,11.6,39.7,Severe,Very Poor,Moderate,Severe,Severe,Severe
75.3,413.5,156.6,56.6,14.9,25.5,1.05,76.1,47.7,Very Poor,Very Poor,Satisfactory,Satisfactory,Very Poor,Very Poor
108.8,30.5,190.6,88.6,86.7,41.7,4.04,58.1,137.4,Poor,Very Poor,Poor,Poor,Poor,Satisfactory
115.4,458.2,186.1,73.5,195.3,38.9,0.49,5.8,12.9,Severe,Very Poor,Satisfactory,Satisfactory,Severe,Poor
245.0,243.2,129.3,97.1,103.8,45.3,4.25,24.9,177.4,Very Poor,Very Poor,Poor,Very Poor,Very Poor,Very Poor
283.2,147.8,24.8,121.0,84.1,31.3,1.72,81.6,44.7,Severe,Very Poor,Moderate,Severe,Severe,Severe
481.2,537.6,145.9,30.5,206.8,27.0,2.6,45.0,137.0,Moderate,Very Poor,Severe,Moderate,Moderate,Moderate
279.7,575.8,23.2,15.5,159.5,12.8,8.99,57.1,147.8,Severe,Very Poor,Severe,Severe,Severe,Severe
106.9,339.5,169.2,113.9,191.1,2.2,2.33,34.2,112.9,Poor,Very Poor,Very Poor,Poor,Poor,Poor
148.9,114.8,102.3,79.8,104.2,17.0,6.76,87.6,163.6,Very Poor,Very Poor,Poor,Very Poor,Very Poor,Very Poor
202.1,317.2,186.8,24.2,55.4,43.9,9.04,93.7,130.7,Very Poor,Very Poor,Poor,Very Poor,Very Poor,Very Poor
414.1,424.6,120.5,92.8,217.5,0.7,6.76,53.8,27.0,Very Poor,Very Poor,Severe,Very Poor,Very Poor,Very Poor
50.6,142.1,147.9,16.6,112.6,36.4,1.65,7.8,138.4,Moderate,Very Poor,Poor,Very Poor,Moderate,Moderate
417.6,522.6,58.8,1.5,110.4,19.4,7.61,62.5,20.6,Moderate,Very Poor,Severe,Moderate,Moderate,Moderate
342.6,333.6,146.0,94.4,87.7,36.0,1.41,85.7,155.4,Severe,Very Poor,Poor,Severe,Severe,Severe
314.1,354.1,139.1,35.3,125.9,25.8,6.32,14.6,171.3,Severe,Very Poor,Poor,Severe,Severe,Severe
139.2,273.4,109.1,77.6,205.2,18.2,3.53,33.5,143.5,Very Poor,Very Poor,Poor,Very Poor,Very Poor,Very Poor
365.6,47.0,103.9,102.4,222.9,29.0,1.43,81.4,102.6,Moderate,Very Poor,Moderate,Moderate,Moderate,Moderate
390.0,382.6,170.8,149.2,219.7,31.7,0.97,4.9,8.3,Very Poor,Very Poor,Satisfactory,Very Poor,Very Poor,Very Poor
278.6,417.5,104.4,50.6,107.9,0.6,2.59,16.8,4.1,Severe,Very Poor,Satisfactory,Severe,Severe,Severe
403.6,594.3,167.0,128.6,215.8,45.3,9.9,7.3,92.4,Moderate,Very Poor,Severe,Moderate,Moderate,Moderate
466.2,278.8,69.7,6.3,202.2,40.0,5.33,50.4,86.3,Poor,Very Poor,Moderate,Poor,Poor,Poor
131.4,175.9,6.5,50.1,150.4,15.8,8.33,32.0,5.2,Very Poor,Very Poor,Moderate,Very Poor,Very Poor,Very Poor
186.3,335.2,0.8,74.8,57.9,32.3,1.24,77.5,152.9,Very Poor,Very Poor,Poor,Very Poor,Very Poor,Severe
410.8,267.6,127.1,0.1,39.0,23.0,5.8,56.5,89.9,Poor,Very Poor,Moderate,Poor,Poor,Poor
217.5,477.4,77.5,132.5,26.6,6.3,0.5,17.4,148.3,Severe,Very Poor,Severe,Severe,Severe,Severe
17.8,269.3,184.1,17.5,195.8,38.3,9.64,64.0,101.0,Poor,Very Poor,Very Poor,Poor,Poor,Poor
422.9,219.1,29.4,97.3,173.8,26.4,0.74,21.3,136.4,Moderate,Very Poor,Satisfactory,Moderate,Moderate,Moderate
465.1,367.9,72.3,42.8,239.1,32.0,3.68,51.6,135.1,Very Poor,Very Poor,Severe,Very Poor,Very Poor,Very Poor
392.3,488.1,108.8,148.3,66.7,18.9,6.84,27.9,154.9,Severe,Very Poor,Severe,Severe,Severe,Severe
464.2,129.0,108.5,82.5,112.0,9.7,2.38,88.6,1.4,Moderate,Very Poor,Moderate,Moderate,Moderate,Moderate
247.3,580.9,87.9,111.7,70.5,31.3,5.25,40.2,29.9,Very Poor,Very Poor,Severe,Very Poor,Very Poor,Very Poor
86.0,294.6,36.9,28.5,196.3,38.7,4.01,12.1,163.9,Poor,Very Poor,Poor,Poor,Poor,Poor
246.5,254.9,73.4,83.5,3.9,0.2,6.28,13.6,79.8,Very Poor,Very Poor,Moderate,Very Poor,Very Poor,Very Poor
91.0,435.8,46.6,3.4,9.5,9.0,8.8,10.4,86.8,Severe,Very Poor,Very Poor,Severe,Severe,Severe
405.6,340.8,141.6,99.0,249.2,40.3,5.71,77.2,132.7,Poor,Very Poor,Severe,Poor,Poor,Poor
2.0,359.8,0.9,45.3,110.6,12.0,5.13,52.4,35.1,Very Poor,Very Poor,Very Poor,Very Poor,Very Poor,Very Poor
183.9,98.6,99.1,144.7,95.5,3.9,6.22,20.4,13.9,Very Poor,Very Poor,Moderate,Very Poor,Very Poor,Very Poor
151.7,445.8,198.9,137.7,48.3,30.0,3.15,92.0,120.0,Severe,Very Poor,Very Poor,Severe,Severe,Severe
207.7,229.0,113.0,17.8,39.1,39.1,8.82,71.6,90.4,Very Poor,Very Poor,Moderate,Very Poor,Very Poor,Very Poor
260.3,185.7,197.8,46.3,169.8,46.7,8.05,36.3,138.9,Severe,Very Poor,Poor,Severe,Severe,Severe
286.6,470.1,105.9,29.4,149.2,12.5,9.3,88.8,197.8,Severe,Very Poor,Poor,Severe,Severe,Severe
273.2,367.3,162.3,18.7,111.6,23.0,1.85,83.5,11.5,Severe,Very Poor,Satisfactory,Severe,Severe,Severe
491.5,528.6,124.4,16.7,95.4,26.4,6.26,9.3,34.9,Moderate,Very Poor,Severe,Moderate,Moderate,Moderate
88.3,434.7,128.9,18.3,37.3,11.3,6.82,85.0,132.2,Severe,Very Poor,Very Poor,Severe,Severe,Severe
90.2,584.8,146.1,20.9,78.0,31.2,7.83,82.0,101.5,Moderate,Very Poor,Very Poor,Moderate,Moderate,Severe
135.2,309.7,100.0,26.1,190.3,8.6,3.74,95.2,5.6,Very Poor,Very Poor,Moderate,Very Poor,Very Poor,Very Poor
50.2,384.1,191.7,71.4,238.6,32.8,9.87,69.8,114.4,Very Poor,Very Poor,Very Poor,Very Poor,Very Poor,Very Poor
223.1,78.3,14.0,7.8,188.0,6.5,8.58,8.0,68.8,Very Poor,Very Poor,Moderate,Very Poor,Very Poor,Very Poor
170.2,528.2,4.3,38.2,192.9,41.9,2.58,43.9,127.9,Very Poor,Very Poor,Severe,Very Poor,Very Poor,Very Poor
326.6,308.8,77.2,39.5,128.5,24.3,2.34,89.4,144.1,Severe,Very Poor,Poor,Severe,Severe,Severe
376.8,169.2,130.7,121.5,167.9,6.8,2.85,49.4,23.9,Moderate,Very Poor,Moderate,Moderate,Moderate,Moderate
51.2,404.5,160.8,139.9,106.7,20.7,4.67,5.6,23.4,Very Poor,Very Poor,Very Poor,Very Poor,Very Poor,Very Poor
409.1,314.1,111.2,3.3,181.3,22.0,1.16,5.8,125.7,Poor,Very Poor,Satisfactory,Poor,Poor,Poor
332.9,113.2,134.2,122.3,198.6,32.1,5.73,15.5,108.6,Severe,Very Poor,Moderate,Severe,Severe,Severe
245.3,174.8,121.3,114.1,67.6,50.0,4.89,31.7,162.6,Very Poor,Very Poor,Poor,Very Poor,Very Poor,Very Poor
317.3,507.2,141.2,64.7,14.6,3.0,3.69,38.4,39.8,Severe,Very Poor,Severe,Severe,Severe,Severe
462.5,222.0,160.8,85.4,203.5,10.0,2.68,61.9,117.0,Moderate,Very Poor,Moderate,Moderate,Moderate,Moderate
10.0,375.1,186.5,1.4,151.4,21.9,4.23,31.7,55.3,Very Poor,Very Poor,Very Poor,Very Poor,Very Poor,Very Poor
370.3,391.9,198.3,6.0,159.0,49.8,4.59,69.3,69.1,Very Poor,Very Poor,Severe,Very Poor,Very Poor,Very Poor
400.0,382.1,110.4,59.2,21.0,9.3,6.45,5.3,153.5,Very Poor,Very Poor,Severe,Very Poor,Very Poor,Very Poor
389.1,392.0,22.7,87.4,156.9,34.1,5.9,94.7,173.5,Very Poor,Very Poor,Severe,Very Poor,Very Poor,Very Poor
450.2,463.8,62.6,145.3,210.2,8.5,0.3,52.1,122.2,Severe,Very Poor,Severe,Very Poor,Severe,Severe
32.9,219.3,87.8,69.3,2.9,34.2,4.8,90.3,120.7,Moderate,Very Poor,Very Poor,Moderate,Moderate,Moderate
461.5,297.8,186.0,136.3,236.3,17.9,1.9,43.4,136.8,Poor,Very Poor,Severe,Poor,Poor,Poor
457.1,415.0,132.0,147.1,10.7,33.1,3.42,4.7,84.0,Very Poor,Very Poor,Severe,Very Poor,Very Poor,Very Poor
132.7,542.4,136.3,118.5,201.5,19.1,9.51,55.8,143.9,Very Poor,Very Poor,Very Poor,Very Poor,Very Poor,Very Poor
340.6,162.2,32.3,88.6,84.2,42.9,5.96,1.3,34.4,Severe,Very Poor,Moderate,Severe,Severe,Severe
360.5,450.0,184.7,55.2,145.3,15.1,4.97,39.2,95.1,Severe,Very Poor,Severe,Severe,Severe,Severe
69.0,132.9,71.1,29.4,166.7,27.7,0.51,55.9,13.5,Moderate,Very Poor,Satisfactory,Moderate,Moderate,Moderate
446.1,488.6,59.8,40.3,56.2,17.9,6.8,86.4,1.4,Severe,Very Poor,Severe,Severe,Severe,Severe
430.1,340.2,145.4,33.4,217.9,35.0,4.63,48.5,194.6,Poor,Very Poor,Poor,Poor,Poor,Poor
357.2,513.3,82.3,9.4,225.5,21.2,4.79,12.5,50.6,Moderate,Very Poor,Severe,Moderate,Moderate,Moderate
487.6,304.7,2.2,105.6,205.3,35.1,3.39,7.1,190.1,Poor,Very Poor,Poor,Poor,Poor,Poor
281.0,484.3,3.6,52.7,152.7,3.8,8.17,38.4,14.0,Severe,Very Poor,Severe,Severe,Severe,Severe
55.8,269.6,62.0,8.0,12.8,39.8,4.04,79.4,45.9,Poor,Very Poor,Very Poor,Poor,Poor,Poor
131.4,323.8,186.5,122.1,142.7,38.0,7.62,94.3,122.2,Very Poor,Very Poor,Very Poor,Very Poor,Very Poor,Very Poor
167.2,306.3,150.7,35.1,219.1,12.4,5.93,51.1,60.4,Very Poor,Very Poor,Very Poor,Very Poor,Very Poor,Very Poor
282.0,240.5,124.0,18.1,130.9,3.9,4.05,0.9,113.2,Severe,Very Poor,Poor,Severe,Severe,Severe
322.3,93.8,12.5,126.5,2.7,15.1,1.47,80.8,134.1,Severe,Very Poor,Poor,Severe,Severe,Severe
251.7,285.8,117.6,94.1,74.6,14.1,0.34,43.9,136.4,Severe,Very Poor,Poor,Severe,Severe,Poor
115.5,461.6,129.8,23.0,129.2,33.4,7.55,11.6,25.4,Severe,Very Poor,Very Poor,Severe,Severe,Very Poor
437.7,202.2,140.4,91.3,135.0,6.0,9.62,36.8,78.6,Moderate,Very Poor,Moderate,Moderate,Moderate,Moderate
248.5,362.6,23.9,4.9,77.5,20.9,3.81,76.5,187.1,Very Poor,Very Poor,Poor,Very Poor,Very Poor,Very Poor
411.3,450.0,115.5,105.3,134.5,3.1,2.7,73.5,73.2,Severe,Very Poor,Severe,Severe,Severe,Severe
495.2,267.6,105.6,59.7,59.8,42.0,2.11,29.8,188.5,Poor,Very Poor,Poor,Poor,Poor,Poor
452.7,182.3,3.6,65.3,130.9,15.3,2.14,81.4,192.0,Poor,Very Poor,Poor,Poor,Poor,Poor
184.1,70.3,62.8,110.6,190.7,18.0,8.2,7.4,123.1,Very Poor,Very Poor,Poor,Very Poor,Very Poor,Very Poor
141.6,46.5,67.0,98.8,208.1,14.4,8.1,30.9,15.2,Very Poor,Very Poor,Moderate,Very Poor,Very Poor,Very Poor
158.8,413.2,153.8,140.5,248.1,8.5,0.13,88.5,184.0,Very Poor,Very Poor,Poor,Very Poor,Very Poor,Very Poor
463.7,320.4,160.2,96.7,179.0,48.2,7.26,15.2,148.3,Poor,Very Poor,Severe,Poor,Poor,Poor
153.2,157.9,53.6,62.5,145.1,33.3,2.64,74.9,85.6,Very Poor,Very Poor,Very Poor,Very Poor,Very Poor,Very Poor
330.3,14.8,10.5,11.6,82.5,49.2,9.14,77.1,142.9,Severe,Very Poor,Poor,Severe,Severe,Severe
380.8,4.4,151.2,103.6,72.9,49.2,4.89,18.5,47.3,Moderate,Very Poor,Moderate,Moderate,Moderate,Moderate
202.6,512.1,82.5,42.2,37.2,36.5,7.51,58.0,96.3,Very Poor,Very Poor,Severe,Very Poor,Very Poor,Very Poor
203.1,97.4,45.5,21.5,144.1,31.1,0.18,7.8,172.2,Very Poor,Very Poor,Satisfactory,Very Poor,Very Poor,Very Poor
194.9,495.8,83.7,78.6,214.0,43.3,0.52,12.7,145.7,Severe,Very Poor,Poor,Severe,Severe,Very Poor
341.4,398.2,121.7,51.5,5.2,49.8,6.18,23.3,84.8,Severe,Very Poor,Severe,Severe,Severe,Severe
144.7,590.2,138.3,118.3,242.5,8.8,0.95,13.9,38.3,Very Poor,Very Poor,Severe,Very Poor,Very Poor,Very Poor
348.1,574.9,72.7,72.3,157.6,30.0,2.97,83.2,161.9,Severe,Very Poor,Severe,Severe,Severe,Severe
171.8,442.5,72.1,31.7,30.7,24.6,2.77,21.4,108.2,Severe,Very Poor,Very Poor,Severe,Severe,Severe
326.4,184.3,104.9,99.7,194.9,38.0,0.93,11.8,165.4,Severe,Very Poor,Poor,Severe,Severe,Very Poor
473.9,257.0,55.0,65.4,9.0,9.9,8.77,67.7,40.4,Poor,Very Poor,Moderate,Poor,Poor,Poor
251.3,169.2,31.2,2.9,12.5,5.0,5.12,56.6,69.3,Severe,Very Poor,Moderate,Severe,Severe,Severe
143.4,532.7,123.6,61.8,22.8,26.9,6.81,37.2,40.0,Very Poor,Very Poor,Severe,Very Poor,Very Poor,Very Poor
188.5,378.6,44.7,41.2,72.8,12.1,9.57,69.2,7.8,Very Poor,Very Poor,Moderate,Very Poor,Very Poor,Very Poor
485.5,470.0,0.9,4.2,20.6,4.4,0.86,73.4,163.7,Severe,Very Poor,Satisfactory,Satisfactory,Severe,Very Poor
492.0,465.6,173.5,3.8,120.5,9.4,0.48,13.1,0.8,Severe,Very Poor,Good,Satisfactory,Severe,Severe
486.2,580.5,113.7,41.1,64.4,7.3,5.71,29.6,116.5,Moderate,Very Poor,Severe,Moderate,Moderate,Moderate
128.9,575.6,56.5,102.5,29.8,21.5,9.78,77.3,2.8,Very Poor,Very Poor,Severe,Very Poor,Very Poor,Very Poor
102.5,537.9,16.0,142.7,61.1,37.0,6.46,61.2,154.2,Poor,Very Poor,Very Poor,Poor,Poor,Poor
490.8,312.8,176.9,13.9,150.1,42.2,0.27,14.3,145.6,Poor,Very Poor,Satisfactory,Poor,Poor,Severe
382.7,55.6,136.5,123.6,118.3,11.9,5.24,74.3,138.7,Moderate,Very Poor,Moderate,Moderate,Moderate,Moderate
228.5,450.5,89.5,67.4,86.2,46.1,2.98,70.0,39.1,Severe,Very Poor,Severe,Severe,Severe,Severe
447.3,359.9,52.2,42.5,201.2,38.0,2.9,69.9,0.6,Very Poor,Very Poor,Satisfactory,Very Poor,Very Poor,Very Poor
335.4,582.7,144.2,37.2,130.3,22.9,6.83,91.6,30.9,Severe,Very Poor,Severe,Severe,Severe,Severe
406.8,578.1,15.1,57.5,19.3,25.5,6.66,86.3,194.5,Poor,Very Poor,Severe,Poor,Poor,Poor
242.5,390.1,92.1,32.5,51.1,16.1,0.36,17.9,187.7,Very Poor,Very Poor,Poor,Very Poor,Very Poor,Very Poor
444.4,203.4,94.0,74.3,160.3,30.0,6.45,48.7,35.7,Moderate,Very Poor,Moderate,Moderate,Moderate,Moderate
449.1,363.7,163.8,76.5,109.1,24.8,7.7,80.3,47.7,Very Poor,Very Poor,Moderate,Very Poor,Very Poor,Very Poor
268.8,440.7,27.3,35.6,175.0,25.3,1.51,73.8,132.8,Severe,Very Poor,Satisfactory,Severe,Severe,Severe
85.5,526.1,38.8,98.1,240.8,18.8,3.6,87.7,178.1,Poor,Very Poor,Poor,Poor,Poor,Poor
34.4,176.6,153.9,19.5,229.4,20.1,7.28,80.9,40.0,Moderate,Very Poor,Very Poor,Moderate,Moderate,Moderate
410.2,64.3,21.8,136.8,145.0,39.9,1.58,25.5,165.9,Moderate,Very Poor,Poor,Moderate,Moderate,Moderate
486.5,502.4,182.6,59.8,158.1,33.7,0.42,57.3,113.5,Moderate,Very Poor,Satisfactory,Moderate,Moderate,Very Poor
190.7,211.4,78.6,46.7,81.1,25.7,3.99,53.0,37.1,Very Poor,Very Poor,Moderate,Very Poor,Very Poor,Very Poor
107.2,595.4,97.0,4.9,241.1,39.3,3.83,49.3,84.9,Poor,Very Poor,Very Poor,Poor,Poor,Poor
176.4,503.9,194.3,52.8,165.5,45.8,0.73,96.9,87.8,Very Poor,Very Poor,Satisfactory,Very Poor,Very Poor,Very Poor
79.8,269.5,136.7,16.0,147.7,41.6,6.46,5.2,126.5,Poor,Very Poor,Very Poor,Poor,Poor,Poor
224.5,4.0,170.4,75.7,90.0,36.0,0.16,3.3,105.0,Very Poor,Very Poor,Satisfactory,Very Poor,Very Poor,Very Poor
473.8,335.9,168.5,30.5,192.2,44.9,1.91,33.3,54.0,Poor,Very Poor,Satisfactory,Very Poor,Poor,Poor
85.6,47.2,43.1,52.8,140.0,22.8,3.2,90.5,104.8,Moderate,Very Poor,Very Poor,Moderate,Moderate,Moderate
310.6,531.4,97.8,130.0,137.3,3.4,2.74,88.4,51.6,Severe,Very Poor,Severe,Severe,Severe,Severe
437.4,170.1,181.2,149.6,111.2,41.4,2.23,52.4,170.1,Poor,Very Poor,Poor,Poor,Poor,Poor
385.8,270.2,184.4,105.1,160.1,44.5,4.17,39.0,185.9,Poor,Very Poor,Poor,Poor,Poor,Poor
144.3,47.9,65.6,128.5,83.0,32.5,8.94,60.3,60.4,Very Poor,Very Poor,Moderate,Very Poor,Very Poor,Very Poor
171.4,463.6,34.6,23.0,214.3,29.4,8.02,34.5,44.9,Severe,Very Poor,Very Poor,Severe,Severe,Severe
100.9,564.1,140.9,79.7,170.1,39.9,3.81,36.0,104.8,Poor,Very Poor,Very Poor,Poor,Poor,Poor
472.7,213.3,43.5,27.3,182.1,9.2,5.97,17.3,26.4,Moderate,Very Poor,Moderate,Moderate,Moderate,Moderate
285.2,420.5,9.4,7.8,12.5,17.0,0.57,8.6,54.1,Severe,Very Poor,Satisfactory,Severe,Severe,Severe
115.5,596.0,29.9,100.8,134.3,44.1,1.05,97.3,90.7,Poor,Very Poor,Severe,Poor,Poor,Satisfactory
119.9,279.6,10.5,66.7,42.8,14.5,5.08,63.8,196.4,Poor,Very Poor,Poor,Poor,Poor,Poor
170.1,584.3,53.6,116.4,148.4,6.6,8.27,89.2,75.6,Very Poor,Very Poor,Severe,Very Poor,Very Poor,Very Poor
227.4,319.1,55.2,126.0,53.9,1.2,0.18,14.4,157.1,Very Poor,Very Poor,Poor,Very Poor,Very Poor,Very Poor
259.1,176.7,175.8,25.1,24.8,44.0,4.33,49.3,31.2,Severe,Very Poor,Moderate,Severe,Severe,Severe
283.3,338.7,163.3,32.5,58.7,46.9,0.55,45.6,145.0,Severe,Very Poor,Satisfactory,Very Poor,Severe,Severe
305.7,223.0,15.1,66.8,245.7,7.0,5.33,1.4,112.6,Severe,Very Poor,Moderate,Severe,Severe,Severe
382.0,503.0,192.5,121.2,233.8,25.4,3.11,93.3,89.6,Moderate,Very Poor,Severe,Moderate,Moderate,Moderate
248.5,433.0,8.9,109.0,22.2,17.0,5.96,64.6,11.4,Severe,Very Poor,Severe,Severe,Severe,Severe
187.3,356.5,79.5,8.8,162.6,11.8,2.71,22.5,111.7,Very Poor,Very Poor,Very Poor,Very Poor,Very Poor,Very Poor
208.6,324.7,127.5,81.1,209.1,29.6,2.1,9.3,141.7,Very Poor,Very Poor,Poor,Very Poor,Very Poor,Very Poor
430.9,74.5,89.3,103.9,235.7,25.0,4.12,85.2,21.5,Moderate,Very Poor,Moderate,Moderate,Moderate,Moderate
349.5,282.1,178.7,106.1,234.4,20.4,4.37,31.3,69.2,Severe,Very Poor,Moderate,Severe,Severe,Poor
9.8,274.6,80.7,84.3,199.2,14.8,1.3,65.8,178.0,Poor,Very Poor,Poor,Poor,Poor,Severe
165.7,325.2,87.4,6.2,188.9,7.1,2.28,54.3,36.0,Very Poor,Very Poor,Satisfactory,Very Poor,Very Poor,Poor
52.5,410.4,132.1,61.3,162.1,18.6,3.19,18.0,198.3,Very Poor,Very Poor,Poor,Very Poor,Very Poor,Very Poor
93.6,161.7,33.9,5.9,58.2,49.6,4.39,46.8,46.9,Poor,Very Poor,Very Poor,Poor,Poor,Poor
14.3,372.2,13.2,60.2,51.5,39.4,2.59,12.4,30.6,Very Poor,Very Poor,Very Poor,Very Poor,Very Poor,Very Poor
214.0,414.5,54.1,59.8,167.9,26.0,3.29,6.2,174.3,Very Poor,Very Poor,Poor,Very Poor,Very Poor,Very Poor
187.9,220.3,35.7,5.8,14.1,48.5,6.23,97.0,12.2,Very Poor,Very Poor,Moderate,Very Poor,Very Poor,Very Poor
203.1,18.4,99.4,36.7,140.3,16.0,3.82,1.9,144.9,Very Poor,Very Poor,Poor,Very Poor,Very Poor,Very Poor
121.7,124.5,177.1,72.5,98.4,31.3,6.05,66.1,183.6,Very Poor,Very Poor,Poor,Very Poor,Very Poor,Very Poor
200.4,258.8,144.8,23.4,177.7,21.3,9.3,88.7,80.8,Very Poor,Very Poor,Moderate,Very Poor,Very Poor,Very Poor
286.4,482.3,165.4,73.4,202.6,28.7,8.1,15.3,98.4,Severe,Very Poor,Severe,Severe,Severe,Severe
235.1,556.2,136.1,104.7,46.3,32.4,3.4,47.4,148.1,Very Poor,Very Poor,Severe,Very Poor,Very Poor,Very Poor
167.9,300.3,85.6,121.2,143.9,40.4,7.83,92.2,178.0,Very Poor,Very Poor,Poor,Very Poor,Very Poor,Very Poor
11.1,63.5,83.3,139.1,167.7,21.2,5.8,47.8,64.3,Moderate,Very Poor,Very Poor,Moderate,Moderate,Moderate
26.9,457.2,148.5,38.6,117.2,41.3,2.49,61.9,42.5,Severe,Very Poor,Very Poor,Severe,Severe,Severe
229.9,340.1,55.1,9.5,62.9,20.3,6.11,36.2,123.6,Very Poor,Very Poor,Poor,Very Poor,Very Poor,Very Poor
229.9,215.8,135.5,17.8,89.3,15.2,0.5,32.6,145.1,Very Poor,Very Poor,Satisfactory,Very Poor,Very Poor,Very Poor
485.8,573.6,78.4,11.0,242.7,1.0,7.14,90.5,92.9,Moderate,Very Poor,Severe,Moderate,Moderate,Very Poor
160.9,212.6,156.4,137.5,156.3,36.7,6.81,16.9,138.3,Very Poor,Very Poor,Poor,Very Poor,Very Poor,Very Poor
125.8,330.0,150.8,45.2,233.8,46.7,9.8,61.9,199.5,Very Poor,Very Poor,Poor,Very Poor,Very Poor,Very Poor
79.4,594.3,75.3,81.1,125.8,10.6,4.96,16.0,138.4,Moderate,Very Poor,Very Poor,Moderate,Moderate,Moderate
393.8,510.8,100.5,33.1,82.9,32.5,6.18,40.0,155.7,Moderate,Very Poor,Severe,Moderate,Moderate,Moderate
315.3,278.1,68.7,0.4,80.3,16.2,3.21,82.9,161.1,Severe,Very Poor,Poor,Severe,Severe,Severe
76.0,261.6,44.1,120.6,43.8,8.1,1.63,21.1,172.4,Poor,Very Poor,Poor,Poor,Poor,Poor
492.5,162.1,50.2,35.8,32.6,5.3,0.87,48.8,125.3,Moderate,Very Poor,Satisfactory,Satisfactory,Moderate,Very Poor
151.5,251.2,172.6,124.1,154.2,7.7,7.84,72.0,167.3,Very Poor,Very Poor,Poor,Very Poor,Very Poor,Very Poor
473.2,357.5,72.3,75.1,211.6,27.8,6.57,65.9,52.8,Very Poor,Very Poor,Moderate,Very Poor,Very Poor,Very Poor
19.5,498.1,145.9,130.6,85.0,3.7,0.54,37.6,196.1,Severe,Very Poor,Poor,Moderate,Severe,Very Poor
480.0,455.5,194.3,80.6,218.6,17.3,5.29,44.8,135.8,Severe,Very Poor,Severe,Severe,Severe,Severe
350.0,408.9,15.2,148.6,59.9,13.0,8.32,92.2,98.5,Severe,Very Poor,Severe,Severe,Severe,Very Poor
358.3,157.1,173.6,5.3,225.8,31.7,5.64,69.0,15.3,Moderate,Very Poor,Moderate,Moderate,Moderate,Moderate
344.0,80.7,13.5,33.0,63.1,33.6,5.59,18.5,121.7,Severe,Very Poor,Moderate,Severe,Severe,Severe
376.8,374.3,108.2,134.6,107.6,33.3,3.8,18.3,117.2,Very Poor,Very Poor,Severe,Very Poor,Very Poor,Very Poor
148.4,342.3,71.7,129.0,136.3,18.8,0.81,6.6,72.6,Very Poor,Very Poor,Very Poor,Very Poor,Very Poor,Poor
352.5,537.9,156.8,12.4,144.0,28.5,7.5,4.5,186.5,Poor,Very Poor,Severe,Poor,Poor,Poor
183.9,552.7,144.4,124.6,111.9,42.3,9.09,2.3,67.2,Very Poor,Very Poor,Severe,Very Poor,Very Poor,Very Poor
204.7,315.7,1.9,50.5,95.6,43.1,4.18,68.8,75.6,Very Poor,Very Poor,Very Poor,Very Poor,Very Poor,Very Poor
61.8,485.7,26.5,128.2,249.6,47.5,8.97,93.8,130.1,Severe,Very Poor,Very Poor,Severe,Severe,Severe
69.6,255.2,16.5,3.3,88.2,38.5,6.88,40.7,137.8,Poor,Very Poor,Poor,Poor,Poor,Poor
160.4,116.7,88.6,112.3,104.7,17.2,1.59,97.8,27.8,Very Poor,Very Poor,Moderate,Very Poor,Very Poor,Very Poor
492.7,395.9,120.1,59.2,224.2,41.7,1.57,50.7,106.1,Very Poor,Very Poor,Satisfactory,Satisfactory,Very Poor,Very Poor
326.5,383.9,53.4,41.3,80.8,14.6,8.94,11.4,150.7,Severe,Very Poor,Severe,Severe,Severe,Severe
43.5,263.7,71.5,36.1,61.9,41.0,6.41,5.5,141.2,Poor,Very Poor,Poor,Poor,Poor,Poor
382.3,11.4,103.8,20.7,129.3,49.4,0.28,37.0,6.8,Good,Very Poor,Good,Satisfactory,Satisfactory,Moderate
475.1,186.4,157.4,15.7,233.3,37.6,5.58,99.3,137.5,Moderate,Very Poor,Moderate,Moderate,Moderate,Moderate
298.3,538.3,131.0,7.7,171.8,9.8,8.6,35.2,99.9,Severe,Very Poor,Severe,Severe,Severe,Severe
200.2,344.2,64.6,94.1,156.9,37.2,3.6,63.1,66.0,Very Poor,Very Poor,Very Poor,Very Poor,Very Poor,Very Poor
461.2,475.0,155.9,44.0,28.7,49.8,6.65,84.0,55.3,Severe,Very Poor,Severe,Severe,Severe,Severe
355.5,243.8,68.9,69.2,35.1,23.2,4.09,85.1,176.9,Poor,Very Poor,Poor,Poor,Poor,Poor
412.9,173.8,41.1,5.8,177.0,25.4,2.15,38.2,17.5,Moderate,Very Poor,Satisfactory,Moderate,Moderate,Moderate
361.2,445.5,5.2,85.2,78.3,17.4,0.39,99.9,41.7,Severe,Very Poor,Satisfactory,Severe,Severe,Very Poor
339.4,476.5,129.6,42.3,228.9,44.8,6.35,31.5,79.7,Severe,Very Poor,Severe,Severe,Severe,Severe
104.4,512.1,144.3,65.9,4.6,37.7,0.17,57.3,77.2,Poor,Very Poor,Satisfactory,Satisfactory,Poor,Satisfactory
495.7,32.6,61.9,62.7,150.0,31.9,2.99,57.3,107.5,Moderate,Very Poor,Moderate,Moderate,Moderate,Moderate
179.0,495.2,88.4,68.5,180.4,44.5,0.16,12.6,134.9,Severe,Very Poor,Satisfactory,Severe,Severe,Severe
199.1,358.1,39.9,58.3,19.1,5.6,9.76,70.5,192.9,Very Poor,Very Poor,Poor,Very Poor,Very Poor,Very Poor
68.0,489.9,166.5,53.6,210.7,21.6,0.15,70.8,16.5,Severe,Very Poor,Satisfactory,Satisfactory,Severe,Severe
93.5,60.4,63.5,81.9,141.7,23.2,0.93,1.8,161.3,Poor,Very Poor,Poor,Poor,Poor,Moderate
310.8,447.4,88.8,148.0,240.3,35.9,8.46,24.6,60.3,Severe,Very Poor,Severe,Severe,Severe,Severe
89.7,396.0,173.3,85.7,242.8,34.0,0.87,35.3,127.4,Very Poor,Very Poor,Very Poor,Moderate,Very Poor,Moderate
14.1,308.6,90.6,75.9,16.3,3.0,3.08,99.8,118.7,Poor,Very Poor,Very Poor,Poor,Poor,Poor
318.7,226.6,120.5,12.5,246.3,4.5,9.49,18.1,33.8,Severe,Very Poor,Moderate,Severe,Severe,Severe
389.7,568.5,164.3,5.5,5.5,8.1,2.07,31.7,13.0,Good,Very Poor,Good,Satisfactory,Moderate,Moderate
231.3,55.2,147.5,129.2,13.7,28.8,7.85,48.9,91.4,Very Poor,Very Poor,Moderate,Very Poor,Very Poor,Very Poor
11.8,26.6,100.6,135.8,110.7,17.7,3.41,99.0,24.2,Moderate,Very Poor,Moderate,Moderate,Moderate,Moderate
185.0,576.1,155.7,125.5,178.7,45.0,0.56,81.6,162.1,Very Poor,Very Poor,Severe,Very Poor,Very Poor,Very Poor
184.8,212.8,182.3,85.9,25.7,10.4,7.46,44.3,4.4,Very Poor,Very Poor,Moderate,Very Poor,Very Poor,Very Poor
352.3,215.9,3.1,25.1,26.7,34.0,3.17,95.1,122.8,Moderate,Very Poor,Poor,Moderate,Moderate,Moderate
354.5,15.6,25.1,87.0,7.9,23.2,5.02,80.0,152.5,Moderate,Very Poor,Poor,Moderate,Moderate,Moderate
137.5,483.2,43.2,16.2,48.7,5.4,5.16,98.2,193.4,Severe,Very Poor,Poor,Severe,Severe,Very Poor
264.4,291.9,196.7,95.4,154.1,28.1,9.84,51.3,104.6,Severe,Very Poor,Moderate,Severe,Severe,Severe
389.9,421.9,4.7,87.9,148.8,25.4,9.82,84.5,29.6,Very Poor,Very Poor,Severe,Very Poor,Very Poor,Very Poor
283.2,489.0,4.5,48.3,65.8,43.4,9.02,37.8,160.6,Severe,Very Poor,Severe,Severe,Severe,Severe
366.2,86.2,111.5,126.9,72.6,25.9,0.05,25.7,196.9,Poor,Very Poor,Poor,Poor,Poor,Poor
32.3,589.3,176.9,132.1,193.8,6.6,3.91,57.1,20.7,Moderate,Very Poor,Very Poor,Moderate,Moderate,Moderate
390.9,126.5,24.2,118.9,137.9,23.2,6.86,6.0,128.6,Moderate,Very Poor,Moderate,Moderate,Moderate,Moderate
33.4,484.6,90.4,93.7,146.1,39.2,2.16,88.3,122.9,Severe,Very Poor,Very Poor,Severe,Severe,Severe
279.1,297.6,198.5,75.9,77.4,43.8,9.65,87.0,81.8,Severe,Very Poor,Moderate,Severe,Severe,Severe
98.8,9.3,5.0,128.5,172.8,25.2,3.54,43.4,38.5,Poor,Very Poor,Moderate,Poor,Poor,Poor
487.0,286.8,143.2,109.4,47.3,41.1,5.19,16.8,24.5,Poor,Very Poor,Moderate,Poor,Poor,Poor
137.5,451.7,161.0,124.3,27.2,45.5,3.67,91.6,18.4,Severe,Very Poor,Very Poor,Severe,Severe,Severe
62.5,234.9,172.7,28.5,128.2,47.7,7.69,81.8,61.3,Moderate,Very Poor,Very Poor,Moderate,Moderate,Moderate
172.9,136.7,20.8,91.6,153.7,27.4,2.51,78.1,32.4,Very Poor,Very Poor,Moderate,Very Poor,Very Poor,Very Poor
47.6,583.6,92.8,8.6,13.1,4.1,8.78,18.9,29.9,Moderate,Very Poor,Very Poor,Moderate,Moderate,Moderate
87.9,210.8,30.8,149.5,197.5,9.6,6.64,34.9,72.4,Moderate,Very Poor,Very Poor,Moderate,Moderate,Moderate
39.9,595.9,82.7,125.2,48.2,0.7,4.24,58.9,95.2,Moderate,Very Poor,Very Poor,Moderate,Moderate,Satisfactory
468.4,599.0,166.0,27.1,182.4,35.3,8.77,16.0,173.2,Poor,Very Poor,Severe,Poor,Poor,Satisfactory
231.6,261.6,101.1,139.7,182.4,20.4,5.47,54.5,26.4,Very Poor,Very Poor,Moderate,Very Poor,Very Poor,Very Poor
2.1,75.4,58.9,144.4,243.1,19.4,8.14,51.6,108.4,Moderate,Very Poor,Very Poor,Moderate,Moderate,Moderate
44.1,518.3,33.6,46.5,19.3,39.2,6.23,40.2,172.6,Poor,Very Poor,Poor,Poor,Poor,Poor
103.2,361.9,17.3,33.7,181.7,28.5,8.68,82.4,159.4,Very Poor,Very Poor,Poor,Very Poor,Very Poor,Very Poor
166.3,258.8,88.1,61.5,210.4,29.5,6.48,84.9,114.4,Very Poor,Very Poor,Very Poor,Very Poor,Very Poor,Very Poor
325.9,281.3,131.8,94.8,153.4,41.6,1.59,20.7,141.7,Severe,Very Poor,Poor,Severe,Severe,Severe
283.3,260.2,137.0,12.5,158.5,1.9,1.88,91.3,167.1,Severe,Very Poor,Poor,Severe,Severe,Severe
249.0,533.3,170.1,108.4,33.6,36.1,2.86,38.7,101.3,Very Poor,Very Poor,Severe,Very Poor,Very Poor,Very Poor
37.3,131.7,149.2,11.5,26.4,7.8,3.29,89.5,73.8,Moderate,Very Poor,Very Poor,Moderate,Moderate,Moderate
133.3,497.7,63.8,125.6,119.7,37.8,8.93,66.5,7.6,Severe,Very Poor,Very Poor,Severe,Severe,Severe
91.3,521.5,41.5,133.3,51.3,25.8,8.18,65.1,6.1,Poor,Very Poor,Very Poor,Poor,Poor,Moderate
153.4,155.9,150.2,45.9,19.3,49.5,1.95,94.1,63.4,Very Poor,Very Poor,Very Poor,Very Poor,Very Poor,Very Poor
388.9,155.9,95.0,105.4,34.7,30.9,8.71,68.6,115.5,Moderate,Very Poor,Moderate,Moderate,Moderate,Moderate
40.9,420.0,121.2,65.6,140.1,28.4,1.68,43.3,118.2,Very Poor,Very Poor,Very Poor,Severe,Very Poor,Very Poor
446.4,324.7,117.1,8.6,184.8,26.6,1.99,87.5,95.9,Poor,Very Poor,Satisfactory,Moderate,Poor,Poor
240.8,445.2,159.7,106.7,40.9,11.9,8.55,28.2,115.8,Severe,Very Poor,Severe,Severe,Severe,Severe
291.3,22.3,174.7,52.4,61.3,13.0,4.48,6.5,4.1,Severe,Very Poor,Moderate,Severe,Severe,Severe
129.4,292.8,85.1,38.1,94.9,28.8,8.36,11.8,116.2,Very Poor,Very Poor,Very Poor,Very Poor,Very Poor,Very Poor
44.3,385.8,51.0,1.3,237.1,18.4,1.2,35.8,71.8,Very Poor,Very Poor,Satisfactory,Satisfactory,Very Poor,Very Poor
335.3,348.1,35.9,74.0,75.1,5.1,3.53,9.3,160.0,Severe,Very Poor,Poor,Severe,Severe,Severe
413.7,210.2,98.9,83.3,69.4,11.4,5.64,64.7,17.3,Moderate,Very Poor,Moderate,Moderate,Moderate,Moderate
471.5,55.2,66.7,119.4,141.2,45.0,3.85,36.9,165.8,Moderate,Very Poor,Poor,Moderate,Moderate,Moderate
437.6,359.9,21.2,109.5,175.9,16.3,6.35,93.9,89.9,Very Poor,Very Poor,Severe,Very Poor,Very Poor,Very Poor
438.7,16.0,99.9,142.8,248.4,7.4,6.05,38.0,122.6,Moderate,Very Poor,Moderate,Moderate,Moderate,Moderate
266.6,166.9,18.2,100.2,214.9,33.1,3.76,43.6,33.4,Severe,Very Poor,Moderate,Severe,Severe,Severe
265.5,46.2,13.7,66.4,60.8,7.0,4.82,17.6,7.8,Severe,Very Poor,Moderate,Severe,Severe,Severe
277.5,63.8,162.5,61.2,13.3,16.2,6.99,47.5,58.3,Severe,Very Poor,Moderate,Severe,Severe,Severe
46.4,24.5,21.7,28.6,134.8,8.9,3.61,34.7,12.4,Moderate,Very Poor,Moderate,Moderate,Moderate,Moderate
468.5,487.4,80.7,51.0,107.7,7.8,4.14,51.7,146.7,Severe,Very Poor,Severe,Severe,Severe,Severe
97.3,177.3,131.1,67.4,128.6,1.8,0.29,29.7,175.3,Poor,Very Poor,Poor,Poor,Poor,Poor
356.9,428.5,123.9,97.7,91.7,48.9,7.1,42.8,61.2,Very Poor,Very Poor,Severe,Very Poor,Very Poor,Very Poor
164.0,571.7,170.8,40.1,20.9,48.8,9.28,89.8,43.5,Very Poor,Very Poor,Severe,Very Poor,Very Poor,Very Poor
476.2,261.8,165.9,115.4,44.3,48.9,0.59,39.2,60.9,Poor,Very Poor,Satisfactory,Poor,Poor,Poor
419.1,43.5,80.1,35.5,239.7,28.1,4.99,22.3,40.9,Moderate,Very Poor,Moderate,Moderate,Moderate,Moderate
466.8,123.8,74.5,29.1,45.6,23.6,1.61,15.4,28.6,Moderate,Very Poor,Satisfactory,Moderate,Moderate,Moderate
464.3,274.5,31.1,93.2,241.6,19.7,0.67,40.0,197.5,Poor,Very Poor,Poor,Poor,Poor,Poor
412.2,443.8,59.2,18.4,57.6,49.4,8.0,91.7,102.4,Severe,Very Poor,Severe,Severe,Severe,Severe
425.7,218.7,24.9,129.7,109.7,22.9,1.78,16.3,170.7,Poor,Very Poor,Poor,Poor,Poor,Poor
334.2,410.5,93.0,71.8,8.8,21.1,4.86,45.8,39.8,Severe,Very Poor,Severe,Severe,Severe,Severe
407.2,104.1,197.9,89.6,6.1,44.9,0.81,96.9,115.8,Moderate,Very Poor,Moderate,Moderate,Moderate,Very Poor
459.7,46.4,153.0,122.2,94.2,47.8,8.42,55.8,161.4,Moderate,Very Poor,Moderate,Moderate,Moderate,Moderate
334.1,126.0,74.2,74.4,111.3,44.2,5.49,57.1,141.6,Severe,Very Poor,Poor,Severe,Severe,Severe
380.4,404.7,16.1,34.0,44.2,24.8,5.24,67.9,180.9,Very Poor,Very Poor,Poor,Very Poor,Very Poor,Very Poor
36.6,357.6,46.5,79.4,143.0,2.5,2.23,4.3,132.6,Very Poor,Very Poor,Very Poor,Very Poor,Very Poor,Very Poor
400.2,69.4,70.8,13.7,146.7,14.6,5.14,41.2,25.8,Moderate,Very Poor,Moderate,Moderate,Moderate,Poor
379.2,499.4,34.3,86.8,39.4,7.4,1.29,8.7,185.6,Severe,Very Poor,Severe,Poor,Severe,Very Poor
7.9,275.2,32.9,48.3,239.6,31.5,1.22,23.6,63.0,Poor,Very Poor,Satisfactory,Satisfactory,Poor,Severe
48.0,192.3,80.2,60.0,197.5,5.8,8.91,45.8,5.6,Moderate,Very Poor,Moderate,Moderate,Moderate,Satisfactory
281.1,455.7,114.1,23.5,190.4,2.7,6.57,72.9,169.2,Severe,Very Poor,Poor,Severe,Severe,Severe
371.2,242.1,94.6,91.9,84.1,26.4,0.55,21.6,64.2,Moderate,Very Poor,Satisfactory,Moderate,Moderate,Poor
148.5,182.9,71.8,112.9,232.2,5.0,6.36,53.2,39.3,Very Poor,Very Poor,Moderate,Very Poor,Very Poor,Very Poor
390.5,382.7,173.1,100.5,140.1,27.6,7.64,66.8,57.4,Very Poor,Very Poor,Severe,Very Poor,Very Poor,Very Poor
453.1,372.1,92.0,1.4,189.6,16.3,8.93,57.6,171.0,Very Poor,Very Poor,Severe,Very Poor,Very Poor,Very Poor
456.7,514.0,198.6,15.3,187.3,21.9,4.27,5.1,81.7,Moderate,Very Poor,Severe,Moderate,Moderate,Moderate
203.7,8.0,151.4,11.7,44.3,17.1,1.62,42.9,196.6,Very Poor,Very Poor,Poor,Very Poor,Very Poor,Very Poor
87.0,187.7,126.2,111.4,216.8,11.8,7.6,77.3,105.5,Moderate,Very Poor,Very Poor,Moderate,Moderate,Moderate
332.4,190.3,68.8,133.2,167.4,35.5,6.6,52.0,157.0,Severe,Very Poor,Poor,Severe,Severe,Severe
399.1,31.5,97.3,136.2,106.4,4.8,1.39,30.5,31.7,Moderate,Very Poor,Moderate,Moderate,Moderate,Moderate
347.1,523.3,84.9,109.2,108.8,10.0,9.5,94.7,42.4,Severe,Very Poor,Severe,Severe,Severe,Severe
91.6,222.9,54.8,0.4,78.2,32.4,7.19,90.9,191.6,Poor,Very Poor,Poor,Poor,Poor,Poor
243.9,343.8,144.5,38.6,94.7,38.3,3.61,16.8,154.3,Very Poor,Very Poor,Poor,Very Poor,Very Poor,Very Poor
253.5,399.4,33.8,118.9,103.5,30.8,3.46,89.5,82.8,Severe,Very Poor,Severe,Severe,Severe,Severe
309.0,436.2,17.8,136.1,200.1,43.0,1.57,98.6,194.3,Severe,Very Poor,Poor,Severe,Severe,Severe
57.8,125.2,160.7,35.4,193.6,39.3,4.26,91.9,8.6,Moderate,Very Poor,Moderate,Moderate,Moderate,Satisfactory
341.5,142.3,67.5,45.3,180.0,22.6,1.73,46.1,47.4,Severe,Very Poor,Satisfactory,Severe,Severe,Severe
9.3,351.3,150.6,79.3,224.8,17.9,7.96,66.2,194.5,Very Poor,Very Poor,Poor,Very Poor,Very Poor,Poor
137.1,528.8,88.8,42.4,117.8,15.0,5.91,42.8,126.4,Very Poor,Very Poor,Very Poor,Very Poor,Very Poor,Very Poor
280.2,492.4,46.7,127.2,205.8,45.1,5.04,45.6,27.3,Severe,Very Poor,Severe,Severe,Severe,Severe
73.0,554.5,23.0,120.3,44.1,44.0,0.15,25.4,150.3,Moderate,Very Poor,Very Poor,Moderate,Moderate,Moderate
453.4,72.2,64.0,100.3,187.7,11.1,8.55,6.9,141.6,Moderate,Very Poor,Moderate,Moderate,Moderate,Moderate
104.7,31.7,6.6,139.4,139.6,37.3,3.33,14.7,143.3,Poor,Very Poor,Poor,Poor,Poor,Poor
216.9,514.4,191.7,61.9,194.4,42.2,9.78,64.1,144.6,Very Poor,Very Poor,Severe,Very Poor,Very Poor,Very Poor
283.5,244.1,139.4,83.7,134.4,43.3,2.44,77.7,27.3,Severe,Very Poor,Moderate,Severe,Severe,Severe
140.1,264.7,176.1,47.1,99.3,46.4,5.95,18.7,15.7,Very Poor,Very Poor,Moderate,Very Poor,Very Poor,Very Poor
371.4,274.8,93.4,118.8,84.7,47.4,7.8,63.8,130.0,Poor,Very Poor,Severe,Poor,Poor,Poor
391.4,206.3,17.7,148.7,229.7,14.1,7.32,23.6,11.7,Moderate,Very Poor,Moderate,Moderate,Moderate,Moderate
429.1,479.9,184.7,72.1,112.9,6.1,6.53,67.8,127.3,Severe,Very Poor,Severe,Severe,Severe,Severe
442.0,390.0,62.5,65.4,153.0,11.9,9.98,98.3,72.5,Very Poor,Very Poor,Severe,Very Poor,Very Poor,Very Poor
28.4,588.8,150.2,150.0,104.6,17.7,2.73,36.3,193.5,Poor,Very Poor,Poor,Poor,Poor,Poor
15.8,362.2,41.4,48.4,87.8,7.5,4.23,23.4,147.4,Very Poor,Very Poor,Very Poor,Very Poor,Very Poor,Very Poor
70.3,248.4,163.1,33.0,130.8,42.6,4.47,48.6,134.7,Moderate,Very Poor,Poor,Moderate,Moderate,Moderate
82.9,292.7,112.9,52.5,220.4,15.1,6.24,59.7,40.1,Poor,Very Poor,Very Poor,Poor,Poor,Poor
227.3,539.3,111.7,11.9,127.8,40.2,2.06,51.8,65.8,Very Poor,Very Poor,Satisfactory,Very Poor,Very Poor,Very Poor
352.4,344.1,81.9,96.5,160.2,43.2,5.39,70.0,129.1,Poor,Very Poor,Severe,Poor,Poor,Poor
41.3,595.2,70.6,22.5,180.9,20.2,1.96,55.5,97.0,Satisfactory,Very Poor,Very Poor,Satisfactory,Satisfactory,Very Poor
220.1,78.1,67.7,14.2,229.5,5.8,2.54,59.2,103.1,Very Poor,Very Poor,Satisfactory,Very Poor,Very Poor,Very Poor
152.5,29.4,35.1,117.0,9.9,35.7,7.53,32.6,109.8,Very Poor,Very Poor,Moderate,Very Poor,Very Poor,Very Poor
454.2,183.4,198.0,57.0,111.6,23.2,8.66,53.3,32.6,Moderate,Very Poor,Moderate,Moderate,Moderate,Moderate
17.6,60.9,185.2,39.7,92.8,46.4,4.03,3.0,41.7,Moderate,Very Poor,Very Poor,Moderate,Moderate,Moderate
183.1,85.2,190.1,43.5,202.6,9.3,1.31,91.4,197.1,Very Poor,Very Poor,Poor,Very Poor,Very Poor,Very Poor
352.5,41.9,170.7,14.4,8.7,8.0,6.4,18.0,15.9,Moderate,Very Poor,Moderate,Moderate,Moderate,Poor
241.6,130.5,30.6,30.6,1.2,16.8,3.35,46.3,37.7,Very Poor,Very Poor,Moderate,Very Poor,Very Poor,Very Poor
164.7,35.7,162.8,23.4,42.0,28.3,2.65,42.7,124.7,Very Poor,Very Poor,Poor,Very Poor,Very Poor,Severe
388.0,322.6,72.5,75.4,106.2,14.6,7.48,45.0,11.0,Poor,Very Poor,Moderate,Poor,Poor,Poor
369.6,226.4,30.4,104.8,195.2,7.5,4.45,86.6,190.4,Poor,Very Poor,Poor,Poor,Poor,Poor
232.2,247.6,124.5,49.8,146.1,41.4,8.67,47.7,76.0,Very Poor,Very Poor,Moderate,Very Poor,Very Poor,Very Poor
469.3,136.0,67.2,89.1,32.5,5.8,5.48,8.7,110.4,Moderate,Very Poor,Moderate,Moderate,Moderate,Moderate
56.3,514.4,171.1,125.4,69.6,44.1,5.15,60.3,20.3,Moderate,Very Poor,Very Poor,Moderate,Moderate,Moderate
112.4,475.1,19.9,115.4,86.5,44.9,2.92,55.9,118.7,Severe,Very Poor,Very Poor,Severe,Severe,Severe
113.2,172.2,86.2,128.6,140.8,28.0,7.99,4.7,6.3,Poor,Very Poor,Moderate,Poor,Poor,Poor
392.9,573.1,93.8,19.1,110.6,7.5,5.82,93.7,87.5,Moderate,Very Poor,Severe,Moderate,Moderate,Moderate
362.2,170.5,80.2,45.7,43.7,15.2,2.55,66.6,121.4,Moderate,Very Poor,Poor,Moderate,Moderate,Moderate
489.6,382.8,111.3,105.1,244.6,49.0,7.48,73.0,89.4,Very Poor,Very Poor,Severe,Very Poor,Very Poor,Very Poor
469.7,512.2,104.2,25.3,113.9,43.4,7.8,76.1,22.3,Moderate,Very Poor,Severe,Moderate,Moderate,Moderate
305.6,76.7,42.9,6.3,177.2,30.4,1.42,78.2,133.4,Severe,Very Poor,Satisfactory,Severe,Severe,Severe
188.6,599.9,11.3,122.7,202.2,2.5,3.56,92.3,9.8,Very Poor,Very Poor,Severe,Very Poor,Very Poor,Satisfactory
185.1,327.9,152.1,7.0,16.8,21.5,5.34,89.6,64.8,Very Poor,Very Poor,Very Poor,Very Poor,Very Poor,Very Poor
26.3,297.4,76.8,124.2,71.9,25.2,7.15,91.7,29.2,Poor,Very Poor,Very Poor,Poor,Poor,Poor
45.4,190.3,21.3,4.7,145.3,41.7,5.13,79.3,129.9,Moderate,Very Poor,Poor,Moderate,Moderate,Moderate
242.3,413.0,77.6,128.6,209.2,19.5,8.08,54.7,133.8,Very Poor,Very Poor,Severe,Very Poor,Very Poor,Very Poor
455.1,291.9,12.8,6.4,190.7,36.2,9.35,16.1,3.5,Poor,Very Poor,Moderate,Poor,Poor,Poor
189.9,436.0,22.4,42.0,14.9,17.7,8.52,15.5,90.2,Severe,Very Poor,Severe,Severe,Severe,Severe
33.4,387.0,72.4,80.7,165.9,8.2,6.84,87.7,153.5,Very Poor,Very Poor,Very Poor,Very Poor,Very Poor,Very Poor
273.4,349.7,53.9,81.0,67.2,39.1,5.12,82.9,0.4,Severe,Very Poor,Moderate,Severe,Severe,Very Poor
472.3,48.6,128.1,29.0,126.4,34.7,0.35,24.0,74.8,Satisfactory,Very Poor,Good,Satisfactory,Satisfactory,Moderate
209.1,73.1,133.6,109.2,192.8,32.3,1.36,8.5,10.3,Very Poor,Very Poor,Moderate,Very Poor,Very Poor,Very Poor
464.1,28.3,16.5,16.8,68.4,18.9,5.1,8.8,105.8,Moderate,Very Poor,Moderate,Moderate,Moderate,Moderate
26.8,145.7,152.1,119.1,181.9,38.4,5.23,77.5,74.0,Moderate,Very Poor,Very Poor,Moderate,Moderate,Moderate
428.2,460.9,179.7,127.6,165.2,44.0,9.2,91.8,18.3,Severe,Very Poor,Severe,Severe,Severe,Severe
352.8,198.6,130.1,54.6,102.6,5.8,4.42,36.9,93.2,Moderate,Very Poor,Moderate,Moderate,Moderate,Moderate
412.0,593.5,115.1,92.4,75.1,19.2,8.59,65.2,77.1,Moderate,Very Poor,Severe,Moderate,Moderate,Moderate
74.9,347.6,155.9,71.0,150.0,35.9,3.69,74.7,156.7,Poor,Very Poor,Poor,Poor,Poor,Poor
65.2,62.0,4.1,108.2,184.9,43.8,5.21,77.0,111.2,Moderate,Very Poor,Very Poor,Moderate,Moderate,Moderate
447.6,343.3,28.1,13.2,141.8,46.3,7.98,8.7,70.8,Poor,Very Poor,Severe,Poor,Poor,Poor
302.0,34.5,37.8,137.4,12.3,40.8,9.2,31.3,107.9,Severe,Very Poor,Moderate,Severe,Severe,Severe
143.9,167.9,9.7,21.1,6.7,2.0,5.84,68.8,175.6,Very Poor,Very Poor,Poor,Very Poor,Very Poor,Very Poor
1.3,214.3,12.8,67.6,148.4,48.8,3.57,79.4,106.0,Moderate,Very Poor,Very Poor,Moderate,Moderate,Moderate
90.7,519.6,164.8,14.5,8.1,39.0,3.22,77.6,191.2,Poor,Very Poor,Poor,Poor,Poor,Very Poor
70.1,442.5,15.5,146.2,120.1,27.0,2.66,29.7,25.5,Severe,Very Poor,Very Poor,Severe,Severe,Severe
81.1,293.2,9.3,40.0,239.0,46.6,1.9,18.5,16.8,Poor,Very Poor,Satisfactory,Moderate,Poor,Poor
274.1,429.7,196.9,92.6,97.0,5.8,7.98,1.2,18.7,Severe,Very Poor,Severe,Severe,Severe,Severe
323.8,360.2,186.5,63.0,167.2,28.2,5.44,43.7,59.4,Severe,Very Poor,Severe,Severe,Severe,Severe
143.2,446.8,182.6,132.8,145.8,3.0,3.9,89.1,190.9,Severe,Very Poor,Poor,Severe,Severe,Severe
351.9,386.9,87.4,28.8,232.0,2.7,1.21,7.6,98.3,Very Poor,Very Poor,Satisfactory,Severe,Very Poor,Very Poor
142.8,167.1,141.1,62.6,123.0,38.9,3.41,9.2,10.4,Very Poor,Very Poor,Moderate,Very Poor,Very Poor,Very Poor
426.7,452.8,107.6,98.3,183.3,13.2,8.02,71.9,157.4,Severe,Very Poor,Severe,Severe,Severe,Severe
284.1,105.7,164.4,65.8,102.4,27.7,9.19,66.0,129.7,Severe,Very Poor,Moderate,Severe,Severe,Severe
198.1,594.7,159.9,130.5,104.3,6.2,4.02,15.5,150.2,Very Poor,Very Poor,Severe,Very Poor,Very Poor,Very Poor
419.6,37.2,33.8,94.3,115.3,35.8,0.02,44.6,148.9,Moderate,Very Poor,Satisfactory,Moderate,Moderate,Moderate
421.2,51.3,70.0,53.7,81.0,17.7,1.18,95.8,111.5,Moderate,Very Poor,Satisfactory,Moderate,Moderate,Moderate
109.7,466.0,116.3,14.6,46.6,10.0,8.24,19.6,126.6,Severe,Very Poor,Very Poor,Severe,Severe,Severe
462.2,82.1,39.2,123.1,143.2,28.4,9.06,25.6,145.2,Moderate,Very Poor,Moderate,Moderate,Moderate,Moderate
257.2,101.6,103.2,104.0,244.4,48.1,9.34,72.8,75.2,Severe,Very Poor,Moderate,Severe,Severe,Severe
398.7,70.4,186.7,74.6,40.2,31.3,9.27,4.6,28.6,Moderate,Very Poor,Moderate,Moderate,Moderate,Moderate
451.4,403.0,67.6,9.0,105.4,15.1,3.86,57.2,81.5,Very Poor,Very Poor,Severe,Very Poor,Very Poor,Very Poor
129.7,296.6,59.7,49.2,18.6,13.4,6.72,33.6,99.7,Very Poor,Very Poor,Very Poor,Very Poor,Very Poor,Very Poor
453.2,575.8,189.1,17.5,108.7,36.2,9.33,0.3,19.9,Moderate,Very Poor,Severe,Moderate,Moderate,Moderate
93.4,19.3,117.5,108.5,11.7,25.6,9.77,80.3,14.9,Poor,Very Poor,Moderate,Poor,Poor,Poor
37.6,147.4,7.3,148.4,225.4,38.3,9.26,20.3,73.5,Moderate,Very Poor,Very Poor,Moderate,Moderate,Moderate
384.3,173.9,133.7,66.2,143.7,49.6,4.53,44.0,35.9,Moderate,Very Poor,Moderate,Moderate,Moderate,Moderate
154.3,179.0,167.5,94.7,11.4,22.8,3.45,95.7,47.8,Very Poor,Very Poor,Moderate,Very Poor,Very Poor,Very Poor
482.2,171.4,188.6,36.0,192.8,28.4,7.88,6.4,101.3,Moderate,Very Poor,Moderate,Moderate,Moderate,Moderate
331.3,321.6,62.6,18.8,182.4,1.0,1.53,99.8,14.9,Severe,Very Poor,Satisfactory,Severe,Severe,Severe
265.4,390.7,95.1,16.7,8.6,29.7,6.16,41.5,97.0,Severe,Very Poor,Severe,Severe,Severe,Severe
288.2,251.4,11.2,43.7,32.3,15.8,0.38,87.9,122.7,Severe,Very Poor,Satisfactory,Severe,Severe,Severe
470.4,65.7,175.1,106.2,167.4,27.5,6.33,1.0,73.7,Moderate,Very Poor,Moderate,Moderate,Moderate,Moderate
383.2,461.8,74.1,145.6,35.0,13.8,8.89,87.1,96.6,Severe,Very Poor,Severe,Severe,Severe,Severe
477.7,327.2,110.6,30.1,18.0,4.0,7.57,59.1,167.6,Poor,Very Poor,Severe,Poor,Poor,Poor
3.3,557.3,38.9,78.0,108.1,8.8,5.06,2.0,36.2,Moderate,Very Poor,Very Poor,Moderate,Moderate,Moderate
198.9,430.2,196.3,130.3,101.8,13.0,1.31,73.7,127.5,Very Poor,Very Poor,Severe,Very Poor,Very Poor,Very Poor
445.2,30.6,176.7,22.8,119.2,44.8,9.86,35.8,111.6,Moderate,Very Poor,Moderate,Moderate,Moderate,Severe
336.0,161.4,169.8,20.8,181.9,20.5,8.91,48.7,146.7,Severe,Very Poor,Poor,Severe,Severe,Very Poor
100.5,322.4,111.6,112.6,178.1,3.2,7.38,70.1,148.8,Poor,Very Poor,Poor,Poor,Poor,Poor
326.7,331.5,184.4,138.9,50.0,1.8,7.88,40.0,125.1,Severe,Very Poor,Severe,Severe,Severe,Severe
226.3,46.7,13.7,46.1,23.1,28.4,1.94,40.2,103.4,Very Poor,Very Poor,Moderate,Very Poor,Very Poor,Very Poor
314.0,286.7,151.8,117.9,209.1,38.8,3.21,82.7,13.7,Severe,Very Poor,Moderate,Severe,Severe,Severe
79.4,360.9,59.3,109.3,222.1,48.0,8.65,33.1,90.3,Very Poor,Very Poor,Very Poor,Very Poor,Very Poor,Very Poor
454.3,288.8,123.7,94.6,169.0,19.7,5.33,43.0,59.0,Poor,Very Poor,Moderate,Poor,Poor,Poor
313.1,333.2,72.2,21.8,56.7,14.3,9.86,8.4,148.4,Severe,Very Poor,Poor,Severe,Severe,Severe
304.5,93.8,92.8,136.0,119.5,39.8,6.56,25.4,189.7,Severe,Very Poor,Poor,Severe,Severe,Severe
453.9,441.7,125.3,150.0,116.8,23.0,5.67,62.7,65.6,Severe,Very Poor,Severe,Severe,Severe,Severe
271.4,27.6,145.4,107.6,230.8,31.1,4.6,41.2,34.3,Severe,Very Poor,Moderate,Severe,Severe,Severe
471.1,107.4,17.6,63.6,42.6,16.9,5.21,1.5,132.3,Moderate,Very Poor,Moderate,Moderate,Moderate,Moderate
378.3,304.5,107.7,131.9,11.8,1.7,0.06,74.2,107.0,Poor,Very Poor,Severe,Poor,Poor,Poor
184.8,241.9,147.3,22.6,243.0,5.1,7.71,20.8,183.5,Very Poor,Very Poor,Poor,Very Poor,Very Poor,Very Poor
203.4,486.4,154.8,41.1,71.5,18.5,5.62,34.2,94.6,Severe,Very Poor,Severe,Severe,Severe,Severe
389.3,8.2,71.3,99.4,90.4,34.3,9.91,48.9,185.6,Poor,Very Poor,Poor,Poor,Poor,Poor
473.6,280.1,13.2,141.9,27.5,31.0,2.91,26.1,188.5,Poor,Very Poor,Poor,Poor,Poor,Poor
298.4,44.9,35.2,129.9,19.7,2.5,5.26,38.6,138.2,Severe,Very Poor,Moderate,Severe,Severe,Severe
229.4,356.0,19.6,94.4,128.5,21.4,6.97,94.3,125.7,Very Poor,Very Poor,Severe,Very Poor,Very Poor,Very Poor
94.1,384.0,86.1,85.6,11.0,14.6,9.07,65.0,117.7,Very Poor,Very Poor,Very Poor,Very Poor,Very Poor,Very Poor
454.6,106.7,100.6,150.0,100.6,6.9,8.42,44.1,196.8,Poor,Very Poor,Poor,Poor,Poor,Poor
238.3,100.4,168.3,113.0,11.7,7.5,0.19,56.1,197.7,Very Poor,Very Poor,Poor,Very Poor,Very Poor,Very Poor
343.1,94.4,57.2,105.3,151.3,36.6,1.77,43.6,6.5,Severe,Very Poor,Satisfactory,Severe,Severe,Severe
131.3,313.9,173.4,111.9,76.1,13.5,1.87,68.0,49.0,Very Poor,Very Poor,Very Poor,Very Poor,Very Poor,Very Poor
481.8,194.9,177.8,62.4,93.8,12.1,0.73,29.1,114.0,Moderate,Very Poor,Satisfactory,Moderate,Moderate,Satisfactory
460.3,22.2,168.9,15.4,161.2,8.5,8.57,84.3,39.7,Moderate,Very Poor,Moderate,Moderate,Moderate,Moderate
268.6,247.2,145.0,15.5,53.2,12.6,3.48,23.6,131.4,Severe,Very Poor,Poor,Severe,Severe,Severe
153.3,554.0,162.2,109.3,213.2,24.2,9.98,10.1,152.8,Very Poor,Very Poor,Severe,Very Poor,Very Poor,Very Poor
240.4,271.4,81.5,138.5,124.6,0.9,0.62,40.1,82.7,Very Poor,Very Poor,Moderate,Very Poor,Very Poor,Poor
178.6,95.4,169.6,68.2,244.7,3.3,5.97,12.1,171.5,Very Poor,Very Poor,Poor,Very Poor,Very Poor,Very Poor
94.8,462.3,1.3,132.8,232.6,36.6,9.32,73.9,25.2,Severe,Very Poor,Very Poor,Severe,Severe,Severe
66.0,563.7,188.4,25.5,21.7,33.8,8.6,25.5,9.9,Moderate,Very Poor,Very Poor,Moderate,Moderate,Moderate
422.5,34.4,195.8,39.6,246.8,13.6,6.92,82.6,96.3,Moderate,Very Poor,Moderate,Moderate,Moderate,Moderate
18.9,589.8,103.8,133.0,154.0,26.8,3.88,52.7,42.7,Moderate,Very Poor,Very Poor,Moderate,Moderate,Moderate
253.7,282.2,143.3,2.6,223.3,43.9,8.05,81.1,151.4,Severe,Very Poor,Poor,Severe,Severe,Severe
303.2,99.0,176.9,62.4,94.5,24.7,2.59,68.8,85.5,Severe,Very Poor,Moderate,Severe,Severe,Severe
230.6,189.1,157.6,58.6,138.9,13.0,5.98,76.9,81.5,Very Poor,Very Poor,Moderate,Very Poor,Very Poor,Very Poor
20.3,448.1,37.1,38.7,209.8,23.0,7.78,20.9,36.9,Severe,Very Poor,Very Poor,Severe,Severe,Severe
456.7,285.9,40.5,122.5,17.1,35.0,5.56,54.9,74.1,Poor,Very Poor,Moderate,Poor,Poor,Poor
334.8,166.6,174.0,26.1,204.2,42.9,8.67,87.0,197.6,Severe,Very Poor,Poor,Severe,Severe,Severe
106.2,53.6,26.9,8.2,76.3,12.9,8.03,96.3,91.9,Poor,Very Poor,Moderate,Poor,Poor,Very Poor
471.6,489.6,19.4,45.4,193.8,32.1,4.4,51.8,159.0,Severe,Very Poor,Severe,Severe,Severe,Severe
331.9,30.3,29.4,116.8,16.3,11.1,2.39,5.5,23.5,Severe,Very Poor,Moderate,Severe,Severe,Severe
99.0,50.5,165.6,75.0,147.4,18.0,8.43,49.3,83.7,Poor,Very Poor,Moderate,Poor,Poor,Poor
359.2,250.3,17.0,83.5,203.6,10.0,1.04,69.8,38.9,Moderate,Very Poor,Satisfactory,Poor,Moderate,Moderate
435.3,326.3,54.3,82.8,243.2,28.8,9.57,68.4,56.3,Poor,Very Poor,Moderate,Poor,Poor,Poor
482.6,433.5,187.9,68.2,83.6,41.5,0.58,98.2,159.4,Severe,Very Poor,Severe,Moderate,Severe,Severe
384.6,255.9,197.4,16.0,183.4,1.9,2.24,11.1,105.9,Poor,Very Poor,Satisfactory,Poor,Poor,Poor
58.7,556.7,60.2,68.8,173.2,31.6,9.7,75.9,96.6,Moderate,Very Poor,Very Poor,Moderate,Moderate,Moderate
439.4,285.5,161.7,23.6,58.3,40.5,0.33,71.8,108.4,Poor,Very Poor,Satisfactory,Poor,Poor,Poor
355.5,138.8,155.3,132.8,207.1,20.4,0.84,58.2,11.6,Moderate,Very Poor,Moderate,Moderate,Moderate,Severe
348.7,110.0,51.4,13.2,195.5,3.5,8.4,97.6,105.4,Severe,Very Poor,Moderate,Severe,Severe,Severe
264.5,224.9,136.5,146.3,37.8,13.6,6.85,62.5,85.6,Severe,Very Poor,Moderate,Severe,Severe,Severe
6.8,231.7,16.2,71.8,17.6,44.2,2.38,96.4,107.9,Moderate,Very Poor,Very Poor,Moderate,Moderate,Moderate
28.8,430.0,37.6,113.5,130.6,39.4,6.43,6.4,52.4,Very Poor,Very Poor,Very Poor,Very Poor,Very Poor,Very Poor
326.8,253.1,180.2,116.9,214.9,1.5,9.1,77.4,135.7,Severe,Very Poor,Moderate,Severe,Severe,Severe
219.5,535.6,22.3,102.9,77.1,11.8,8.02,100.0,10.2,Very Poor,Very Poor,Severe,Very Poor,Very Poor,Very Poor
378.8,218.2,53.5,83.9,170.9,34.6,2.92,45.3,135.3,Moderate,Very Poor,Poor,Moderate,Moderate,Moderate
347.6,317.3,177.7,26.4,142.8,40.7,1.22,49.1,157.9,Severe,Very Poor,Poor,Poor,Severe,Poor
22.7,376.0,41.4,25.0,223.6,27.2,1.16,10.1,3.6,Very Poor,Very Poor,Satisfactory,Satisfactory,Very Poor,Very Poor
79.8,535.6,42.6,21.5,130.7,30.9,4.0,88.4,101.1,Moderate,Very Poor,Very Poor,Moderate,Moderate,Very Poor
58.1,416.2,58.9,54.5,173.6,10.6,4.67,33.5,100.4,Very Poor,Very Poor,Very Poor,Very Poor,Very Poor,Very Poor
388.9,541.7,149.7,65.9,193.3,16.9,2.51,31.4,87.8,Moderate,Very Poor,Severe,Moderate,Moderate,Moderate
226.0,62.2,173.4,0.7,66.4,30.4,1.32,50.9,63.8,Very Poor,Very Poor,Good,Very Poor,Very Poor,Very Poor
380.9,357.6,188.6,64.4,245.9,23.8,1.54,91.5,166.9,Very Poor,Very Poor,Poor,Poor,Very Poor,Very Poor
395.8,61.8,192.7,116.4,115.6,11.9,1.26,97.7,61.2,Moderate,Very Poor,Moderate,Moderate,Moderate,Moderate
6.6,347.6,55.1,11.4,134.4,9.9,0.28,22.9,138.6,Poor,Very Poor,Satisfactory,Poor,Poor,Moderate
82.5,104.5,5.6,13.9,79.4,30.1,4.62,5.4,106.6,Moderate,Very Poor,Very Poor,Moderate,Moderate,Moderate
54.8,158.0,125.9,58.2,125.9,18.6,2.48,23.2,33.5,Moderate,Very Poor,Very Poor,Moderate,Moderate,Moderate
327.1,293.4,22.0,37.5,63.7,15.4,8.45,98.5,116.1,Severe,Very Poor,Severe,Severe,Severe,Severe
181.5,213.9,40.0,86.9,32.4,29.6,0.35,91.8,152.9,Very Poor,Very Poor,Poor,Very Poor,Very Poor,Very Poor
166.3,153.8,172.3,53.3,105.2,6.2,8.09,14.8,83.9,Very Poor,Very Poor,Moderate,Very Poor,Very Poor,Very Poor
364.2,236.4,97.1,140.7,196.0,43.8,1.12,86.4,85.8,Moderate,Very Poor,Moderate,Moderate,Moderate,Moderate
32.8,198.5,106.4,16.4,201.6,36.2,2.83,6.1,83.5,Moderate,Very Poor,Very Poor,Moderate,Moderate,Moderate
71.4,63.3,45.4,41.2,171.5,48.7,7.04,12.1,68.4,Moderate,Very Poor,Very Poor,Moderate,Moderate,Moderate
147.2,194.5,60.7,44.1,234.3,9.5,9.98,47.6,68.2,Very Poor,Very Poor,Moderate,Very Poor,Very Poor,Very Poor
183.1,457.9,173.5,139.1,7.2,29.3,5.56,94.0,57.0,Severe,Very Poor,Severe,Severe,Severe,Severe
213.4,129.8,12.8,145.6,40.9,30.8,5.29,46.9,178.2,Very Poor,Very Poor,Poor,Very Poor,Very Poor,Very Poor
140.4,545.2,160.5,139.2,171.1,3.1,8.26,16.7,197.9,Very Poor,Very Poor,Poor,Very Poor,Very Poor,Very Poor
24.8,486.9,104.4,62.7,109.9,43.0,3.81,50.1,98.0,Severe,Very Poor,Very Poor,Severe,Severe,Severe
251.5,493.5,180.8,73.1,176.3,12.6,2.59,61.9,71.5,Severe,Very Poor,Severe,Severe,Severe,Severe
350.8,58.4,133.0,64.8,15.1,29.0,0.11,63.4,109.1,Moderate,Very Poor,Satisfactory,Severe,Moderate,Severe
178.3,596.2,121.0,25.8,224.1,3.0,6.31,71.5,146.2,Very Poor,Very Poor,Severe,Very Poor,Very Poor,Very Poor
138.7,264.1,188.1,142.3,85.5,38.2,8.99,81.2,160.5,Very Poor,Very Poor,Poor,Very Poor,Very Poor,Very Poor
486.5,445.3,150.1,98.6,25.5,28.8,5.99,57.7,91.6,Severe,Very Poor,Severe,Severe,Severe,Severe
399.3,289.4,14.7,121.1,109.0,39.1,5.11,3.5,10.7,Poor,Very Poor,Moderate,Poor,Poor,Poor
126.6,177.9,149.6,130.0,168.7,48.9,2.92,65.2,196.9,Very Poor,Very Poor,Poor,Very Poor,Very Poor,Very Poor
440.7,113.5,33.5,23.8,75.5,11.0,8.94,83.2,13.3,Moderate,Very Poor,Moderate,Moderate,Moderate,Moderate
478.5,386.4,70.0,125.5,226.9,26.6,0.2,25.3,189.3,Very Poor,Very Poor,Poor,Poor,Very Poor,Poor
244.1,568.3,57.5,31.2,21.1,13.9,4.56,46.0,179.7,Very Poor,Very Poor,Severe,Very Poor,Very Poor,Very Poor
123.3,2.9,152.7,147.2,52.7,31.5,0.04,45.8,133.8,Very Poor,Very Poor,Poor,Very Poor,Very Poor,Very Poor
238.9,372.8,107.6,68.6,159.5,43.8,5.5,36.3,98.7,Very Poor,Very Poor,Severe,Very Poor,Very Poor,Very Poor
7.3,586.0,51.8,119.4,8.0,38.6,1.2,67.9,148.3,Moderate,Very Poor,Very Poor,Moderate,Moderate,Very Poor
429.1,227.1,83.4,73.0,173.5,30.6,3.71,93.6,35.2,Moderate,Very Poor,Moderate,Moderate,Moderate,Moderate
318.0,329.0,6.1,64.2,16.6,41.1,1.94,5.8,60.0,Severe,Very Poor,Satisfactory,Severe,Severe,Severe
186.8,377.6,159.6,40.6,156.0,1.0,5.67,26.4,179.3,Very Poor,Very Poor,Poor,Very Poor,Very Poor,Very Poor
186.2,45.7,93.0,0.6,185.5,9.4,9.71,83.0,148.0,Very Poor,Very Poor,Poor,Very Poor,Very Poor,Very Poor
8.6,334.4,98.8,125.3,145.8,23.8,4.68,35.5,24.0,Poor,Very Poor,Very Poor,Poor,Poor,Poor
405.8,369.2,52.4,26.8,130.1,25.8,0.5,97.2,170.3,Very Poor,Very Poor,Satisfactory,Poor,Very Poor,Very Poor
195.0,278.0,187.8,45.3,243.0,22.4,3.1,5.6,89.9,Very Poor,Very Poor,Very Poor,Very Poor,Very Poor,Very Poor
188.2,460.0,90.9,96.9,164.1,14.0,5.18,100.0,37.3,Severe,Very Poor,Severe,Severe,Severe,Severe
89.9,369.8,184.2,38.9,219.2,2.0,9.88,28.0,189.6,Very Poor,Very Poor,Poor,Very Poor,Very Poor,Very Poor
302.3,234.6,3.3,28.4,120.5,34.2,8.51,14.6,147.7,Severe,Very Poor,Poor,Severe,Severe,Severe
254.1,5.7,112.8,144.8,59.5,17.3,9.21,31.4,195.7,Severe,Very Poor,Poor,Severe,Severe,Severe
422.5,332.5,105.1,17.5,185.5,18.8,3.5,93.1,83.1,Poor,Very Poor,Severe,Poor,Poor,Poor
112.1,494.1,78.1,33.5,114.3,13.7,6.64,7.5,6.6,Severe,Very Poor,Very Poor,Severe,Severe,Severe
59.3,130.0,194.3,49.1,126.5,8.4,0.24,84.2,113.2,Moderate,Very Poor,Satisfactory,Poor,Moderate,Moderate
94.8,398.0,119.7,143.8,150.9,28.4,0.91,48.7,106.7,Very Poor,Very Poor,Very Poor,Poor,Very Poor,Severe
378.1,322.4,95.2,54.7,65.3,29.3,0.73,54.0,108.1,Poor,Very Poor,Satisfactory,Poor,Poor,Severe
15.4,153.7,190.6,80.1,94.9,16.4,3.42,29.0,63.3,Moderate,Very Poor,Very Poor,Moderate,Moderate,Moderate
247.9,415.7,43.8,20.3,206.4,11.9,8.51,1.9,175.8,Very Poor,Very Poor,Poor,Very Poor,Very Poor,Very Poor
392.6,505.3,188.1,9.9,107.8,12.4,3.09,80.2,53.5,Moderate,Very Poor,Satisfactory,Moderate,Moderate,Severe
50.2,592.4,109.3,28.5,175.2,34.9,5.59,52.5,74.0,Moderate,Very Poor,Very Poor,Moderate,Moderate,Moderate
205.9,150.9,22.4,132.5,246.8,0.5,1.48,2.7,10.1,Very Poor,Very Poor,Satisfactory,Very Poor,Very Poor,Very Poor
28.3,322.4,38.3,113.0,32.6,47.1,0.73,81.2,167.2,Poor,Very Poor,Poor,Poor,Poor,Poor
114.1,309.7,139.4,38.7,204.1,5.8,2.88,97.4,155.6,Poor,Very Poor,Poor,Poor,Poor,Poor
278.7,373.6,92.0,2.4,99.9,8.0,0.37,99.2,74.6,Severe,Very Poor,Satisfactory,Severe,Severe,Severe
375.1,172.8,168.1,69.1,178.1,2.6,4.44,55.2,71.6,Moderate,Very Poor,Moderate,Moderate,Moderate,Moderate
30.4,54.7,24.0,47.1,79.0,0.3,8.16,99.1,90.2,Moderate,Very Poor,Very Poor,Moderate,Moderate,Moderate
284.2,407.0,121.7,31.9,58.0,12.7,5.73,66.8,62.1,Severe,Very Poor,Severe,Severe,Severe,Severe
244.0,84.8,95.9,92.9,7.0,38.0,2.69,15.9,195.9,Very Poor,Very Poor,Poor,Very Poor,Very Poor,Very Poor
177.0,301.5,76.0,7.0,40.6,29.0,8.92,39.1,47.4,Very Poor,Very Poor,Very Poor,Very Poor,Very Poor,Very Poor
39.0,369.6,135.4,142.0,31.8,20.4,3.25,65.9,100.7,Very Poor,Very Poor,Very Poor,Very Poor,Very Poor,Very Poor
352.3,4.4,131.7,19.9,23.6,28.7,3.99,69.0,26.2,Moderate,Very Poor,Moderate,Moderate,Moderate,Moderate
138.1,110.8,91.0,109.5,184.0,46.3,0.58,58.9,77.5,Very Poor,Very Poor,Very Poor,Very Poor,Very Poor,Very Poor
68.9,487.8,6.7,136.0,188.7,10.9,3.33,51.5,114.3,Severe,Very Poor,Very Poor,Severe,Severe,Severe
184.6,462.7,19.6,149.7,72.1,2.8,7.64,15.1,25.0,Severe,Very Poor,Severe,Severe,Severe,Severe
245.8,193.7,191.4,60.9,149.9,35.9,4.78,10.2,40.6,Very Poor,Very Poor,Moderate,Very Poor,Very Poor,Very Poor
246.0,264.6,39.9,113.6,75.7,17.1,3.74,58.8,9.5,Very Poor,Very Poor,Moderate,Very Poor,Very Poor,Very Poor
36.0,319.9,192.2,114.4,106.3,9.8,1.33,70.4,77.8,Poor,Very Poor,Very Poor,Poor,Poor,Poor
180.3,334.6,5.6,49.2,12.9,36.1,1.24,91.5,160.4,Very Poor,Very Poor,Poor,Very Poor,Very Poor,Severe
97.4,123.5,138.8,23.0,214.3,44.4,1.89,32.4,72.8,Poor,Very Poor,Satisfactory,Very Poor,Poor,Severe
88.8,119.4,127.9,75.2,83.9,34.0,7.85,12.9,88.6,Moderate,Very Poor,Very Poor,Moderate,Moderate,Moderate
325.1,289.8,120.5,95.5,80.7,33.4,9.54,18.2,116.3,Severe,Very Poor,Moderate,Severe,Severe,Severe
481.5,386.4,142.9,101.0,209.4,35.3,2.8,3.3,192.3,Very Poor,Very Poor,Poor,Very Poor,Very Poor,Very Poor
302.9,560.1,159.0,15.6,49.1,34.8,8.96,7.8,105.8,Severe,Very Poor,Severe,Severe,Severe,Severe
488.3,433.8,1.0,130.1,174.8,46.3,6.16,97.9,82.5,Severe,Very Poor,Severe,Severe,Severe,Severe
453.6,147.4,32.1,123.1,128.1,18.2,1.68,48.7,29.3,Moderate,Very Poor,Moderate,Moderate,Moderate,Moderate
88.8,305.6,192.0,19.3,30.3,46.2,3.36,53.5,165.1,Poor,Very Poor,Poor,Poor,Poor,Poor
155.5,268.6,77.0,80.0,162.0,1.4,2.27,67.0,39.4,Very Poor,Very Poor,Moderate,Very Poor,Very Poor,Very Poor
315.4,528.9,82.3,125.5,52.6,5.3,6.16,17.9,76.3,Severe,Very Poor,Severe,Severe,Severe,Severe
375.6,221.0,45.3,28.3,126.5,3.0,9.17,92.6,125.5,Moderate,Very Poor,Moderate,Moderate,Moderate,Moderate
119.2,296.1,0.7,13.2,25.9,48.0,8.42,31.7,161.0,Poor,Very Poor,Poor,Poor,Poor,Poor
484.8,527.9,161.7,17.2,115.7,42.1,3.72,49.8,167.0,Moderate,Very Poor,Severe,Moderate,Moderate,Moderate
482.8,583.5,70.9,30.5,235.6,22.4,3.67,24.0,84.9,Moderate,Very Poor,Severe,Moderate,Moderate,Moderate
259.7,85.6,75.4,34.8,177.3,14.8,3.98,26.2,139.4,Severe,Very Poor,Poor,Severe,Severe,Severe
194.3,43.2,161.0,67.0,168.5,31.6,2.3,97.2,195.0,Very Poor,Very Poor,Poor,Very Poor,Very Poor,Very Poor
6.0,181.9,27.7,137.1,20.8,3.6,9.23,37.3,76.9,Moderate,Very Poor,Very Poor,Moderate,Moderate,Moderate
381.2,521.6,132.5,108.6,155.2,8.4,9.75,65.7,76.3,Moderate,Very Poor,Severe,Moderate,Moderate,Moderate
383.7,570.2,40.4,71.2,81.2,12.9,5.95,12.4,171.8,Poor,Very Poor,Severe,Poor,Poor,Poor
169.1,263.2,180.2,20.3,161.3,35.8,1.51,89.0,71.2,Very Poor,Very Poor,Satisfactory,Poor,Very Poor,Severe
404.9,263.0,139.5,79.4,151.6,47.0,1.87,78.9,97.8,Poor,Very Poor,Moderate,Poor,Poor,Poor
399.2,384.0,28.5,24.4,35.8,46.0,1.21,50.3,45.1,Very Poor,Very Poor,Satisfactory,Satisfactory,Poor,Very Poor
214.5,80.0,105.1,16.3,24.8,46.8,5.54,53.1,189.2,Very Poor,Very Poor,Poor,Very Poor,Very Poor,Very Poor
182.8,256.4,190.2,97.5,145.0,32.5,4.59,0.7,38.0,Very Poor,Very Poor,Moderate,Very Poor,Very Poor,Very Poor
189.2,157.7,193.5,58.1,127.1,48.8,1.94,78.8,141.9,Very Poor,Very Poor,Poor,Very Poor,Very Poor,Very Poor
395.5,188.3,172.2,21.9,34.2,46.3,3.93,29.4,74.2,Moderate,Very Poor,Moderate,Moderate,Moderate,Severe
34.3,50.5,143.0,125.9,105.1,25.9,9.41,80.8,87.5,Moderate,Very Poor,Very Poor,Moderate,Moderate,Moderate
357.2,112.1,2.6,82.8,59.2,22.6,5.46,66.9,144.6,Moderate,Very Poor,Poor,Moderate,Moderate,Moderate
380.1,377.4,151.6,113.6,217.1,0.3,8.71,25.2,128.0,Very Poor,Very Poor,Severe,Very Poor,Very Poor,Very Poor
17.6,110.9,128.9,125.1,234.1,8.9,6.13,93.6,56.7,Moderate,Very Poor,Very Poor,Moderate,Moderate,Moderate
339.9,316.6,147.2,122.9,24.0,32.5,7.81,56.8,75.8,Severe,Very Poor,Moderate,Severe,Severe,Severe
318.1,184.9,104.5,43.5,215.9,23.2,7.54,55.7,12.1,Severe,Very Poor,Moderate,Severe,Severe,Severe
475.4,344.8,3.6,5.9,239.0,39.3,7.81,60.9,106.8,Poor,Very Poor,Severe,Poor,Poor,Poor
329.4,419.0,101.5,68.3,43.2,25.4,1.62,77.7,11.2,Severe,Very Poor,Satisfactory,Severe,Severe,Severe
320.4,323.3,183.9,94.1,246.2,31.3,8.25,8.9,171.7,Severe,Very Poor,Poor,Severe,Severe,Severe
421.8,432.7,24.4,72.7,35.0,30.1,2.2,78.0,116.3,Severe,Very Poor,Severe,Severe,Severe,Severe
99.2,216.9,91.9,143.7,13.9,40.0,7.54,76.2,75.5,Poor,Very Poor,Very Poor,Poor,Poor,Poor
77.9,280.0,49.8,110.8,57.6,34.2,3.8,80.2,41.0,Poor,Very Poor,Very Poor,Poor,Poor,Poor
454.7,23.3,5.9,105.6,201.7,48.4,5.09,74.2,93.5,Moderate,Very Poor,Moderate,Moderate,Moderate,Moderate
217.6,111.2,82.6,101.8,56.9,37.2,8.07,36.8,190.4,Very Poor,Very Poor,Poor,Very Poor,Very Poor,Very Poor
77.7,398.2,143.9,140.2,160.6,49.6,2.97,44.8,197.8,Very Poor,Very Poor,Poor,Very Poor,Very Poor,Very Poor
460.2,375.8,31.8,126.0,224.7,5.0,2.72,74.0,30.7,Very Poor,Very Poor,Moderate,Very Poor,Very Poor,Very Poor
335.4,397.1,177.4,126.7,150.0,2.6,2.0,67.1,149.6,Severe,Very Poor,Severe,Severe,Severe,Severe
281.4,547.4,79.5,137.7,87.4,23.1,5.71,27.6,135.5,Severe,Very Poor,Severe,Severe,Severe,Severe
260.9,203.9,14.8,54.5,170.2,31.0,6.65,14.0,58.9,Severe,Very Poor,Moderate,Severe,Severe,Severe
264.7,246.2,3.3,26.3,173.6,3.4,9.79,11.7,89.0,Severe,Very Poor,Moderate,Severe,Severe,Severe
354.1,98.3,157.7,87.9,67.3,30.6,4.59,88.2,65.7,Moderate,Very Poor,Moderate,Moderate,Moderate,Moderate
390.5,307.9,199.1,83.8,92.1,42.3,9.89,71.2,40.9,Poor,Very Poor,Moderate,Poor,Poor,Poor
77.6,214.4,23.4,127.3,143.2,9.1,8.1,68.4,12.7,Moderate,Very Poor,Moderate,Moderate,Moderate,Moderate
306.0,323.4,163.6,69.7,135.2,48.9,5.87,6.1,132.7,Severe,Very Poor,Poor,Severe,Severe,Severe
451.7,415.2,131.7,118.5,4.8,15.7,5.8,30.9,81.5,Very Poor,Very Poor,Severe,Very Poor,Very Poor,Very Poor
64.2,212.9,82.8,74.6,182.0,33.6,0.81,79.8,70.1,Moderate,Very Poor,Very Poor,Moderate,Moderate,Moderate
443.6,147.1,195.0,104.5,234.4,2.1,2.85,14.7,54.9,Moderate,Very Poor,Moderate,Moderate,Moderate,Moderate
132.1,15.4,0.1,94.2,41.6,45.0,1.05,98.9,122.3,Very Poor,Very Poor,Poor,Very Poor,Very Poor,Very Poor
99.1,282.1,36.5,82.9,32.8,21.6,1.12,15.4,51.3,Poor,Very Poor,Satisfactory,Poor,Poor,Poor
76.8,406.7,100.4,66.2,112.3,6.8,0.36,30.5,9.9,Very Poor,Very Poor,Satisfactory,Moderate,Very Poor,Very Poor
145.1,203.6,186.8,126.4,5.3,18.5,0.87,52.4,126.2,Very Poor,Very Poor,Poor,Very Poor,Very Poor,Very Poor
122.2,292.0,101.6,90.8,111.2,2.3,2.63,80.1,196.8,Very Poor,Very Poor,Poor,Very Poor,Very Poor,Very Poor
105.3,413.2,1.2,145.5,34.5,31.5,2.28,4.2,141.2,Very Poor,Very Poor,Very Poor,Very Poor,Very Poor,Very Poor
473.0,294.8,87.3,131.2,150.8,12.4,4.93,73.9,173.6,Poor,Very Poor,Poor,Poor,Poor,Poor
359.0,227.6,103.4,112.6,49.4,13.2,8.89,14.6,103.6,Moderate,Very Poor,Moderate,Moderate,Moderate,Moderate
141.7,137.0,68.6,35.0,147.6,9.1,3.59,9.0,4.9,Very Poor,Very Poor,Moderate,Very Poor,Very Poor,Very Poor
181.7,331.0,16.3,12.6,138.3,3.6,4.42,43.9,17.3,Very Poor,Very Poor,Moderate,Very Poor,Very Poor,Very Poor
156.1,41.6,188.3,66.4,160.1,26.6,3.26,42.5,40.0,Very Poor,Very Poor,Moderate,Very Poor,Very Poor,Very Poor
449.6,297.8,114.3,142.2,83.1,13.2,2.75,10.3,128.7,Poor,Very Poor,Severe,Poor,Poor,Poor
16.4,468.3,185.7,0.2,197.8,24.8,4.5,99.0,142.3,Severe,Very Poor,Very Poor,Severe,Severe,Severe
294.4,373.3,56.3,83.4,75.4,36.5,4.84,31.9,43.9,Severe,Very Poor,Severe,Severe,Severe,Severe
393.0,296.0,150.8,111.8,21.9,37.4,6.68,61.9,133.4,Poor,Very Poor,Severe,Poor,Poor,Poor
410.0,336.2,16.5,92.8,195.9,5.0,6.54,52.8,36.5,Poor,Very Poor,Moderate,Poor,Poor,Poor
404.1,372.6,14.6,95.3,8.5,33.6,6.88,36.0,15.2,Very Poor,Very Poor,Moderate,Very Poor,Very Poor,Very Poor
237.5,302.7,166.8,16.9,113.4,43.5,8.41,43.4,153.4,Very Poor,Very Poor,Poor,Very Poor,Very Poor,Very Poor
160.6,596.0,32.6,39.9,197.1,41.6,6.0,6.1,25.4,Very Poor,Very Poor,Severe,Very Poor,Very Poor,Satisfactory
412.7,404.6,50.2,103.2,94.1,21.7,0.62,71.1,170.0,Very Poor,Very Poor,Severe,Very Poor,Very Poor,Severe
202.4,166.2,134.0,97.2,24.9,15.0,5.49,93.5,130.5,Very Poor,Very Poor,Poor,Very Poor,Very Poor,Very Poor
63.5,87.5,73.3,149.4,249.9,25.4,5.24,29.1,17.4,Moderate,Very Poor,Moderate,Moderate,Moderate,Moderate
103.7,70.4,94.8,37.7,118.1,29.9,0.62,89.1,51.0,Poor,Very Poor,Satisfactory,Poor,Poor,Poor
442.2,504.0,84.2,114.0,244.6,7.6,8.17,80.0,112.8,Moderate,Very Poor,Severe,Moderate,Moderate,Moderate
161.1,585.6,21.7,65.6,88.5,39.1,7.75,98.4,129.1,Very Poor,Very Poor,Severe,Very Poor,Very Poor,Very Poor
188.8,397.2,93.9,16.8,44.5,12.3,1.01,3.3,123.3,Very Poor,Very Poor,Satisfactory,Very Poor,Very Poor,Very Poor
352.7,39.1,180.2,147.7,17.7,24.2,7.67,9.6,87.5,Moderate,Very Poor,Moderate,Moderate,Moderate,Moderate
262.3,406.3,137.0,12.3,5.1,12.0,5.39,55.3,133.9,Severe,Very Poor,Severe,Severe,Severe,Moderate
260.6,471.1,197.0,136.5,112.7,6.4,5.0,35.7,46.4,Severe,Very Poor,Severe,Severe,Severe,Severe
64.2,44.6,148.5,27.7,61.4,10.8,1.49,10.2,191.6,Poor,Very Poor,Poor,Poor,Poor,Poor
398.8,398.1,166.0,54.2,215.3,42.9,6.24,94.8,119.3,Very Poor,Very Poor,Severe,Very Poor,Very Poor,Very Poor
191.3,561.7,182.5,15.5,30.8,0.5,8.06,90.5,64.0,Very Poor,Very Poor,Severe,Very Poor,Very Poor,Very Poor
209.3,503.0,184.6,143.2,90.2,33.7,3.64,88.7,135.5,Very Poor,Very Poor,Severe,Very Poor,Very Poor,Very Poor
90.6,214.1,3.3,43.7,194.5,42.5,2.77,21.2,74.8,Moderate,Very Poor,Very Poor,Moderate,Moderate,Moderate
105.6,12.4,164.9,70.6,58.7,47.9,9.58,62.2,99.3,Poor,Very Poor,Moderate,Poor,Poor,Poor
170.6,463.1,166.1,86.4,65.1,3.6,4.54,5.3,129.8,Severe,Very Poor,Severe,Severe,Severe,Severe
107.4,494.2,163.3,73.5,53.1,48.7,4.88,37.1,26.0,Severe,Very Poor,Very Poor,Severe,Severe,Severe
474.1,250.6,62.8,8.1,177.6,35.2,7.71,98.8,145.8,Moderate,Very Poor,Severe,Moderate,Moderate,Moderate
439.2,345.4,147.4,5.5,175.3,41.5,3.03,84.5,177.7,Poor,Very Poor,Poor,Poor,Poor,Poor
304.5,243.1,118.3,103.2,50.7,16.7,1.53,92.2,150.0,Severe,Very Poor,Poor,Severe,Severe,Severe
470.5,547.1,174.7,11.6,15.7,1.5,0.61,57.1,32.9,Satisfactory,Very Poor,Good,Satisfactory,Satisfactory,Satisfactory
110.5,577.9,72.7,108.7,28.6,34.6,8.03,57.4,111.2,Poor,Very Poor,Severe,Poor,Poor,Poor
76.1,366.3,172.7,27.9,138.6,23.4,7.13,99.1,96.8,Very Poor,Very Poor,Very Poor,Very Poor,Very Poor,Very Poor
97.8,399.5,82.1,101.7,3.0,42.1,7.52,1.1,133.6,Very Poor,Very Poor,Very Poor,Very Poor,Very Poor,Very Poor
186.3,479.8,158.4,4.8,59.7,1.7,2.88,29.1,25.5,Severe,Very Poor,Satisfactory,Severe,Severe,Severe
230.3,511.3,155.5,84.1,20.7,5.5,4.91,94.7,188.9,Very Poor,Very Poor,Poor,Very Poor,Very Poor,Very Poor
151.1,583.0,36.6,78.8,184.8,25.0,8.3,60.8,91.6,Very Poor,Very Poor,Severe,Very Poor,Very Poor,Very Poor
442.4,560.7,19.1,106.5,56.8,33.6,0.48,98.6,89.0,Moderate,Very Poor,Severe,Moderate,Moderate,Severe
482.4,359.8,17.2,145.5,240.7,9.0,7.6,44.1,87.7,Very Poor,Very Poor,Severe,Very Poor,Very Poor,Very Poor
129.3,488.3,165.2,39.4,230.3,23.9,4.46,99.7,165.8,Severe,Very Poor,Poor,Severe,Severe,Severe
155.2,318.2,14.2,34.2,224.9,25.4,9.55,16.5,25.5,Very Poor,Very Poor,Moderate,Very Poor,Very Poor,Very Poor
148.3,99.7,80.0,2.9,117.8,0.2,3.47,7.4,148.9,Very Poor,Very Poor,Poor,Very Poor,Very Poor,Very Poor
25.9,15.4,45.5,68.2,61.0,38.9,2.25,6.8,175.6,Poor,Very Poor,Poor,Poor,Poor,Poor
87.9,90.7,98.5,111.0,84.5,45.3,4.94,7.7,70.1,Moderate,Very Poor,Very Poor,Moderate,Moderate,Moderate
211.4,458.2,133.8,112.0,64.1,21.6,2.24,44.7,108.8,Severe,Very Poor,Severe,Severe,Severe,Severe
354.9,540.6,57.4,77.4,81.8,42.0,7.56,4.7,146.3,Moderate,Very Poor,Severe,Moderate,Moderate,Moderate
133.3,314.8,51.6,25.0,121.9,33.1,2.44,28.1,10.4,Very Poor,Very Poor,Satisfactory,Very Poor,Very Poor,Very Poor
224.2,23.4,129.6,3.6,182.7,37.9,2.42,73.8,63.7,Very Poor,Very Poor,Satisfactory,Very Poor,Very Poor,Very Poor
285.2,440.6,185.2,44.3,219.4,30.8,3.88,92.0,9.8,Severe,Very Poor,Severe,Severe,Severe,Severe
384.7,238.0,112.8,148.3,219.6,3.3,2.47,96.1,9.4,Moderate,Very Poor,Moderate,Moderate,Moderate,Moderate
259.3,40.7,185.4,89.8,101.6,17.6,9.74,9.6,89.2,Severe,Very Poor,Moderate,Severe,Severe,Severe
35.4,437.2,127.3,104.7,198.1,3.8,4.45,53.4,65.4,Severe,Very Poor,Very Poor,Severe,Severe,Severe
23.3,297.6,133.5,128.1,78.9,29.5,3.23,81.8,199.6,Poor,Very Poor,Poor,Poor,Poor,Poor
60.4,147.0,86.5,105.1,143.2,33.3,8.94,92.3,132.4,Moderate,Very Poor,Poor,Moderate,Moderate,Moderate
447.0,456.1,55.1,21.5,39.7,1.1,3.22,7.4,64.6,Severe,Very Poor,Satisfactory,Severe,Severe,Severe
477.1,441.7,142.2,61.3,37.1,27.0,5.18,36.6,168.2,Severe,Very Poor,Severe,Severe,Severe,Severe
218.8,76.6,121.8,118.7,1.5,20.5,2.39,78.2,89.1,Very Poor,Very Poor,Moderate,Very Poor,Very Poor,Very Poor
473.7,346.8,78.1,107.3,86.4,34.6,5.8,68.1,31.3,Poor,Very Poor,Moderate,Poor,Poor,Poor
350.2,513.5,124.6,33.0,141.3,32.6,6.93,38.6,57.2,Moderate,Very Poor,Severe,Moderate,Moderate,Moderate
443.0,599.5,158.3,33.1,126.2,38.7,4.67,13.5,135.4,Moderate,Very Poor,Severe,Moderate,Moderate,Satisfactory
473.4,13.8,97.8,63.5,173.9,35.2,6.85,59.7,196.2,Poor,Very Poor,Poor,Poor,Poor,Poor
309.6,165.9,30.6,84.1,34.8,7.8,7.75,10.3,136.6,Severe,Very Poor,Poor,Severe,Severe,Severe
418.9,217.0,80.7,10.5,174.3,17.0,4.38,64.9,168.8,Moderate,Very Poor,Poor,Moderate,Moderate,Moderate
381.9,258.4,185.5,93.8,223.5,30.0,9.4,66.2,89.6,Poor,Very Poor,Moderate,Poor,Poor,Poor
281.6,567.7,101.1,58.6,7.8,33.6,8.88,77.7,171.6,Severe,Very Poor,Severe,Severe,Severe,Severe
195.5,586.2,62.9,64.2,142.4,44.2,3.1,24.2,120.5,Very Poor,Very Poor,Severe,Very Poor,Very Poor,Very Poor
255.6,538.7,41.0,55.6,248.2,38.2,1.6,56.0,157.1,Severe,Very Poor,Severe,Severe,Severe,Severe
178.0,215.6,161.3,141.9,41.7,0.1,0.1,69.8,170.6,Very Poor,Very Poor,Poor,Very Poor,Very Poor,Very Poor
198.7,194.2,130.3,17.4,163.8,24.6,4.85,97.0,111.2,Very Poor,Very Poor,Poor,Very Poor,Very Poor,Very Poor
280.1,467.0,113.8,60.7,156.3,18.5,3.58,27.3,78.5,Severe,Very Poor,Severe,Severe,Severe,Severe
66.2,424.5,57.5,136.1,222.4,39.9,1.16,60.5,37.8,Very Poor,Very Poor,Very Poor,Poor,Very Poor,Very Poor
443.2,338.8,131.1,92.7,174.8,28.2,6.76,34.0,139.5,Poor,Very Poor,Severe,Poor,Poor,Poor
164.2,414.7,183.0,95.6,165.5,26.1,8.5,77.4,117.7,Very Poor,Very Poor,Very Poor,Very Poor,Very Poor,Very Poor
426.6,441.8,145.9,108.9,23.6,6.1,9.99,19.1,17.0,Severe,Very Poor,Severe,Severe,Severe,Severe
82.1,386.4,57.3,81.2,104.7,48.7,8.62,71.1,0.1,Very Poor,Very Poor,Very Poor,Very Poor,Very Poor,Very Poor
247.1,471.6,55.0,110.7,201.7,37.9,6.14,10.1,4.0,Severe,Very Poor,Severe,Severe,Severe,Satisfactory
266.3,344.0,6.2,104.9,185.6,17.8,9.41,16.8,129.7,Severe,Very Poor,Severe,Severe,Severe,Severe
361.0,282.1,152.2,103.7,246.5,15.0,8.65,75.6,104.8,Poor,Very Poor,Moderate,Poor,Poor,Poor
20.2,52.4,83.5,70.9,154.7,33.0,5.05,48.7,124.1,Moderate,Very Poor,Poor,Moderate,Moderate,Moderate
293.0,385.5,82.4,109.8,78.5,20.8,1.73,86.8,97.4,Severe,Very Poor,Severe,Severe,Severe,Severe
76.2,378.9,122.0,127.2,242.6,45.4,8.03,53.9,74.4,Very Poor,Very Poor,Very Poor,Very Poor,Very Poor,Very Poor
243.2,307.0,198.4,90.2,246.6,7.8,6.99,72.9,109.0,Very Poor,Very Poor,Very Poor,Very Poor,Very Poor,Very Poor
463.9,251.9,7.4,111.4,187.3,22.5,7.19,11.3,95.6,Poor,Very Poor,Moderate,Poor,Poor,Poor
313.0,279.0,15.4,59.8,136.9,2.0,5.78,95.1,2.6,Severe,Very Poor,Moderate,Severe,Severe,Severe
60.1,34.2,102.9,46.7,42.0,19.3,0.2,99.5,10.8,Moderate,Very Poor,Satisfactory,Poor,Moderate,Moderate
346.5,20.8,50.6,105.6,197.5,12.5,7.25,92.9,103.5,Severe,Very Poor,Moderate,Severe,Severe,Severe
322.1,361.6,114.4,10.7,92.4,3.4,1.01,93.8,169.8,Severe,Very Poor,Satisfactory,Severe,Severe,Severe
74.7,595.5,85.4,29.5,201.4,34.8,9.65,86.8,143.4,Moderate,Very Poor,Very Poor,Moderate,Moderate,Satisfactory
219.4,31.4,171.0,87.5,190.8,33.0,1.23,96.9,193.8,Very Poor,Very Poor,Poor,Very Poor,Very Poor,Very Poor
39.9,337.5,62.8,132.3,29.8,12.5,4.84,12.3,166.5,Poor,Very Poor,Poor,Poor,Poor,Poor
486.0,173.1,99.7,81.5,116.6,0.4,6.86,67.4,64.3,Moderate,Very Poor,Moderate,Moderate,Moderate,Moderate
34.0,423.9,86.8,142.8,170.9,37.5,7.29,6.7,196.4,Very Poor,Very Poor,Poor,Very Poor,Very Poor,Very Poor
393.3,284.5,168.0,135.2,0.4,46.8,1.66,70.9,39.8,Poor,Very Poor,Moderate,Poor,Poor,Poor
210.9,177.5,109.6,59.5,120.8,34.2,3.38,64.0,20.4,Very Poor,Very Poor,Moderate,Very Poor,Very Poor,Very Poor
331.9,487.1,11.9,56.5,188.5,25.2,7.17,85.7,24.6,Severe,Very Poor,Severe,Severe,Severe,Severe
181.2,420.1,196.2,118.1,203.3,44.5,7.49,66.7,3.9,Very Poor,Very Poor,Moderate,Very Poor,Very Poor,Very Poor
282.5,371.6,186.4,45.7,16.7,31.9,4.58,83.4,145.3,Severe,Very Poor,Poor,Severe,Severe,Severe
121.6,19.3,61.4,88.2,59.0,19.2,2.07,28.5,24.1,Very Poor,Very Poor,Moderate,Very Poor,Very Poor,Very Poor
405.7,209.4,59.5,45.6,8.8,2.4,3.76,52.2,67.7,Moderate,Very Poor,Moderate,Moderate,Moderate,Moderate
367.5,325.1,163.2,107.6,27.0,17.5,3.8,23.2,10.6,Poor,Very Poor,Moderate,Poor,Poor,Poor
328.2,599.1,162.7,88.1,59.0,37.1,8.81,89.8,125.2,Severe,Very Poor,Severe,Severe,Severe,Satisfactory
471.8,132.0,107.1,70.8,83.0,42.2,0.2,48.8,100.2,Moderate,Very Poor,Satisfactory,Moderate,Moderate,Moderate
148.7,189.4,84.1,65.9,92.7,45.3,4.13,13.5,135.7,Very Poor,Very Poor,Poor,Very Poor,Very Poor,Very Poor
422.9,80.3,13.1,139.5,19.2,34.1,0.65,10.8,89.0,Moderate,Very Poor,Moderate,Moderate,Moderate,Moderate
273.9,182.3,145.0,134.7,55.9,15.4,3.58,69.0,58.2,Severe,Very Poor,Moderate,Severe,Severe,Severe
211.0,132.9,29.5,40.7,247.7,47.9,9.08,29.9,189.6,Very Poor,Very Poor,Poor,Very Poor,Very Poor,Very Poor
246.9,296.2,2.7,54.6,78.4,2.0,2.69,48.8,133.2,Very Poor,Very Poor,Poor,Very Poor,Very Poor,Very Poor
17.4,75.3,153.0,3.0,138.3,34.8,5.95,64.8,3.8,Moderate,Very Poor,Moderate,Moderate,Moderate,Moderate
386.3,286.4,147.3,48.2,91.4,29.1,8.61,81.9,67.1,Poor,Very Poor,Moderate,Poor,Poor,Poor
282.5,74.0,63.7,48.9,0.3,30.8,2.78,44.1,106.8,Severe,Very Poor,Moderate,Severe,Severe,Severe
143.5,171.1,52.2,16.8,207.0,30.2,7.58,22.2,122.6,Very Poor,Very Poor,Poor,Very Poor,Very Poor,Very Poor
408.1,394.5,114.2,18.5,80.9,15.5,7.08,34.4,101.4,Very Poor,Very Poor,Severe,Very Poor,Very Poor,Very Poor
70.7,546.6,152.3,49.2,240.0,4.6,8.32,19.5,172.7,Poor,Very Poor,Poor,Poor,Poor,Poor
92.8,354.9,142.8,140.0,7.6,43.4,7.77,53.5,173.9,Very Poor,Very Poor,Poor,Very Poor,Very Poor,Very Poor
354.2,271.4,8.3,116.5,203.3,16.3,0.39,49.8,112.2,Poor,Very Poor,Satisfactory,Poor,Poor,Poor
354.9,94.4,86.5,129.2,178.4,25.4,9.41,0.8,133.6,Moderate,Very Poor,Moderate,Moderate,Moderate,Moderate
267.2,321.4,53.0,59.6,197.9,11.8,7.15,3.5,69.8,Severe,Very Poor,Moderate,Severe,Severe,Severe
114.1,169.2,127.6,38.2,186.9,35.9,8.7,82.1,134.1,Poor,Very Poor,Poor,Poor,Poor,Poor
318.5,537.0,104.1,110.5,45.4,8.7,8.21,42.4,194.8,Severe,Very Poor,Severe,Severe,Severe,Severe
79.4,368.5,68.2,60.3,119.5,43.5,4.89,84.6,49.6,Very Poor,Very Poor,Very Poor,Very Poor,Very Poor,Very Poor
83.8,269.0,127.7,105.8,200.0,42.3,2.4,80.5,152.4,Poor,Very Poor,Poor,Poor,Poor,Poor
309.0,191.3,125.4,116.0,226.6,42.6,8.83,71.9,61.5,Severe,Very Poor,Moderate,Severe,Severe,Severe
164.6,248.9,175.9,96.1,115.0,46.5,3.27,72.0,85.4,Very Poor,Very Poor,Very Poor,Very Poor,Very Poor,Very Poor
466.5,212.6,7.6,148.1,244.4,13.2,3.97,37.0,149.8,Moderate,Very Poor,Poor,Moderate,Moderate,Moderate
27.0,567.0,170.6,144.6,235.0,24.6,5.42,12.7,4.0,Moderate,Very Poor,Very Poor,Moderate,Moderate,Moderate
363.6,264.0,27.3,23.2,174.1,7.0,9.25,33.2,182.0,Poor,Very Poor,Poor,Poor,Poor,Poor
477.7,21.9,61.3,39.8,230.3,38.9,3.81,0.0,47.6,Moderate,Very Poor,Moderate,Moderate,Moderate,Moderate
140.2,41.2,178.3,59.3,68.3,0.7,8.77,19.2,168.4,Very Poor,Very Poor,Poor,Very Poor,Very Poor,Very Poor
39.4,414.2,64.5,35.7,70.1,49.2,6.17,31.8,96.6,Very Poor,Very Poor,Very Poor,Very Poor,Very Poor,Very Poor
96.0,434.7,0.1,49.9,74.8,19.3,7.85,79.2,120.6,Severe,Very Poor,Very Poor,Severe,Severe,Severe
416.1,250.2,71.9,4.7,198.6,41.8,6.1,90.7,65.8,Moderate,Very Poor,Moderate,Moderate,Moderate,Moderate
36.5,92.2,41.2,13.1,42.8,27.9,8.81,31.2,54.9,Moderate,Very Poor,Very Poor,Moderate,Moderate,Very Poor
331.9,170.0,119.8,56.5,24.6,46.9,1.14,10.7,77.1,Severe,Very Poor,Satisfactory,Severe,Severe,Severe
376.1,115.4,58.0,106.7,181.2,45.2,1.77,70.8,43.5,Moderate,Very Poor,Moderate,Moderate,Moderate,Moderate
245.5,483.8,91.9,56.7,114.5,1.7,2.51,47.3,189.1,Severe,Very Poor,Poor,Severe,Severe,Severe
266.7,199.6,165.8,64.4,119.8,0.8,0.83,58.8,5.5,Severe,Very Poor,Satisfactory,Severe,Severe,Severe
220.7,542.5,173.7,99.6,33.8,42.4,2.78,11.0,186.7,Very Poor,Very Poor,Poor,Very Poor,Very Poor,Very Poor
240.8,19.6,84.5,147.3,29.5,8.3,8.29,27.4,107.7,Very Poor,Very Poor,Moderate,Very Poor,Very Poor,Very Poor
16.1,374.6,187.2,111.8,132.3,48.0,7.93,63.7,21.9,Very Poor,Very Poor,Very Poor,Very Poor,Very Poor,Very Poor
112.2,190.0,107.5,111.0,147.2,19.5,4.46,80.6,124.9,Poor,Very Poor,Poor,Poor,Poor,Poor
398.5,271.2,24.8,109.4,71.3,22.7,6.88,33.1,46.0,Poor,Very Poor,Moderate,Poor,Poor,Poor
76.7,104.0,47.3,139.8,171.4,4.6,3.56,26.0,82.4,Moderate,Very Poor,Very Poor,Moderate,Moderate,Moderate
499.9,73.4,49.6,128.4,223.6,40.0,8.54,57.4,136.9,Moderate,Very Poor,Moderate,Moderate,Moderate,Moderate
460.9,453.7,2.0,111.3,131.4,7.2,1.11,71.6,40.6,Severe,Very Poor,Satisfactory,Severe,Severe,Severe
414.3,27.3,140.4,121.0,179.9,30.2,3.85,33.4,91.6,Moderate,Very Poor,Moderate,Moderate,Moderate,Moderate
131.9,157.2,49.3,143.8,15.7,5.0,5.29,94.2,48.5,Very Poor,Very Poor,Moderate,Very Poor,Very Poor,Very Poor
445.8,179.7,134.7,57.9,31.1,43.3,1.54,57.9,192.2,Poor,Very Poor,Poor,Poor,Poor,Poor
196.6,143.8,133.3,79.6,16.1,44.4,1.49,68.3,42.0,Very Poor,Very Poor,Moderate,Very Poor,Very Poor,Very Poor
213.1,159.8,7.9,70.1,171.0,33.1,5.27,52.0,47.7,Very Poor,Very Poor,Moderate,Very Poor,Very Poor,Very Poor
172.9,142.2,150.0,22.2,182.8,24.7,9.9,0.8,4.4,Very Poor,Very Poor,Moderate,Very Poor,Very Poor,Moderate
12.4,383.7,137.7,41.3,212.8,44.3,6.75,62.3,174.4,Very Poor,Very Poor,Poor,Very Poor,Very Poor,Very Poor
246.6,489.0,31.9,139.9,232.5,16.2,7.54,13.5,133.1,Severe,Very Poor,Severe,Severe,Severe,Severe
354.8,232.9,66.0,3.0,127.4,45.2,2.72,34.1,149.3,Moderate,Very Poor,Poor,Moderate,Moderate,Moderate
484.2,116.0,122.7,131.7,16.9,32.5,0.02,1.7,107.5,Moderate,Very Poor,Moderate,Satisfactory,Moderate,Severe
200.1,546.1,108.7,93.3,229.4,45.4,2.5,50.6,14.1,Very Poor,Very Poor,Severe,Very Poor,Very Poor,Very Poor
201.3,454.0,30.8,23.7,54.6,36.2,7.43,33.1,163.6,Severe,Very Poor,Poor,Severe,Severe,Severe
74.7,266.9,8.2,48.9,110.7,12.5,1.73,80.4,25.6,Poor,Very Poor,Satisfactory,Poor,Poor,Poor
440.1,137.4,135.6,112.3,16.6,18.7,2.17,17.0,88.3,Moderate,Very Poor,Moderate,Moderate,Moderate,Moderate
102.4,319.0,18.4,26.3,234.8,1.8,6.79,58.5,143.1,Poor,Very Poor,Poor,Poor,Poor,Poor
44.4,76.9,147.3,129.7,143.7,30.0,3.32,52.9,150.7,Moderate,Very Poor,Poor,Moderate,Moderate,Moderate
23.0,150.3,0.3,14.6,33.0,12.1,0.1,76.7,196.8,Poor,Very Poor,Poor,Poor,Poor,Poor
410.6,60.0,31.4,11.4,124.8,37.6,3.6,83.0,153.6,Moderate,Very Poor,Poor,Moderate,Moderate,Poor
322.4,572.9,146.2,86.1,218.3,1.9,8.36,94.1,140.7,Severe,Very Poor,Severe,Severe,Severe,Severe
309.7,144.4,118.3,100.4,40.7,17.4,3.86,49.1,163.4,Severe,Very Poor,Poor,Severe,Severe,Severe
309.4,127.6,131.8,45.4,203.3,26.1,8.96,0.6,9.7,Severe,Very Poor,Moderate,Severe,Severe,Satisfactory
195.3,321.0,170.7,126.7,134.1,30.2,7.46,27.9,114.4,Very Poor,Very Poor,Very Poor,Very Poor,Very Poor,Very Poor
341.7,69.1,45.2,26.6,161.0,40.6,9.39,75.1,150.0,Severe,Very Poor,Poor,Severe,Severe,Severe
432.3,376.3,161.2,147.8,180.0,8.6,1.48,83.2,8.1,Very Poor,Very Poor,Moderate,Very Poor,Very Poor,Very Poor
191.9,322.1,38.5,142.2,200.2,40.8,4.05,17.7,63.8,Very Poor,Very Poor,Very Poor,Very Poor,Very Poor,Very Poor
395.7,543.2,33.9,114.3,81.6,14.2,8.21,90.1,197.0,Poor,Very Poor,Severe,Poor,Poor,Poor
94.3,164.8,178.5,130.2,133.2,21.7,5.26,16.0,181.5,Poor,Very Poor,Poor,Poor,Poor,Poor
6.8,501.1,45.6,21.1,85.5,1.1,1.0,0.7,137.0,Moderate,Very Poor,Satisfactory,Moderate,Moderate,Poor
80.5,113.1,132.0,17.6,27.5,26.0,5.57,16.5,69.8,Moderate,Very Poor,Very Poor,Moderate,Moderate,Poor
477.6,59.1,17.6,130.4,224.1,7.1,6.27,26.1,140.1,Moderate,Very Poor,Moderate,Moderate,Moderate,Moderate
460.9,235.1,59.1,70.3,171.7,46.9,2.12,73.3,181.5,Poor,Very Poor,Poor,Poor,Poor,Poor
278.5,508.8,90.4,7.2,5.1,46.0,1.98,88.8,13.2,Severe,Very Poor,Satisfactory,Severe,Severe,Severe
52.2,336.0,53.0,81.8,19.2,48.1,5.4,5.6,82.2,Poor,Very Poor,Very Poor,Poor,Poor,Poor
181.4,258.6,96.9,17.9,238.8,44.3,6.5,32.1,134.2,Very Poor,Very Poor,Poor,Very Poor,Very Poor,Poor
212.0,137.6,3.7,58.4,163.3,15.5,7.62,49.8,64.7,Very Poor,Very Poor,Moderate,Very Poor,Very Poor,Very Poor
333.8,398.4,180.3,111.4,247.9,10.1,0.87,39.0,46.2,Severe,Very Poor,Satisfactory,Severe,Severe,Very Poor
189.0,219.6,143.1,124.5,245.8,13.9,9.57,75.7,12.4,Very Poor,Very Poor,Moderate,Very Poor,Very Poor,Very Poor
387.7,57.9,146.8,37.0,248.9,32.4,6.99,34.4,20.0,Moderate,Very Poor,Moderate,Moderate,Moderate,Moderate
54.7,508.8,114.8,45.3,175.2,31.1,3.98,52.2,110.2,Moderate,Very Poor,Very Poor,Moderate,Moderate,Moderate
277.1,493.6,116.7,117.0,59.2,35.6,1.76,73.6,55.5,Severe,Very Poor,Severe,Severe,Severe,Severe
162.3,372.2,73.1,9.1,174.4,10.3,1.01,26.8,21.1,Very Poor,Very Poor,Satisfactory,Very Poor,Very Poor,Very Poor
5.4,476.2,71.8,134.5,199.6,38.1,8.06,85.5,121.8,Severe,Very Poor,Very Poor,Severe,Severe,Severe
126.3,134.3,136.3,27.6,63.5,48.3,7.68,42.4,150.1,Very Poor,Very Poor,Poor,Very Poor,Very Poor,Very Poor
212.2,522.1,7.8,109.7,38.2,1.5,6.52,48.3,125.7,Very Poor,Very Poor,Severe,Very Poor,Very Poor,Very Poor
209.9,503.2,84.2,48.5,151.6,17.9,6.39,79.1,56.7,Very Poor,Very Poor,Severe,Very Poor,Very Poor,Very Poor
44.6,398.4,139.0,50.0,219.0,46.9,4.83,77.6,112.9,Very Poor,Very Poor,Very Poor,Very Poor,Very Poor,Very Poor
427.4,570.6,127.0,72.2,26.7,44.7,1.42,99.6,114.2,Moderate,Very Poor,Severe,Moderate,Moderate,Moderate
439.4,156.4,8.9,23.7,87.7,28.2,9.94,33.4,107.7,Moderate,Very Poor,Moderate,Moderate,Moderate,Moderate
453.3,300.5,63.9,12.9,103.1,8.8,3.55,11.3,139.4,Poor,Very Poor,Severe,Poor,Poor,Poor
160.9,118.8,166.9,46.4,247.2,1.5,0.3,68.4,133.2,Very Poor,Very Poor,Satisfactory,Very Poor,Very Poor,Very Poor
24.5,273.6,39.6,97.8,165.6,11.8,9.9,38.7,141.5,Poor,Very Poor,Very Poor,Poor,Poor,Poor
435.4,415.7,46.0,148.5,94.8,44.3,3.65,54.2,62.4,Very Poor,Very Poor,Severe,Very Poor,Very Poor,Very Poor
498.2,362.4,74.1,73.0,124.3,21.3,1.11,15.2,194.1,Very Poor,Very Poor,Poor,Poor,Very Poor,Poor
112.1,90.2,55.2,9.7,158.5,22.6,8.93,13.7,45.6,Poor,Very Poor,Moderate,Poor,Poor,Poor
387.1,579.5,192.0,127.3,21.7,6.5,2.07,67.4,167.0,Moderate,Very Poor,Severe,Moderate,Moderate,Moderate
28.9,53.5,82.3,73.9,95.1,21.7,8.89,52.2,154.4,Moderate,Very Poor,Poor,Moderate,Moderate,Moderate
473.5,451.0,83.6,132.3,163.5,8.9,6.77,34.1,37.9,Severe,Very Poor,Severe,Severe,Severe,Severe
415.8,12.8,28.3,79.4,93.3,20.4,4.63,61.2,12.5,Moderate,Very Poor,Moderate,Moderate,Moderate,Moderate
88.9,33.7,102.5,66.9,134.9,17.8,1.54,13.2,122.9,Moderate,Very Poor,Poor,Poor,Moderate,Moderate
46.2,456.1,182.6,105.7,160.7,25.3,9.53,61.0,109.0,Severe,Very Poor,Very Poor,Severe,Severe,Severe
223.5,263.3,98.6,33.0,184.3,48.1,6.97,75.9,41.2,Very Poor,Very Poor,Moderate,Very Poor,Very Poor,Very Poor
444.9,40.3,183.7,21.0,102.1,45.4,9.41,49.6,48.4,Moderate,Very Poor,Moderate,Moderate,Moderate,Moderate
394.0,450.9,124.2,118.9,83.8,6.4,4.12,89.3,107.2,Severe,Very Poor,Severe,Severe,Severe,Severe
79.3,400.1,82.8,148.3,25.4,18.8,0.84,47.8,111.1,Very Poor,Very Poor,Very Poor,Severe,Very Poor,Very Poor
9.7,185.6,158.4,139.8,151.7,43.6,0.25,59.7,3.6,Moderate,Very Poor,Very Poor,Moderate,Moderate,Moderate
11.9,509.9,110.2,92.5,164.6,24.7,9.95,29.7,188.7,Poor,Very Poor,Poor,Poor,Poor,Poor
287.6,102.0,97.4,124.8,87.6,6.6,6.35,16.4,27.7,Severe,Very Poor,Moderate,Severe,Severe,Severe
191.0,310.6,148.3,27.1,232.6,5.1,0.29,29.3,13.0,Very Poor,Very Poor,Satisfactory,Very Poor,Very Poor,Very Poor
255.6,365.3,199.6,72.4,113.6,4.2,1.59,65.1,94.4,Severe,Very Poor,Severe,Severe,Severe,Severe
468.0,428.8,163.5,104.4,165.8,17.6,1.52,20.5,186.0,Very Poor,Very Poor,Severe,Poor,Very Poor,Very Poor
452.5,405.0,100.5,56.6,38.3,49.7,4.93,17.3,175.4,Very Poor,Very Poor,Severe,Very Poor,Very Poor,Very Poor
69.5,542.7,196.2,87.2,245.1,34.4,4.74,98.8,141.7,Moderate,Very Poor,Very Poor,Moderate,Moderate,Moderate
413.8,169.7,115.8,62.9,156.6,19.3,5.32,33.7,135.7,Moderate,Very Poor,Moderate,Moderate,Moderate,Moderate
293.6,363.5,141.9,64.5,185.9,39.8,7.11,98.5,96.9,Severe,Very Poor,Severe,Severe,Severe,Severe
132.1,77.2,171.1,111.5,113.1,14.9,6.67,84.5,175.0,Very Poor,Very Poor,Poor,Very Poor,Very Poor,Very Poor
419.3,363.3,124.3,6.4,185.3,24.9,1.36,32.0,141.9,Very Poor,Very Poor,Satisfactory,Very Poor,Very Poor,Very Poor
26.4,499.6,151.5,144.0,29.7,22.1,0.09,34.0,199.3,Severe,Very Poor,Poor,Moderate,Severe,Poor
318.7,36.8,166.5,30.9,22.5,41.3,0.86,23.6,93.0,Severe,Very Poor,Good,Moderate,Severe,Very Poor
12.7,275.7,104.8,6.8,165.1,42.4,1.56,87.8,163.4,Poor,Very Poor,Poor,Poor,Poor,Poor
95.3,278.6,168.2,142.4,36.6,13.5,2.68,46.9,65.2,Poor,Very Poor,Very Poor,Poor,Poor,Poor
464.0,431.0,6.8,96.2,137.3,14.9,5.73,27.1,151.4,Severe,Very Poor,Severe,Severe,Severe,Severe
152.2,166.1,181.3,95.5,131.8,19.8,5.67,45.7,127.5,Very Poor,Very Poor,Poor,Very Poor,Very Poor,Very Poor
149.5,216.1,198.1,109.3,176.4,21.6,2.52,52.4,29.1,Very Poor,Very Poor,Moderate,Very Poor,Very Poor,Very Poor
418.0,448.4,48.8,128.2,98.4,19.9,3.38,73.3,76.9,Severe,Very Poor,Severe,Severe,Severe,Severe
373.6,478.0,149.1,8.4,70.3,19.4,2.28,46.8,85.9,Severe,Very Poor,Satisfactory,Severe,Severe,Very Poor
384.6,280.3,153.8,82.6,62.4,11.0,8.11,9.5,110.9,Poor,Very Poor,Moderate,Poor,Poor,Poor
118.0,518.9,22.9,94.7,185.6,38.1,2.88,77.5,53.7,Poor,Very Poor,Very Poor,Poor,Poor,Poor
225.9,209.9,151.7,46.0,32.8,34.3,0.83,80.4,134.5,Very Poor,Very Poor,Poor,Very Poor,Very Poor,Very Poor
448.9,40.3,88.0,23.7,129.1,8.4,4.38,63.6,17.0,Moderate,Very Poor,Moderate,Moderate,Moderate,Moderate
92.9,445.5,130.5,124.0,16.9,38.7,4.78,27.3,68.2,Severe,Very Poor,Very Poor,Severe,Severe,Severe
473.7,104.8,60.1,37.9,182.1,2.0,3.26,29.3,81.6,Moderate,Very Poor,Moderate,Moderate,Moderate,Moderate
475.3,55.3,168.9,4.5,153.1,43.1,8.65,33.2,82.2,Moderate,Very Poor,Moderate,Moderate,Moderate,Moderate
360.8,486.8,182.7,29.7,22.6,31.0,3.04,62.1,138.1,Severe,Very Poor,Severe,Severe,Severe,Severe
75.0,588.6,141.5,133.8,6.8,49.0,4.54,83.3,101.0,Moderate,Very Poor,Very Poor,Moderate,Moderate,Moderate
252.3,553.2,103.6,11.2,4.9,20.0,0.78,82.4,7.8,Severe,Very Poor,Satisfactory,Severe,Severe,Severe
367.8,128.5,31.1,89.3,2.6,43.2,8.7,16.7,124.5,Moderate,Very Poor,Moderate,Moderate,Moderate,Moderate
343.7,312.6,125.9,139.4,134.7,29.2,2.97,67.9,67.2,Severe,Very Poor,Moderate,Severe,Severe,Severe
487.3,390.2,186.8,76.8,143.4,9.8,2.38,93.9,22.5,Very Poor,Very Poor,Severe,Very Poor,Very Poor,Very Poor
377.5,342.2,48.5,55.1,121.3,7.7,6.9,24.2,14.7,Poor,Very Poor,Moderate,Poor,Poor,Poor
396.6,123.8,73.1,120.0,121.5,15.6,9.1,72.5,157.5,Moderate,Very Poor,Moderate,Moderate,Moderate,Moderate
120.8,281.9,118.3,111.9,92.6,21.9,9.08,96.5,89.8,Poor,Very Poor,Very Poor,Poor,Poor,Poor
127.6,191.2,80.5,118.0,25.8,13.5,8.66,73.7,154.7,Very Poor,Very Poor,Poor,Very Poor,Very Poor,Very Poor
111.6,12.6,110.8,132.5,97.8,20.8,0.62,50.4,22.5,Poor,Very Poor,Moderate,Poor,Poor,Poor
347.5,518.1,114.3,125.2,110.3,49.4,6.43,9.2,87.5,Severe,Very Poor,Severe,Severe,Severe,Severe
102.8,598.5,174.4,114.8,190.7,13.4,8.25,92.5,80.2,Poor,Very Poor,Severe,Poor,Poor,Satisfactory
199.8,395.4,171.3,83.9,204.1,10.2,1.93,30.1,134.2,Very Poor,Very Poor,Poor,Very Poor,Very Poor,Very Poor
252.6,365.5,83.0,106.6,2.4,0.9,7.37,61.9,119.8,Severe,Very Poor,Severe,Severe,Severe,Severe
310.8,340.6,1.5,128.0,126.2,2.3,6.83,79.2,85.8,Severe,Very Poor,Severe,Severe,Severe,Severe
144.3,170.6,182.4,113.9,134.7,44.0,4.43,54.7,184.5,Very Poor,Very Poor,Poor,Very Poor,Very Poor,Very Poor
288.2,258.3,69.8,145.6,232.2,44.5,3.72,25.6,68.9,Severe,Very Poor,Moderate,Severe,Severe,Severe
159.2,269.1,126.1,40.9,120.4,17.6,0.61,96.2,83.3,Very Poor,Very Poor,Satisfactory,Very Poor,Very Poor,Very Poor
495.3,425.1,20.8,10.0,64.4,19.7,7.19,54.0,87.6,Very Poor,Very Poor,Severe,Very Poor,Very Poor,Poor
155.7,414.7,127.1,136.8,100.0,38.5,7.94,57.8,10.9,Very Poor,Very Poor,Very Poor,Very Poor,Very Poor,Very Poor
248.1,330.4,135.1,75.9,150.8,16.4,0.67,63.5,34.2,Very Poor,Very Poor,Satisfactory,Severe,Very Poor,Very Poor
139.5,439.1,35.8,59.7,192.5,25.3,4.83,25.6,149.2,Severe,Very Poor,Poor,Severe,Severe,Severe
162.0,337.7,168.4,31.0,242.1,0.9,4.63,26.1,195.0,Very Poor,Very Poor,Poor,Very Poor,Very Poor,Very Poor
421.0,328.6,174.3,45.5,227.8,30.8,6.97,80.4,145.8,Poor,Very Poor,Severe,Poor,Poor,Poor
236.1,475.9,67.8,132.2,229.7,49.6,5.42,62.3,58.0,Severe,Very Poor,Severe,Severe,Severe,Severe
361.9,279.9,195.9,63.8,43.3,5.5,2.58,37.1,55.0,Poor,Very Poor,Moderate,Poor,Poor,Poor
53.9,264.6,33.3,143.8,43.5,9.4,5.38,54.9,132.1,Poor,Very Poor,Very Poor,Poor,Poor,Poor
403.8,4.6,89.2,64.4,241.1,9.6,5.48,97.4,184.1,Poor,Very Poor,Poor,Poor,Poor,Poor
431.2,380.8,66.2,10.1,112.8,39.7,1.5,78.6,191.5,Very Poor,Very Poor,Poor,Poor,Very Poor,Poor
252.6,14.3,41.5,123.8,170.8,48.3,7.93,94.7,8.0,Severe,Very Poor,Moderate,Severe,Severe,Severe
394.4,237.5,162.2,106.7,195.1,18.0,4.44,50.3,28.2,Moderate,Very Poor,Moderate,Moderate,Moderate,Moderate
284.1,283.1,133.6,5.7,209.5,44.5,8.19,81.1,52.0,Severe,Very Poor,Moderate,Severe,Severe,Severe
3.0,593.7,159.4,35.4,100.9,0.6,5.96,42.9,27.2,Moderate,Very Poor,Very Poor,Moderate,Moderate,Moderate
39.9,166.0,152.4,74.5,157.7,28.6,8.51,68.1,74.2,Moderate,Very Poor,Very Poor,Moderate,Moderate,Moderate
463.0,91.4,171.9,102.3,228.8,21.9,9.28,12.4,141.8,Moderate,Very Poor,Moderate,Moderate,Moderate,Moderate
200.8,70.6,100.7,32.9,224.6,48.7,9.42,35.1,148.3,Very Poor,Very Poor,Poor,Very Poor,Very Poor,Very Poor
254.8,31.8,196.4,79.9,163.3,38.8,5.58,65.1,19.3,Severe,Very Poor,Moderate,Severe,Severe,Severe
200.4,299.8,200.0,104.9,9.6,25.4,5.95,1.0,63.3,Very Poor,Very Poor,Moderate,Very Poor,Very Poor,Very Poor
198.3,528.5,118.5,146.5,36.7,29.4,9.32,100.0,38.7,Very Poor,Very Poor,Severe,Very Poor,Very Poor,Very Poor
114.6,519.5,179.6,100.2,78.7,6.3,7.75,20.6,138.4,Poor,Very Poor,Very Poor,Poor,Poor,Poor
51.4,468.6,122.0,74.6,216.8,6.9,2.3,89.7,93.0,Severe,Very Poor,Very Poor,Severe,Severe,Severe
330.9,490.1,78.1,68.2,145.1,5.6,6.7,68.8,50.1,Severe,Very Poor,Severe,Severe,Severe,Severe
471.0,130.8,95.7,46.6,247.4,15.9,3.46,27.3,57.6,Moderate,Very Poor,Moderate,Moderate,Moderate,Moderate
494.8,483.4,137.3,91.9,250.0,12.8,6.92,41.0,122.1,Severe,Very Poor,Severe,Severe,Severe,Severe
280.9,278.2,110.4,51.8,93.5,26.7,4.23,7.2,194.9,Severe,Very Poor,Poor,Severe,Severe,Severe
327.0,403.5,125.6,141.7,142.2,38.7,5.59,59.4,134.5,Severe,Very Poor,Severe,Severe,Severe,Severe
492.7,96.9,73.8,137.1,23.3,29.2,2.66,38.3,71.5,Moderate,Very Poor,Moderate,Moderate,Moderate,Moderate
154.1,105.4,175.3,40.7,96.1,4.3,2.32,65.8,97.2,Very Poor,Very Poor,Poor,Very Poor,Very Poor,Very Poor
40.7,475.8,192.8,122.7,20.6,11.4,6.05,5.8,191.4,Severe,Very Poor,Poor,Severe,Severe,Severe
175.9,587.9,21.2,51.4,145.8,2.7,3.78,1.8,143.6,Very Poor,Very Poor,Severe,Very Poor,Very Poor,Very Poor
72.3,384.2,17.4,100.8,4.1,13.9,6.22,47.3,198.9,Very Poor,Very Poor,Poor,Very Poor,Very Poor,Very Poor
111.7,487.4,62.0,52.1,59.7,47.4,9.84,33.5,110.9,Severe,Very Poor,Very Poor,Severe,Severe,Severe
489.0,427.7,85.9,119.7,214.1,43.8,8.95,89.2,93.3,Very Poor,Very Poor,Severe,Very Poor,Very Poor,Very Poor
221.8,115.6,196.5,7.2,65.1,13.0,1.59,77.7,87.9,Very Poor,Very Poor,Good,Very Poor,Very Poor,Very Poor
324.2,230.1,102.7,93.5,41.2,47.8,7.17,5.7,45.5,Severe,Very Poor,Moderate,Severe,Severe,Severe
104.5,228.4,61.4,67.3,204.1,32.9,3.75,70.4,165.4,Poor,Very Poor,Poor,Poor,Poor,Poor
61.3,74.3,132.7,107.8,132.2,20.6,0.51,12.7,126.7,Moderate,Very Poor,Poor,Moderate,Moderate,Very Poor
416.2,4.4,21.2,78.0,64.0,26.0,8.67,13.7,5.4,Moderate,Very Poor,Moderate,Moderate,Moderate,Moderate
470.8,31.1,198.1,91.6,246.8,22.7,3.93,28.3,46.0,Moderate,Very Poor,Moderate,Moderate,Moderate,Moderate
247.4,594.9,108.1,104.2,55.6,37.5,5.64,73.8,50.3,Very Poor,Very Poor,Severe,Very Poor,Very Poor,Very Poor
11.7,48.0,82.5,135.8,158.6,42.2,4.94,21.6,31.1,Moderate,Very Poor,Very Poor,Moderate,Moderate,Moderate
229.6,448.7,12.8,7.2,73.7,48.7,5.55,36.1,48.0,Severe,Very Poor,Severe,Severe,Severe,Severe
308.2,547.1,110.0,106.2,37.7,5.3,8.4,13.2,111.8,Severe,Very Poor,Severe,Severe,Severe,Severe
131.3,483.1,155.7,60.2,102.1,36.8,4.53,48.2,104.4,Severe,Very Poor,Very Poor,Severe,Severe,Severe
70.6,413.3,83.0,143.9,190.3,13.6,7.68,84.9,38.0,Very Poor,Very Poor,Very Poor,Very Poor,Very Poor,Very Poor
395.8,203.3,19.3,104.4,71.4,45.0,3.98,79.9,154.1,Moderate,Very Poor,Poor,Moderate,Moderate,Moderate
422.6,121.6,199.6,49.0,150.4,7.9,8.88,83.1,57.0,Moderate,Very Poor,Moderate,Moderate,Moderate,Moderate
196.5,235.9,62.9,1.1,56.6,34.0,8.74,74.1,10.1,Very Poor,Very Poor,Moderate,Very Poor,Very Poor,Very Poor
363.7,274.5,140.5,134.3,123.8,15.0,8.96,67.2,15.0,Poor,Very Poor,Moderate,Poor,Poor,Poor
472.5,371.9,160.8,121.3,241.5,30.3,7.82,86.3,17.6,Very Poor,Very Poor,Moderate,Very Poor,Very Poor,Very Poor
311.8,102.6,37.8,110.5,193.3,47.2,1.89,87.6,141.2,Severe,Very Poor,Poor,Severe,Severe,Severe
414.9,155.5,149.0,91.4,4.4,13.7,8.25,53.7,12.6,Moderate,Very Poor,Moderate,Moderate,Moderate,Moderate
60.1,176.2,60.8,17.9,55.9,20.9,2.55,42.7,9.6,Moderate,Very Poor,Satisfactory,Moderate,Moderate,Poor
440.2,574.6,11.6,72.6,54.9,33.3,6.06,87.3,91.0,Moderate,Very Poor,Severe,Moderate,Moderate,Moderate
490.5,43.3,108.2,9.9,80.9,43.0,7.18,88.1,105.9,Moderate,Very Poor,Moderate,Moderate,Moderate,Severe
383.4,20.5,148.1,101.0,164.9,22.0,9.41,76.6,92.1,Moderate,Very Poor,Moderate,Moderate,Moderate,Moderate
379.6,214.8,11.5,124.2,75.6,17.4,8.68,48.1,164.2,Moderate,Very Poor,Poor,Moderate,Moderate,Moderate
435.5,325.3,177.8,27.5,121.9,34.5,0.24,37.6,23.1,Poor,Very Poor,Good,Satisfactory,Poor,Poor
445.3,514.1,3.3,115.8,114.3,22.2,4.29,33.1,97.2,Moderate,Very Poor,Severe,Moderate,Moderate,Moderate
332.9,86.9,161.4,41.1,202.3,13.1,5.49,4.6,112.9,Severe,Very Poor,Moderate,Severe,Severe,Severe
12.2,589.3,125.9,104.7,217.4,29.5,4.17,56.2,180.0,Poor,Very Poor,Poor,Poor,Poor,Poor
207.4,531.7,138.9,88.7,59.5,36.9,4.8,24.1,68.5,Very Poor,Very Poor,Severe,Very Poor,Very Poor,Very Poor
362.7,544.0,47.9,85.2,197.3,37.3,0.35,94.1,41.5,Moderate,Very Poor,Satisfactory,Moderate,Moderate,Severe
200.7,162.2,158.7,145.2,244.8,22.9,7.76,12.6,166.2,Very Poor,Very Poor,Poor,Very Poor,Very Poor,Very Poor
270.0,331.6,6.9,4.6,157.0,22.1,9.34,63.3,174.6,Severe,Very Poor,Poor,Severe,Severe,Severe
73.1,515.1,169.2,87.8,144.9,48.8,2.23,11.1,140.2,Moderate,Very Poor,Very Poor,Moderate,Moderate,Moderate
49.1,538.6,153.3,107.6,68.2,15.7,7.41,34.4,7.4,Moderate,Very Poor,Very Poor,Moderate,Moderate,Moderate
228.9,321.9,76.2,88.9,209.8,24.9,6.92,2.2,63.4,Very Poor,Very Poor,Moderate,Very Poor,Very Poor,Very Poor
236.4,196.4,164.8,118.4,52.7,5.3,8.78,8.3,113.9,Very Poor,Very Poor,Moderate,Very Poor,Very Poor,Very Poor
19.8,595.3,141.5,105.2,55.5,18.1,2.42,53.3,4.2,Moderate,Very Poor,Very Poor,Moderate,Moderate,Moderate
207.8,157.4,147.9,38.6,44.1,34.1,7.1,2.6,87.1,Very Poor,Very Poor,Moderate,Very Poor,Very Poor,Very Poor
386.4,430.6,96.3,26.5,31.6,18.9,8.04,0.9,29.4,Moderate,Very Poor,Severe,Very Poor,Very Poor,Severe
487.9,485.6,195.5,13.6,124.1,19.8,3.41,60.6,111.4,Severe,Very Poor,Severe,Severe,Severe,Severe
471.9,435.9,139.4,133.9,136.6,34.1,8.7,19.0,50.8,Severe,Very Poor,Severe,Severe,Severe,Severe
299.4,143.8,123.3,108.6,9.8,23.9,8.98,47.8,7.2,Severe,Very Poor,Moderate,Severe,Severe,Severe
9.7,41.4,151.1,110.5,204.4,41.2,4.26,26.4,195.0,Poor,Very Poor,Poor,Poor,Poor,Poor
148.8,248.3,93.7,58.4,112.3,40.6,6.13,8.0,117.7,Very Poor,Very Poor,Very Poor,Very Poor,Very Poor,Very Poor
243.6,370.3,167.2,87.4,246.0,45.3,9.83,3.2,39.3,Very Poor,Very Poor,Moderate,Very Poor,Very Poor,Very Poor
219.1,465.7,92.7,1.8,138.4,27.1,8.27,98.1,21.4,Severe,Very Poor,Severe,Severe,Severe,Very Poor
350.9,60.7,52.6,107.5,76.2,24.7,4.37,44.5,7.5,Moderate,Very Poor,Moderate,Moderate,Moderate,Moderate
352.9,213.8,152.2,125.5,51.1,31.1,1.93,62.6,141.3,Moderate,Very Poor,Poor,Moderate,Moderate,Moderate
184.3,320.8,70.4,27.2,168.1,16.8,3.79,79.0,121.9,Very Poor,Very Poor,Poor,Very Poor,Very Poor,Very Poor
407.7,417.5,154.7,49.3,114.9,3.7,9.34,72.0,38.8,Very Poor,Very Poor,Severe,Very Poor,Very Poor,Very Poor
64.5,57.2,79.7,53.9,193.1,23.6,0.06,67.1,52.0,Moderate,Very Poor,Satisfactory,Moderate,Moderate,Moderate
438.4,4.3,166.1,116.8,57.4,27.6,0.3,13.1,24.6,Moderate,Very Poor,Satisfactory,Moderate,Moderate,Moderate
298.3,268.4,127.3,116.6,58.4,15.4,6.58,78.9,41.4,Severe,Very Poor,Moderate,Severe,Severe,Severe
411.1,122.9,7.6,136.2,92.8,48.6,0.54,1.6,1.2,Moderate,Very Poor,Satisfactory,Moderate,Moderate,Poor
355.0,122.1,147.2,62.8,212.2,3.2,9.99,91.2,144.6,Moderate,Very Poor,Moderate,Moderate,Moderate,Moderate
272.6,394.5,70.7,17.2,245.5,32.2,1.58,11.4,43.0,Severe,Very Poor,Satisfactory,Severe,Severe,Severe
320.2,138.1,195.5,15.5,69.5,28.5,9.95,77.3,47.9,Severe,Very Poor,Moderate,Severe,Severe,Severe
33.1,163.1,68.1,112.6,142.4,15.1,4.85,53.3,193.6,Poor,Very Poor,Poor,Poor,Poor,Poor
111.0,265.8,9.7,81.6,60.7,38.1,1.79,46.4,181.4,Poor,Very Poor,Poor,Poor,Poor,Poor
62.3,368.7,95.6,114.7,60.1,29.8,0.14,74.3,167.7,Very Poor,Very Poor,Poor,Severe,Very Poor,Very Poor
172.2,127.0,76.9,77.3,81.0,6.8,4.63,72.4,40.9,Very Poor,Very Poor,Moderate,Very Poor,Very Poor,Very Poor
93.4,50.7,0.4,64.5,138.8,21.2,8.18,94.0,32.0,Poor,Very Poor,Moderate,Poor,Poor,Poor
481.0,588.7,35.6,6.8,233.3,0.3,5.64,27.0,79.5,Moderate,Very Poor,Severe,Moderate,Moderate,Moderate
208.2,294.8,20.2,78.8,189.9,1.5,5.09,4.6,94.3,Very Poor,Very Poor,Very Poor,Very Poor,Very Poor,Very Poor
18.1,552.6,76.5,113.8,122.4,13.4,1.39,44.0,106.0,Moderate,Very Poor,Very Poor,Moderate,Moderate,Moderate
460.2,313.6,33.2,123.8,146.3,17.0,3.24,5.6,41.7,Poor,Very Poor,Moderate,Poor,Poor,Poor
413.3,408.6,84.2,100.1,198.8,33.2,8.85,48.3,65.9,Very Poor,Very Poor,Severe,Very Poor,Very Poor,Very Poor
160.0,299.1,145.0,41.4,83.3,16.6,5.81,75.9,114.7,Very Poor,Very Poor,Very Poor,Very Poor,Very Poor,Very Poor
198.1,120.4,72.6,98.3,185.4,31.9,2.8,10.1,115.9,Very Poor,Very Poor,Poor,Very Poor,Very Poor,Very Poor
227.6,203.6,172.2,136.9,114.5,9.4,8.49,0.6,180.6,Very Poor,Very Poor,Poor,Very Poor,Very Poor,Very Poor
300.6,35.9,68.7,25.8,82.2,27.4,4.31,51.8,144.5,Severe,Very Poor,Poor,Severe,Severe,Severe
482.9,390.1,99.2,28.8,82.9,8.4,5.13,68.2,118.6,Very Poor,Very Poor,Severe,Very Poor,Very Poor,Very Poor
14.1,267.2,75.7,101.6,81.0,29.1,3.9,23.5,164.1,Poor,Very Poor,Poor,Poor,Poor,Poor
114.1,33.5,120.7,83.5,247.7,19.5,7.1,82.4,103.2,Poor,Very Poor,Moderate,Poor,Poor,Poor
383.5,481.4,120.4,100.5,11.1,29.3,5.59,96.9,75.6,Severe,Very Poor,Severe,Severe,Severe,Severe
432.7,542.0,185.0,8.9,244.6,7.7,1.59,11.5,138.8,Moderate,Very Poor,Satisfactory,Moderate,Moderate,Poor
101.3,587.9,192.2,104.5,82.0,6.9,8.5,9.0,78.5,Poor,Very Poor,Severe,Poor,Poor,Poor
262.9,178.7,75.4,34.7,188.0,39.8,1.08,2.5,142.6,Severe,Very Poor,Satisfactory,Severe,Severe,Severe
79.4,416.4,165.6,116.6,170.5,33.8,8.37,83.9,51.8,Very Poor,Very Poor,Very Poor,Very Poor,Very Poor,Very Poor
321.7,49.7,146.6,21.8,33.8,11.2,1.71,53.7,38.8,Severe,Very Poor,Good,Severe,Severe,Severe
467.9,509.9,140.9,46.7,222.0,47.3,9.1,74.5,36.9,Moderate,Very Poor,Severe,Moderate,Moderate,Moderate
134.0,212.1,26.7,105.5,221.6,32.0,2.92,69.5,61.8,Very Poor,Very Poor,Very Poor,Very Poor,Very Poor,Very Poor
287.8,277.9,126.9,79.4,34.7,25.3,3.82,17.9,81.6,Severe,Very Poor,Moderate,Severe,Severe,Severe
467.6,331.2,16.3,6.0,226.0,33.8,3.75,6.2,26.7,Poor,Very Poor,Satisfactory,Poor,Poor,Poor
361.8,158.9,113.8,105.5,165.6,8.7,1.71,6.3,196.4,Poor,Very Poor,Poor,Poor,Poor,Poor
489.7,586.0,181.0,132.0,227.4,41.5,6.06,78.1,193.4,Poor,Very Poor,Severe,Poor,Poor,Poor
166.5,380.2,57.2,26.8,230.2,17.6,4.42,60.1,163.9,Very Poor,Very Poor,Poor,Very Poor,Very Poor,Very Poor
371.7,252.6,154.4,127.1,9.9,46.5,4.88,79.6,51.0,Poor,Very Poor,Moderate,Poor,Poor,Poor
251.2,355.4,184.9,145.7,189.4,26.6,0.25,65.0,112.7,Severe,Very Poor,Severe,Severe,Severe,Very Poor
177.3,30.8,164.9,149.3,83.5,37.4,8.63,30.7,75.7,Very Poor,Very Poor,Moderate,Very Poor,Very Poor,Very Poor
351.7,122.6,169.4,101.8,204.7,34.1,9.57,46.6,52.9,Moderate,Very Poor,Moderate,Moderate,Moderate,Moderate
311.2,479.3,147.1,93.0,137.9,6.6,1.04,71.4,120.3,Severe,Very Poor,Severe,Severe,Severe,Severe
116.3,487.5,51.3,20.2,25.3,14.4,1.62,80.0,133.7,Severe,Very Poor,Very Poor,Poor,Severe,Severe
357.2,403.0,42.7,17.4,217.9,39.7,5.12,88.7,128.1,Very Poor,Very Poor,Severe,Very Poor,Very Poor,Very Poor
398.3,455.2,173.4,118.7,1.7,37.0,4.29,15.1,19.4,Severe,Very Poor,Severe,Severe,Severe,Severe
192.8,52.0,159.4,103.3,69.4,12.3,9.88,9.4,188.2,Very Poor,Very Poor,Poor,Very Poor,Very Poor,Very Poor
441.8,513.6,18.5,41.8,108.8,10.7,4.68,87.6,152.0,Moderate,Very Poor,Severe,Moderate,Moderate,Moderate
490.4,61.7,123.2,77.4,104.3,21.4,0.76,74.6,50.3,Satisfactory,Very Poor,Satisfactory,Satisfactory,Moderate,Moderate
374.5,226.1,94.3,38.1,33.6,6.4,7.54,36.6,120.3,Moderate,Very Poor,Moderate,Moderate,Moderate,Moderate
375.7,389.4,173.8,132.3,146.3,21.6,4.74,12.7,93.0,Very Poor,Very Poor,Severe,Very Poor,Very Poor,Very Poor
373.0,301.5,163.8,64.1,222.9,8.4,0.68,55.5,124.9,Poor,Very Poor,Satisfactory,Moderate,Poor,Poor
72.7,39.3,122.2,9.8,18.7,28.0,4.2,7.3,168.2,Moderate,Very Poor,Poor,Moderate,Moderate,Moderate
396.1,207.5,66.2,60.3,23.3,24.2,3.68,17.7,164.9,Moderate,Very Poor,Poor,Moderate,Moderate,Moderate
176.8,336.8,127.1,108.8,2.1,14.7,3.62,32.1,106.9,Very Poor,Very Poor,Very Poor,Very Poor,Very Poor,Very Poor
203.0,336.3,196.6,120.3,76.6,14.2,2.76,56.7,109.6,Very Poor,Very Poor,Very Poor,Very Poor,Very Poor,Very Poor
62.0,190.6,87.5,42.7,31.8,10.9,2.29,88.6,60.1,Moderate,Very Poor,Very Poor,Moderate,Moderate,Moderate
283.2,194.9,159.7,124.5,230.3,40.9,7.12,9.0,171.2,Severe,Very Poor,Poor,Severe,Severe,Severe
6.2,47.1,58.5,32.8,235.4,47.7,4.07,94.9,164.8,Moderate,Very Poor,Poor,Moderate,Moderate,Moderate
22.3,587.3,128.0,55.6,94.7,25.2,0.13,49.0,120.0,Moderate,Very Poor,Very Poor,Moderate,Moderate,Moderate
328.0,437.2,180.8,127.6,34.9,32.2,6.46,86.8,180.1,Severe,Very Poor,Severe,Severe,Severe,Severe
315.7,476.4,188.2,125.8,245.2,11.0,7.71,67.8,6.3,Severe,Very Poor,Severe,Severe,Severe,Severe
492.8,183.6,78.0,123.7,79.6,19.6,4.94,19.1,77.6,Moderate,Very Poor,Moderate,Moderate,Moderate,Moderate
377.3,566.6,197.1,25.9,93.1,31.8,9.0,36.1,12.6,Moderate,Very Poor,Severe,Moderate,Moderate,Moderate
444.0,491.4,17.1,19.7,247.9,17.4,0.73,7.4,178.7,Severe,Very Poor,Satisfactory,Poor,Severe,Severe
278.7,550.9,187.6,79.3,164.0,36.6,4.6,45.1,158.0,Severe,Very Poor,Severe,Severe,Severe,Severe
268.1,422.4,104.7,130.7,25.8,32.1,7.65,73.1,51.7,Severe,Very Poor,Severe,Severe,Severe,Severe
258.7,504.7,166.3,13.5,68.2,27.3,2.15,30.5,96.4,Severe,Very Poor,Satisfactory,Severe,Severe,Severe
459.4,306.5,25.1,112.9,152.7,38.8,7.73,28.0,30.4,Poor,Very Poor,Moderate,Poor,Poor,Poor
425.3,475.8,119.7,15.5,233.7,36.9,3.17,64.0,151.2,Severe,Very Poor,Severe,Severe,Severe,Severe
36.8,518.3,57.0,118.3,205.0,23.6,8.63,54.6,105.1,Moderate,Very Poor,Very Poor,Moderate,Moderate,Moderate
348.8,431.6,183.5,61.2,119.5,17.4,6.14,6.4,25.8,Severe,Very Poor,Severe,Severe,Severe,Severe
22.0,60.2,167.2,54.0,129.1,33.4,0.9,34.2,186.9,Poor,Very Poor,Poor,Poor,Poor,Poor
485.0,348.3,197.0,134.0,86.8,29.1,3.29,55.3,176.2,Poor,Very Poor,Severe,Poor,Poor,Poor
115.7,559.9,111.9,81.7,54.3,26.0,1.19,9.8,95.7,Poor,Very Poor,Very Poor,Poor,Poor,Very Poor
226.4,518.7,13.6,48.4,189.7,2.2,0.65,97.8,9.0,Very Poor,Very Poor,Satisfactory,Very Poor,Very Poor,Very Poor
484.2,349.0,148.5,62.7,203.5,41.7,7.09,41.0,20.3,Poor,Very Poor,Moderate,Poor,Poor,Poor
287.2,150.8,114.0,51.6,182.4,29.5,6.94,99.6,157.4,Severe,Very Poor,Poor,Severe,Severe,Severe
400.2,231.7,167.1,44.1,9.3,21.8,9.51,60.0,63.9,Moderate,Very Poor,Moderate,Moderate,Moderate,Moderate
312.8,34.4,129.9,78.7,200.0,49.3,4.61,20.9,152.6,Severe,Very Poor,Poor,Severe,Severe,Severe
496.2,222.2,183.6,50.1,169.0,45.3,2.15,37.3,5.3,Moderate,Very Poor,Satisfactory,Moderate,Moderate,Moderate
442.8,310.9,9.7,35.1,123.4,38.2,3.83,62.4,42.8,Poor,Very Poor,Moderate,Poor,Poor,Poor
203.4,285.4,55.0,12.2,24.0,25.5,2.03,52.9,132.3,Very Poor,Very Poor,Poor,Very Poor,Very Poor,Very Poor
171.7,53.2,133.3,9.6,41.1,27.6,7.22,31.2,9.8,Very Poor,Very Poor,Moderate,Very Poor,Very Poor,Very Poor
225.7,37.5,165.5,35.4,114.7,3.8,0.0,48.6,167.0,Very Poor,Very Poor,Satisfactory,Very Poor,Very Poor,Very Poor
259.6,217.8,71.3,96.9,184.3,45.5,9.26,49.7,69.6,Severe,Very Poor,Moderate,Severe,Severe,Severe
355.7,498.3,46.7,49.1,171.8,4.0,0.73,42.1,79.5,Severe,Very Poor,Satisfactory,Satisfactory,Severe,Severe
209.0,449.5,194.5,100.4,113.0,11.0,0.18,99.2,43.3,Severe,Very Poor,Satisfactory,Very Poor,Severe,Severe
470.2,61.3,24.7,51.4,11.5,30.8,3.59,58.7,118.8,Moderate,Very Poor,Moderate,Moderate,Moderate,Moderate
392.7,49.7,179.2,146.3,65.8,17.8,3.83,8.7,139.2,Moderate,Very Poor,Moderate,Moderate,Moderate,Moderate
289.8,455.1,140.2,84.4,148.7,31.5,5.13,61.9,38.0,Severe,Very Poor,Severe,Severe,Severe,Severe
199.2,300.4,163.6,48.1,213.7,42.3,2.37,27.8,20.5,Very Poor,Very Poor,Satisfactory,Very Poor,Very Poor,Very Poor
326.7,47.1,148.0,107.0,249.3,18.7,3.99,32.3,70.8,Severe,Very Poor,Moderate,Severe,Severe,Severe
431.8,296.7,86.9,10.3,117.3,45.4,3.38,81.0,163.6,Poor,Very Poor,Poor,Poor,Poor,Severe
301.8,209.6,100.3,103.9,153.9,2.8,5.34,85.2,186.1,Severe,Very Poor,Poor,Severe,Severe,Severe
350.9,436.4,92.1,111.1,92.5,5.3,1.0,25.6,179.6,Severe,Very Poor,Poor,Poor,Severe,Very Poor
368.1,40.7,126.2,19.3,229.8,20.3,3.53,78.6,92.5,Moderate,Very Poor,Moderate,Moderate,Moderate,Moderate
436.8,37.8,197.0,55.3,115.4,20.5,8.66,63.1,32.6,Moderate,Very Poor,Moderate,Moderate,Moderate,Moderate
309.3,482.5,189.7,62.9,55.2,26.9,6.6,77.8,73.6,Severe,Very Poor,Severe,Severe,Severe,Severe
113.8,394.9,185.3,23.3,230.0,23.3,4.5,75.9,121.6,Very Poor,Very Poor,Very Poor,Very Poor,Very Poor,Very Poor
245.4,240.2,168.3,94.3,37.7,37.1,2.01,55.9,88.9,Very Poor,Very Poor,Moderate,Very Poor,Very Poor,Very Poor
151.1,323.2,123.3,140.5,147.8,21.5,1.32,1.7,107.8,Very Poor,Very Poor,Very Poor,Very Poor,Very Poor,Severe
223.6,152.7,14.3,98.3,58.7,34.3,8.56,13.0,83.6,Very Poor,Very Poor,Moderate,Very Poor,Very Poor,Very Poor
299.6,146.0,7.6,2.6,207.3,5.0,5.13,98.4,150.5,Severe,Very Poor,Poor,Severe,Severe,Severe
130.2,558.0,160.7,99.5,152.0,9.1,9.58,4.8,151.2,Very Poor,Very Poor,Very Poor,Very Poor,Very Poor,Very Poor
417.3,232.9,92.6,39.8,164.5,45.1,0.16,45.5,55.1,Moderate,Very Poor,Satisfactory,Moderate,Moderate,Moderate
213.2,430.2,21.1,95.5,201.1,42.0,3.97,99.6,133.5,Very Poor,Very Poor,Severe,Very Poor,Very Poor,Severe
213.9,171.8,105.3,76.9,179.2,9.0,4.99,42.7,31.3,Very Poor,Very Poor,Moderate,Very Poor,Very Poor,Very Poor
362.2,513.3,99.7,132.0,27.4,32.5,6.71,91.8,86.7,Moderate,Very Poor,Severe,Moderate,Moderate,Moderate
468.6,120.6,181.9,26.9,35.0,11.8,8.59,81.7,56.4,Moderate,Very Poor,Moderate,Moderate,Moderate,Moderate
445.5,319.5,85.6,19.1,209.5,7.6,5.11,63.2,143.4,Poor,Very Poor,Severe,Poor,Poor,Poor
112.0,228.8,112.7,51.5,224.1,15.8,9.65,77.5,25.7,Poor,Very Poor,Moderate,Poor,Poor,Poor
498.3,128.6,58.8,90.9,50.2,42.2,5.12,26.2,22.5,Moderate,Very Poor,Moderate,Moderate,Moderate,Moderate
484.5,321.0,175.8,64.2,238.2,1.0,7.87,70.8,151.3,Poor,Very Poor,Severe,Poor,Poor,Poor
356.5,98.9,191.6,39.8,31.7,7.5,4.87,93.3,167.6,Moderate,Very Poor,Poor,Moderate,Moderate,Moderate
127.2,517.5,145.9,63.1,220.4,29.3,2.46,25.1,7.2,Very Poor,Very Poor,Satisfactory,Very Poor,Very Poor,Very Poor
303.8,283.5,75.0,21.9,220.6,34.9,3.21,29.5,97.0,Severe,Very Poor,Severe,Severe,Severe,Very Poor
345.9,94.6,48.2,24.3,43.2,31.3,1.96,43.2,165.7,Severe,Very Poor,Poor,Severe,Severe,Severe
177.7,260.6,196.7,80.6,113.2,22.5,1.55,30.9,18.4,Very Poor,Very Poor,Satisfactory,Very Poor,Very Poor,Very Poor
4.3,39.2,118.5,51.5,85.2,45.7,8.26,20.0,193.2,Poor,Very Poor,Poor,Poor,Poor,Poor
342.0,135.7,103.2,4.0,125.2,23.0,4.09,58.3,191.2,Severe,Very Poor,Poor,Severe,Severe,Severe
368.1,574.7,56.2,77.1,87.3,21.9,5.41,43.5,65.0,Moderate,Very Poor,Severe,Moderate,Moderate,Moderate
423.7,226.2,196.0,104.0,165.0,6.0,8.78,17.1,110.6,Moderate,Very Poor,Moderate,Moderate,Moderate,Moderate
306.9,569.9,161.3,91.7,20.2,45.2,6.33,50.9,73.8,Severe,Very Poor,Severe,Severe,Severe,Severe
364.3,500.5,110.0,132.4,49.3,24.1,8.77,87.8,8.6,Moderate,Very Poor,Severe,Moderate,Moderate,Severe
216.7,597.1,143.2,42.7,35.8,44.5,4.16,6.6,34.1,Very Poor,Very Poor,Severe,Very Poor,Very Poor,Very Poor
460.9,263.5,45.3,129.2,89.3,2.5,4.13,75.5,181.3,Poor,Very Poor,Poor,Poor,Poor,Poor
39.4,440.2,129.4,0.8,4.5,9.0,4.1,79.9,118.2,Severe,Very Poor,Very Poor,Severe,Severe,Severe
42.9,501.8,34.5,113.5,234.6,43.8,9.3,59.9,9.1,Moderate,Very Poor,Very Poor,Moderate,Moderate,Moderate
400.1,526.9,0.3,135.7,244.2,22.3,0.78,91.4,118.8,Moderate,Very Poor,Severe,Moderate,Moderate,Moderate
66.1,462.1,44.9,95.8,156.3,33.0,3.12,18.8,132.0,Severe,Very Poor,Very Poor,Severe,Severe,Severe
233.2,359.6,196.7,134.5,235.5,40.8,6.57,58.0,91.2,Very Poor,Very Poor,Very Poor,Very Poor,Very Poor,Very Poor
89.7,127.4,60.1,139.4,165.5,1.0,5.15,10.1,28.1,Moderate,Very Poor,Moderate,Moderate,Moderate,Moderate
401.0,104.0,13.1,8.5,47.2,8.9,1.0,20.0,42.3,Moderate,Very Poor,Satisfactory,Satisfactory,Moderate,Very Poor
431.1,362.3,18.5,20.9,8.7,4.6,8.9,66.7,22.5,Very Poor,Very Poor,Moderate,Very Poor,Very Poor,Very Poor
136.6,466.8,78.0,85.6,78.6,10.3,8.41,89.5,196.9,Severe,Very Poor,Poor,Severe,Severe,Severe
163.1,521.5,60.3,60.7,117.6,33.8,7.21,70.3,183.9,Very Poor,Very Poor,Poor,Very Poor,Very Poor,Very Poor
483.8,404.4,183.5,69.3,150.6,47.3,6.98,79.5,107.8,Very Poor,Very Poor,Severe,Very Poor,Very Poor,Very Poor
383.2,0.1,121.3,101.5,29.5,9.2,9.15,16.3,102.8,Moderate,Very Poor,Moderate,Moderate,Moderate,Severe
275.1,537.1,63.9,21.6,127.0,48.7,8.77,61.6,55.1,Severe,Very Poor,Severe,Severe,Severe,Severe
416.4,300.9,113.2,16.5,124.2,32.0,7.57,89.4,148.7,Poor,Very Poor,Severe,Poor,Poor,Poor
409.2,164.4,185.9,98.3,60.2,33.5,8.57,42.1,186.6,Poor,Very Poor,Poor,Poor,Poor,Poor
162.2,355.0,41.5,98.0,185.8,39.3,7.68,22.3,37.3,Very Poor,Very Poor,Very Poor,Very Poor,Very Poor,Very Poor
388.3,129.6,57.7,53.0,178.2,24.5,2.27,55.0,91.7,Moderate,Very Poor,Moderate,Moderate,Moderate,Moderate
149.3,74.1,20.2,1.7,194.7,27.3,3.13,98.0,65.9,Very Poor,Very Poor,Moderate,Very Poor,Very Poor,Very Poor
356.1,146.6,83.0,73.2,176.9,12.5,0.81,34.3,70.8,Moderate,Very Poor,Satisfactory,Moderate,Moderate,Moderate
283.4,2.0,55.2,4.2,55.0,31.8,8.61,90.8,123.5,Severe,Very Poor,Moderate,Severe,Severe,Very Poor
134.5,321.2,179.1,20.0,67.4,40.0,2.11,78.8,174.5,Very Poor,Very Poor,Poor,Very Poor,Very Poor,Very Poor
241.9,361.2,182.7,133.2,190.2,6.2,9.7,29.9,185.1,Very Poor,Very Poor,Poor,Very Poor,Very Poor,Very Poor
137.9,554.0,168.7,12.7,146.3,5.3,2.43,63.2,119.7,Very Poor,Very Poor,Severe,Very Poor,Very Poor,Very Poor
5.1,217.1,126.5,138.3,243.2,35.2,6.86,42.8,127.4,Moderate,Very Poor,Very Poor,Moderate,Moderate,Moderate
311.8,599.4,46.9,53.8,126.9,48.4,9.34,5.1,8.6,Severe,Very Poor,Severe,Severe,Severe,Severe
308.9,388.7,108.9,133.8,208.5,22.6,1.04,27.3,40.1,Severe,Very Poor,Severe,Severe,Severe,Severe
341.7,259.0,65.3,42.7,134.6,3.2,0.65,89.7,26.2,Severe,Very Poor,Satisfactory,Severe,Severe,Severe
6.4,556.3,118.9,62.8,177.5,36.6,8.46,93.0,15.7,Moderate,Very Poor,Very Poor,Moderate,Moderate,Moderate
496.4,126.1,10.4,127.3,122.5,32.8,4.95,70.9,169.1,Poor,Very Poor,Poor,Poor,Poor,Moderate
419.9,500.9,180.0,139.3,105.8,20.3,0.56,41.1,195.3,Poor,Very Poor,Severe,Poor,Poor,Poor
333.7,558.9,171.1,52.3,239.4,39.5,1.22,22.6,182.8,Severe,Very Poor,Severe,Severe,Severe,Very Poor
415.0,129.4,105.1,62.5,106.5,43.3,2.7,75.2,77.3,Moderate,Very Poor,Moderate,Moderate,Moderate,Moderate
181.4,40.9,122.0,1.9,154.5,32.7,7.49,34.6,67.4,Very Poor,Very Poor,Moderate,Very Poor,Very Poor,Very Poor
332.1,95.3,110.0,145.6,153.0,21.0,7.3,35.6,24.6,Severe,Very Poor,Moderate,Severe,Severe,Severe
189.1,129.9,120.0,97.7,137.3,5.4,3.58,6.6,177.2,Very Poor,Very Poor,Poor,Very Poor,Very Poor,Very Poor
317.7,489.5,41.6,62.7,167.4,23.1,7.31,87.2,120.9,Severe,Very Poor,Severe,Severe,Severe,Severe
48.1,447.9,50.5,65.0,132.0,27.9,6.65,72.0,95.7,Severe,Very Poor,Very Poor,Severe,Severe,Severe
387.8,184.6,23.5,51.3,247.0,15.7,5.4,45.6,142.1,Moderate,Very Poor,Poor,Moderate,Moderate,Moderate
318.0,499.5,190.4,120.8,72.5,25.4,0.49,44.4,43.0,Severe,Very Poor,Satisfactory,Severe,Severe,Severe
295.6,203.2,153.1,16.4,78.9,5.6,2.61,100.0,127.4,Severe,Very Poor,Poor,Severe,Severe,Severe
463.0,64.8,175.8,117.5,223.3,44.8,4.34,70.6,13.3,Moderate,Very Poor,Moderate,Moderate,Moderate,Moderate
0.9,472.0,126.3,69.6,22.3,28.4,1.45,86.7,99.5,Severe,Very Poor,Very Poor,Poor,Severe,Severe
373.8,103.9,82.9,139.5,165.1,18.5,6.07,62.9,146.0,Moderate,Very Poor,Moderate,Moderate,Moderate,Moderate
6.3,276.9,90.9,15.3,65.4,48.4,4.38,76.2,51.6,Poor,Very Poor,Very Poor,Poor,Poor,Poor
218.9,370.5,87.0,134.5,80.4,25.3,5.83,19.3,106.6,Very Poor,Very Poor,Severe,Very Poor,Very Poor,Very Poor
389.7,422.7,103.4,92.6,153.3,11.1,6.7,55.4,162.4,Very Poor,Very Poor,Severe,Very Poor,Very Poor,Very Poor
298.5,323.7,22.1,88.3,158.8,24.1,1.53,22.1,36.6,Severe,Very Poor,Satisfactory,Severe,Severe,Severe
372.2,332.4,79.4,109.6,188.9,1.4,9.8,5.7,88.0,Poor,Very Poor,Moderate,Poor,Poor,Poor
339.1,203.5,1.0,87.4,158.1,3.0,9.79,56.9,26.7,Severe,Very Poor,Moderate,Severe,Severe,Severe
292.7,430.2,14.7,62.5,225.8,32.0,1.3,59.3,87.3,Severe,Very Poor,Satisfactory,Severe,Severe,Very Poor
471.5,270.9,51.0,94.7,161.1,39.3,8.96,98.4,35.1,Poor,Very Poor,Moderate,Poor,Poor,Poor
378.2,343.8,66.7,49.0,2.9,21.6,5.68,1.6,87.5,Poor,Very Poor,Severe,Poor,Poor,Poor
405.6,448.8,10.1,76.6,15.9,7.6,6.61,46.4,72.6,Severe,Very Poor,Severe,Severe,Severe,Severe
73.2,175.6,170.1,112.8,14.6,11.6,3.9,37.7,197.1,Poor,Very Poor,Poor,Poor,Poor,Poor
403.1,370.2,176.1,98.6,82.0,42.1,5.98,95.4,14.7,Very Poor,Very Poor,Moderate,Very Poor,Very Poor,Very Poor
134.5,261.2,111.8,35.9,231.3,32.1,6.15,53.0,115.6,Very Poor,Very Poor,Very Poor,Very Poor,Very Poor,Very Poor
337.2,3.5,69.4,74.3,36.3,6.0,4.98,70.5,180.0,Severe,Very Poor,Poor,Severe,Severe,Severe
52.5,258.1,83.0,61.3,7.2,5.3,3.7,37.9,42.4,Poor,Very Poor,Very Poor,Poor,Poor,Poor
230.4,477.1,159.4,126.0,16.0,23.9,6.94,16.1,68.3,Severe,Very Poor,Severe,Severe,Severe,Severe
494.0,295.1,97.3,74.3,140.9,6.3,3.69,24.7,193.7,Poor,Very Poor,Poor,Poor,Poor,Poor
466.2,168.7,77.7,128.0,203.5,31.3,0.68,1.1,96.4,Moderate,Very Poor,Moderate,Moderate,Moderate,Moderate
185.4,160.7,38.8,54.0,109.0,13.8,1.51,69.6,38.7,Very Poor,Very Poor,Satisfactory,Very Poor,Very Poor,Very Poor
118.5,25.8,114.7,86.2,165.0,12.6,5.87,31.1,82.7,Poor,Very Poor,Moderate,Poor,Poor,Poor
205.8,115.6,157.7,124.0,234.7,41.5,2.65,68.4,45.9,Very Poor,Very Poor,Moderate,Very Poor,Very Poor,Very Poor
223.9,378.3,67.3,110.0,224.8,12.7,0.06,2.2,142.6,Very Poor,Very Poor,Poor,Very Poor,Very Poor,Very Poor
294.8,461.2,185.3,18.8,36.6,29.7,4.11,43.1,168.0,Severe,Very Poor,Poor,Severe,Severe,Severe
29.9,303.0,71.8,78.0,249.0,40.4,4.04,68.5,1.7,Poor,Very Poor,Very Poor,Poor,Poor,Poor
294.9,341.4,188.2,103.3,58.3,8.6,8.18,37.9,70.2,Severe,Very Poor,Moderate,Severe,Severe,Severe
422.3,105.4,149.9,148.3,120.5,17.7,3.71,64.9,186.5,Poor,Very Poor,Poor,Poor,Poor,Poor
287.0,109.7,191.6,96.0,215.1,24.0,6.95,84.6,102.2,Severe,Very Poor,Moderate,Severe,Severe,Severe
161.7,259.2,14.9,74.5,207.2,39.6,1.4,0.4,150.8,Very Poor,Very Poor,Poor,Very Poor,Very Poor,Very Poor
393.4,365.7,86.5,116.6,162.4,30.5,3.99,68.4,99.4,Very Poor,Very Poor,Severe,Very Poor,Very Poor,Very Poor
191.9,157.5,29.1,143.2,132.5,43.2,5.38,17.8,20.6,Very Poor,Very Poor,Moderate,Very Poor,Very Poor,Very Poor
364.2,440.8,75.2,111.1,32.0,25.2,4.18,64.4,0.3,Severe,Very Poor,Severe,Severe,Severe,Very Poor
132.5,77.0,69.7,30.4,233.8,7.5,8.64,8.3,193.3,Very Poor,Very Poor,Poor,Very Poor,Very Poor,Very Poor
252.3,146.1,21.0,45.3,142.1,15.6,2.99,93.1,66.6,Severe,Very Poor,Moderate,Severe,Severe,Severe
422.1,487.6,157.2,11.8,76.6,8.3,2.85,99.2,16.6,Severe,Very Poor,Satisfactory,Severe,Severe,Severe
448.6,291.0,43.8,131.0,178.7,46.4,6.55,56.1,165.6,Poor,Very Poor,Poor,Poor,Poor,Poor
66.3,324.0,67.7,114.4,30.7,21.0,7.21,15.5,142.0,Poor,Very Poor,Very Poor,Poor,Poor,Poor
467.9,530.9,65.6,141.5,99.5,17.8,0.39,29.0,54.7,Moderate,Very Poor,Satisfactory,Moderate,Moderate,Severe
293.2,130.9,1.2,8.5,51.2,23.1,8.86,56.2,51.1,Severe,Very Poor,Moderate,Severe,Severe,Severe
152.3,363.4,192.6,93.7,97.7,5.2,3.8,72.8,61.3,Very Poor,Very Poor,Very Poor,Very Poor,Very Poor,Very Poor
498.0,434.8,81.0,15.7,58.4,9.4,4.77,76.8,9.2,Severe,Very Poor,Severe,Severe,Severe,Severe
311.9,13.2,170.2,8.1,50.9,38.4,7.81,22.2,85.8,Severe,Very Poor,Moderate,Severe,Severe,Very Poor
353.6,436.0,36.3,71.0,237.7,32.7,0.32,21.5,29.9,Severe,Very Poor,Satisfactory,Severe,Severe,Severe
498.4,336.5,165.8,98.0,24.8,13.9,8.47,73.9,39.4,Poor,Very Poor,Moderate,Poor,Poor,Poor
297.3,102.1,179.1,87.5,185.0,41.0,3.68,95.1,57.3,Severe,Very Poor,Moderate,Severe,Severe,Severe
271.7,500.9,48.7,86.1,201.2,20.0,8.26,25.8,157.9,Severe,Very Poor,Severe,Severe,Severe,Severe
371.3,579.8,199.3,116.1,47.5,46.0,6.35,51.5,54.9,Moderate,Very Poor,Severe,Moderate,Moderate,Moderate
201.3,541.0,134.8,83.2,132.8,31.7,1.79,92.9,105.7,Very Poor,Very Poor,Severe,Very Poor,Very Poor,Very Poor
270.7,413.6,178.4,84.7,189.9,16.0,2.25,90.0,11.6,Severe,Very Poor,Severe,Severe,Severe,Severe
315.5,539.9,124.9,87.0,7.3,11.8,8.13,11.7,144.4,Severe,Very Poor,Severe,Severe,Severe,Severe
480.0,134.6,104.9,15.3,105.0,17.7,1.75,45.0,47.2,Moderate,Very Poor,Satisfactory,Moderate,Moderate,Moderate
344.0,474.7,100.4,0.5,104.1,39.9,6.02,83.6,94.9,Severe,Very Poor,Severe,Severe,Severe,Severe
293.1,143.9,197.2,4.5,72.6,40.5,9.84,24.5,127.2,Severe,Very Poor,Poor,Severe,Severe,Severe
375.7,252.0,63.4,121.7,182.8,33.5,1.2,47.9,137.4,Poor,Very Poor,Poor,Poor,Poor,Severe
430.7,527.4,9.4,149.1,28.8,23.9,2.28,47.6,144.4,Moderate,Very Poor,Severe,Moderate,Moderate,Moderate
272.8,184.8,55.7,80.9,77.9,19.1,9.36,42.7,171.9,Severe,Very Poor,Poor,Severe,Severe,Severe
407.6,334.1,151.6,92.6,212.6,28.7,1.67,31.2,34.2,Poor,Very Poor,Satisfactory,Poor,Poor,Poor
113.8,52.7,58.6,1.7,46.9,16.8,1.29,84.6,16.3,Poor,Very Poor,Satisfactory,Poor,Poor,Very Poor
246.7,489.2,6.2,70.8,210.0,0.8,2.08,30.9,12.9,Severe,Very Poor,Satisfactory,Very Poor,Severe,Severe
75.4,558.9,1.7,119.8,134.0,49.9,4.54,53.0,188.4,Poor,Very Poor,Poor,Poor,Poor,Satisfactory
489.6,502.4,163.4,64.0,127.2,23.4,1.68,46.1,107.4,Moderate,Very Poor,Severe,Moderate,Moderate,Moderate
117.3,392.2,142.5,41.7,179.0,24.3,6.23,21.2,9.6,Very Poor,Very Poor,Very Poor,Very Poor,Very Poor,Very Poor
288.1,329.9,106.0,7.1,161.0,12.8,1.5,43.4,117.3,Severe,Very Poor,Satisfactory,Severe,Severe,Severe
454.0,159.3,118.3,48.2,136.5,5.2,5.03,58.0,93.3,Moderate,Very Poor,Moderate,Moderate,Moderate,Moderate
350.2,178.2,34.7,25.8,196.9,42.4,8.37,18.5,143.9,Moderate,Very Poor,Poor,Moderate,Moderate,Moderate
47.7,74.3,71.8,59.6,73.8,0.3,2.27,34.9,7.2,Moderate,Very Poor,Satisfactory,Moderate,Moderate,Moderate
369.9,64.0,70.3,136.4,52.8,6.0,4.72,70.6,105.9,Moderate,Very Poor,Moderate,Moderate,Moderate,Moderate
21.8,104.8,133.5,81.8,199.8,0.5,2.02,22.3,126.1,Moderate,Very Poor,Poor,Moderate,Moderate,Moderate
73.4,519.1,147.6,146.4,209.1,40.4,9.72,81.6,161.7,Moderate,Very Poor,Very Poor,Moderate,Moderate,Moderate
172.6,472.4,72.3,115.0,239.1,19.4,0.55,16.9,32.8,Severe,Very Poor,Satisfactory,Very Poor,Severe,Very Poor
177.8,597.4,10.4,90.4,147.7,24.7,3.35,87.1,63.9,Very Poor,Very Poor,Severe,Very Poor,Very Poor,Satisfactory
385.2,553.6,116.0,61.0,118.8,28.1,6.15,37.4,130.4,Moderate,Very Poor,Severe,Moderate,Moderate,Moderate
237.6,508.5,91.2,104.6,86.5,28.2,7.75,91.4,173.1,Very Poor,Very Poor,Severe,Very Poor,Very Poor,Very Poor
134.8,84.2,108.0,135.8,90.1,7.5,0.45,14.2,113.6,Very Poor,Very Poor,Poor,Very Poor,Very Poor,Very Poor
4.6,34.9,121.1,47.4,233.3,45.6,5.47,0.1,79.1,Moderate,Very Poor,Very Poor,Moderate,Moderate,Moderate
414.0,256.5,101.3,147.8,175.8,15.6,2.62,54.8,178.0,Poor,Very Poor,Poor,Poor,Poor,Poor
265.9,339.2,194.9,122.5,42.4,33.4,6.57,19.0,123.9,Severe,Very Poor,Severe,Severe,Severe,Severe
79.8,346.1,123.3,27.5,233.3,38.5,0.23,80.6,18.4,Poor,Very Poor,Satisfactory,Poor,Poor,Poor
150.3,573.4,76.0,23.2,59.7,15.1,3.01,85.5,20.4,Very Poor,Very Poor,Satisfactory,Very Poor,Very Poor,Severe
316.5,425.4,80.3,137.3,31.5,40.4,4.68,82.5,55.4,Severe,Very Poor,Severe,Severe,Severe,Severe
194.8,546.8,83.9,128.7,89.5,34.1,1.84,34.9,83.8,Very Poor,Very Poor,Severe,Very Poor,Very Poor,Very Poor
442.6,401.1,183.4,1.8,160.6,28.8,0.89,45.2,108.0,Very Poor,Very Poor,Satisfactory,Very Poor,Very Poor,Very Poor
338.7,162.4,52.6,24.9,121.5,18.3,9.45,69.2,183.6,Severe,Very Poor,Poor,Severe,Severe,Severe
212.3,356.6,1.2,1.7,186.9,37.4,9.81,36.4,92.8,Very Poor,Very Poor,Very Poor,Very Poor,Very Poor,Very Poor
402.8,564.8,58.1,84.9,123.5,28.4,8.64,46.1,188.8,Poor,Very Poor,Severe,Poor,Poor,Poor
330.8,399.3,33.5,70.4,90.2,29.0,0.26,72.7,55.3,Severe,Very Poor,Satisfactory,Severe,Severe,Severe
174.7,116.6,153.1,100.3,63.6,13.4,9.74,55.8,195.2,Very Poor,Very Poor,Poor,Very Poor,Very Poor,Very Poor
212.9,138.4,190.4,86.0,10.7,5.8,8.31,57.8,16.6,Very Poor,Very Poor,Moderate,Very Poor,Very Poor,Very Poor
298.9,204.8,143.4,111.6,192.0,2.0,6.62,85.7,7.0,Severe,Very Poor,Moderate,Severe,Severe,Severe
427.4,497.2,161.8,116.7,80.3,36.3,0.2,36.9,68.2,Severe,Very Poor,Satisfactory,Moderate,Severe,Severe
140.7,93.2,192.7,21.3,221.5,11.0,4.44,41.6,139.4,Very Poor,Very Poor,Poor,Very Poor,Very Poor,Very Poor
357.3,362.2,15.8,106.2,86.3,15.5,8.18,87.4,94.6,Very Poor,Very Poor,Severe,Very Poor,Very Poor,Very Poor
80.4,263.7,81.4,18.7,134.2,46.3,1.22,84.2,60.3,Poor,Very Poor,Satisfactory,Poor,Poor,Poor
366.2,533.4,136.2,56.4,101.3,38.9,1.3,7.8,60.8,Satisfactory,Very Poor,Satisfactory,Satisfactory,Satisfactory,Very Poor
425.3,234.4,113.5,86.2,119.7,44.9,4.11,6.0,118.0,Moderate,Very Poor,Moderate,Moderate,Moderate,Moderate
102.9,158.9,3.5,49.1,21.5,30.0,8.66,77.9,94.2,Poor,Very Poor,Very Poor,Poor,Poor,Poor
404.1,137.9,42.5,4.1,217.7,2.8,0.48,15.3,136.8,Moderate,Very Poor,Satisfactory,Moderate,Moderate,Moderate
226.3,320.7,99.8,110.3,170.6,9.0,1.55,18.5,122.6,Very Poor,Very Poor,Poor,Very Poor,Very Poor,Very Poor
107.1,172.6,55.6,130.0,220.9,5.6,7.36,56.4,95.7,Poor,Very Poor,Very Poor,Poor,Poor,Poor
201.1,397.0,6.1,129.5,126.6,16.7,5.75,95.6,88.5,Very Poor,Very Poor,Severe,Very Poor,Very Poor,Very Poor
480.2,170.9,171.4,39.4,75.3,38.1,2.63,59.5,134.6,Moderate,Very Poor,Moderate,Moderate,Moderate,Moderate
69.5,497.4,153.7,116.5,14.3,5.1,6.03,96.9,72.6,Severe,Very Poor,Very Poor,Severe,Severe,Severe
333.4,167.8,47.0,55.6,217.5,50.0,4.94,25.7,14.5,Severe,Very Poor,Moderate,Severe,Severe,Severe
436.9,390.2,86.2,69.8,122.9,33.4,2.96,36.0,172.3,Very Poor,Very Poor,Severe,Very Poor,Very Poor,Very Poor
113.6,78.5,7.8,77.9,160.8,38.9,7.23,43.0,156.0,Poor,Very Poor,Poor,Poor,Poor,Poor
83.4,457.4,94.3,121.1,37.5,5.8,8.57,29.1,186.2,Severe,Very Poor,Poor,Severe,Severe,Severe
456.7,42.0,16.4,105.4,174.1,43.6,1.56,15.2,93.8,Moderate,Very Poor,Moderate,Moderate,Moderate,Moderate
332.1,430.3,151.2,53.8,73.0,15.6,2.72,8.3,189.0,Severe,Very Poor,Poor,Severe,Severe,Severe
465.9,409.2,51.3,121.3,103.8,25.0,8.38,16.2,192.8,Very Poor,Very Poor,Severe,Very Poor,Very Poor,Very Poor
482.2,318.6,112.2,137.1,219.9,0.5,7.59,44.3,16.5,Poor,Very Poor,Moderate,Poor,Poor,Poor
80.7,465.7,55.5,88.5,184.9,28.9,9.61,67.9,6.8,Severe,Very Poor,Very Poor,Severe,Severe,Severe
380.8,77.2,77.7,107.5,63.1,1.9,9.6,1.7,190.6,Poor,Very Poor,Poor,Poor,Poor,Poor
145.8,97.9,179.5,29.6,180.1,22.7,4.13,91.9,85.2,Very Poor,Very Poor,Moderate,Very Poor,Very Poor,Very Poor
490.8,580.9,36.6,30.6,203.4,45.8,0.1,24.6,132.3,Moderate,Very Poor,Satisfactory,Satisfactory,Moderate,Moderate
350.2,197.1,191.8,100.9,39.1,12.7,7.79,69.7,21.7,Moderate,Very Poor,Moderate,Moderate,Moderate,Moderate
100.7,364.9,91.2,0.8,119.9,47.0,9.51,37.7,88.6,Very Poor,Very Poor,Very Poor,Very Poor,Very Poor,Very Poor
152.5,508.0,12.1,11.8,90.5,39.3,5.06,93.3,165.8,Very Poor,Very Poor,Poor,Very Poor,Very Poor,Very Poor
118.3,74.6,107.3,145.4,139.1,25.7,5.71,85.2,3.6,Poor,Very Poor,Moderate,Poor,Poor,Poor
323.6,146.7,45.0,113.3,205.2,9.3,3.09,77.1,94.0,Severe,Very Poor,Moderate,Severe,Severe,Severe
252.0,24.3,27.3,86.9,191.4,42.3,4.85,9.9,172.9,Severe,Very Poor,Poor,Severe,Severe,Severe
232.4,152.6,104.1,66.3,38.8,14.0,4.86,43.1,139.5,Very Poor,Very Poor,Poor,Very Poor,Very Poor,Very Poor
151.6,166.1,137.2,117.4,68.4,32.5,1.67,95.7,116.2,Very Poor,Very Poor,Poor,Very Poor,Very Poor,Very Poor
415.8,280.8,154.8,115.2,77.0,5.7,9.17,84.2,167.7,Poor,Very Poor,Poor,Poor,Poor,Poor
402.0,136.4,139.4,77.3,76.2,26.0,9.11,55.5,61.3,Moderate,Very Poor,Moderate,Moderate,Moderate,Moderate
280.4,494.5,93.0,36.7,74.0,19.7,0.97,12.1,79.3,Severe,Very Poor,Satisfactory,Severe,Severe,Very Poor
73.5,22.6,85.8,68.5,151.6,36.9,5.74,8.2,107.2,Moderate,Very Poor,Very Poor,Moderate,Moderate,Moderate
352.9,313.4,144.7,34.5,137.3,36.5,2.25,81.7,44.4,Poor,Very Poor,Satisfactory,Poor,Poor,Poor
54.9,94.6,14.0,6.3,107.4,27.5,4.95,48.0,16.1,Moderate,Very Poor,Moderate,Moderate,Moderate,Moderate
179.4,419.3,72.4,67.0,47.8,45.3,4.08,11.5,170.6,Very Poor,Very Poor,Poor,Very Poor,Very Poor,Very Poor
414.8,242.8,122.0,82.9,192.7,26.0,2.1,65.7,8.3,Moderate,Very Poor,Satisfactory,Moderate,Moderate,Moderate
245.7,479.7,114.9,19.4,96.7,27.7,8.24,50.4,136.9,Severe,Very Poor,Severe,Severe,Severe,Severe
381.2,369.0,58.7,73.7,188.4,25.0,3.79,89.5,50.9,Very Poor,Very Poor,Severe,Very Poor,Very Poor,Very Poor
422.9,437.9,132.2,3.6,228.9,15.4,9.91,65.9,2.9,Severe,Very Poor,Moderate,Severe,Severe,Severe
367.4,305.6,136.2,78.4,93.2,2.4,2.43,8.3,34.1,Poor,Very Poor,Satisfactory,Poor,Poor,Poor
257.3,139.1,125.2,65.2,129.4,20.8,6.01,63.1,27.6,Severe,Very Poor,Moderate,Severe,Severe,Severe
229.3,298.1,140.7,105.1,70.8,40.2,2.63,64.0,64.3,Very Poor,Very Poor,Moderate,Very Poor,Very Poor,Very Poor
268.6,315.8,115.1,48.4,114.2,23.9,9.61,99.7,82.6,Severe,Very Poor,Moderate,Severe,Severe,Severe
455.0,591.9,93.4,63.4,133.2,36.0,3.24,43.1,119.4,Moderate,Very Poor,Severe,Moderate,Moderate,Moderate
217.7,36.1,17.7,50.9,43.0,31.0,3.14,5.3,69.8,Very Poor,Very Poor,Moderate,Very Poor,Very Poor,Very Poor
376.2,255.2,135.8,144.0,216.7,14.9,2.02,78.2,86.4,Poor,Very Poor,Moderate,Poor,Poor,Poor
147.9,385.5,20.3,60.3,64.4,33.4,0.85,48.6,180.6,Very Poor,Very Poor,Poor,Very Poor,Very Poor,Very Poor
187.9,346.2,40.2,138.6,123.1,11.1,7.35,37.2,129.0,Very Poor,Very Poor,Very Poor,Very Poor,Very Poor,Very Poor
131.1,139.2,92.3,148.2,62.1,31.7,6.0,99.2,139.5,Very Poor,Very Poor,Poor,Very Poor,Very Poor,Very Poor
11.2,287.1,10.0,44.6,211.5,32.5,9.61,25.1,102.6,Poor,Very Poor,Very Poor,Poor,Poor,Poor
69.5,304.4,130.8,83.7,76.9,13.4,6.96,9.1,53.3,Poor,Very Poor,Very Poor,Poor,Poor,Poor
279.2,474.8,78.4,16.8,194.3,29.3,0.98,44.7,191.6,Severe,Very Poor,Poor,Severe,Severe,Severe
332.3,183.9,195.6,107.6,111.8,20.0,6.2,49.5,8.0,Severe,Very Poor,Moderate,Severe,Severe,Severe
326.9,196.1,69.4,137.1,12.8,31.1,5.65,48.8,76.7,Severe,Very Poor,Moderate,Severe,Severe,Severe
241.9,277.7,146.4,60.8,136.9,32.4,7.41,4.5,194.5,Very Poor,Very Poor,Poor,Very Poor,Very Poor,Very Poor
475.1,497.7,182.8,131.0,90.6,10.5,6.93,29.8,135.0,Severe,Very Poor,Severe,Severe,Severe,Severe
112.7,111.6,73.9,129.7,201.5,29.3,2.16,93.6,184.8,Poor,Very Poor,Poor,Poor,Poor,Poor
410.4,561.4,20.6,98.3,34.7,11.4,7.24,7.8,6.4,Moderate,Very Poor,Severe,Moderate,Moderate,Moderate
461.9,120.0,69.7,12.1,197.9,16.0,5.01,71.1,19.0,Moderate,Very Poor,Moderate,Moderate,Moderate,Moderate
37.0,537.6,106.4,61.5,204.5,39.8,9.51,25.0,24.7,Moderate,Very Poor,Very Poor,Moderate,Moderate,Moderate
210.8,279.4,197.5,113.0,8.7,10.7,1.38,47.5,145.0,Very Poor,Very Poor,Poor,Very Poor,Very Poor,Very Poor
214.4,155.5,156.6,64.3,58.1,21.7,6.5,52.3,62.8,Very Poor,Very Poor,Moderate,Very Poor,Very Poor,Very Poor
299.3,242.3,37.7,4.3,128.2,47.9,3.21,50.8,41.9,Severe,Very Poor,Satisfactory,Severe,Severe,Severe
195.7,89.1,8.6,50.9,38.5,42.6,3.62,2.0,77.5,Very Poor,Very Poor,Moderate,Very Poor,Very Poor,Very Poor
70.1,519.2,1.5,44.1,45.9,38.8,0.28,51.5,68.9,Moderate,Very Poor,Satisfactory,Moderate,Moderate,Moderate
29.0,586.5,113.4,72.5,64.6,3.5,5.45,21.9,192.8,Poor,Very Poor,Poor,Poor,Poor,Poor
252.0,87.5,50.0,97.9,66.4,43.9,2.26,76.6,56.6,Severe,Very Poor,Moderate,Severe,Severe,Severe
421.7,238.6,102.5,133.4,243.8,30.3,9.84,65.8,184.7,Poor,Very Poor,Poor,Poor,Poor,Poor
406.8,432.2,195.8,76.9,113.9,40.2,7.59,23.8,69.7,Severe,Very Poor,Severe,Severe,Severe,Severe
307.8,49.1,141.8,94.4,38.0,25.7,3.98,55.5,193.0,Severe,Very Poor,Poor,Severe,Severe,Severe
325.7,234.7,44.2,132.0,15.8,7.0,2.73,31.8,114.5,Severe,Very Poor,Moderate,Severe,Severe,Severe
157.1,326.7,2.8,26.2,38.6,25.1,4.95,53.7,12.7,Very Poor,Very Poor,Moderate,Very Poor,Very Poor,Satisfactory
24.3,351.5,186.4,84.7,207.3,28.6,3.32,30.4,187.4,Very Poor,Very Poor,Poor,Very Poor,Very Poor,Poor
196.7,538.2,65.6,1.6,204.5,42.3,7.57,26.4,197.1,Very Poor,Very Poor,Poor,Very Poor,Very Poor,Very Poor
329.2,81.2,190.4,48.0,190.5,49.6,9.2,97.9,175.8,Severe,Very Poor,Poor,Severe,Severe,Severe
292.7,410.5,112.2,71.3,236.5,7.4,2.32,77.2,53.6,Severe,Very Poor,Severe,Severe,Severe,Severe
417.6,263.0,100.3,115.2,224.8,34.9,1.99,31.6,94.0,Poor,Very Poor,Moderate,Poor,Poor,Poor
45.0,203.0,119.8,140.2,2.7,39.9,2.04,12.1,35.2,Moderate,Very Poor,Very Poor,Moderate,Moderate,Moderate
332.7,502.5,26.2,9.2,18.2,36.7,8.46,26.3,154.4,Severe,Very Poor,Severe,Severe,Severe,Severe
462.1,560.8,90.2,33.5,151.2,14.6,3.43,24.4,100.7,Moderate,Very Poor,Severe,Moderate,Moderate,Moderate
125.1,178.1,77.1,21.9,140.2,34.9,6.64,0.8,28.5,Very Poor,Very Poor,Moderate,Very Poor,Very Poor,Moderate
269.0,341.2,177.9,148.4,79.3,15.2,6.27,61.0,60.9,Severe,Very Poor,Moderate,Severe,Severe,Severe
32.4,414.8,198.1,25.6,218.2,13.2,2.47,50.4,80.2,Very Poor,Very Poor,Very Poor,Very Poor,Very Poor,Very Poor
491.6,109.7,61.4,108.1,204.2,40.4,1.19,77.3,51.1,Moderate,Very Poor,Satisfactory,Moderate,Moderate,Moderate
317.9,115.7,17.6,8.3,150.1,35.5,4.58,37.0,176.4,Severe,Very Poor,Poor,Severe,Severe,Very Poor
304.6,378.3,135.0,53.9,90.2,0.2,2.92,96.1,108.1,Severe,Very Poor,Severe,Severe,Severe,Severe
475.1,399.8,79.1,49.9,197.5,38.6,7.75,19.3,51.9,Very Poor,Very Poor,Severe,Very Poor,Very Poor,Very Poor
235.3,432.1,127.8,27.6,126.0,20.5,7.75,34.2,125.2,Severe,Very Poor,Severe,Severe,Severe,Severe
281.5,229.5,156.1,43.4,207.0,44.5,4.35,81.1,65.6,Severe,Very Poor,Moderate,Severe,Severe,Severe
415.4,72.9,175.3,19.3,184.6,6.8,8.19,88.4,194.0,Poor,Very Poor,Poor,Poor,Poor,Poor
189.6,198.2,31.4,84.8,28.4,42.9,9.25,83.5,95.8,Very Poor,Very Poor,Moderate,Very Poor,Very Poor,Very Poor
402.8,220.7,64.7,66.6,124.1,1.7,0.44,49.1,70.0,Moderate,Very Poor,Satisfactory,Moderate,Moderate,Severe
65.5,423.6,24.7,125.4,62.2,46.5,8.16,58.8,116.0,Very Poor,Very Poor,Very Poor,Very Poor,Very Poor,Very Poor
258.6,241.1,39.8,43.5,21.6,24.9,7.47,21.6,75.7,Severe,Very Poor,Moderate,Severe,Severe,Severe
106.1,38.3,94.1,54.7,60.4,0.2,2.89,12.0,182.7,Poor,Very Poor,Poor,Poor,Poor,Poor
217.3,328.3,164.7,25.4,190.2,23.6,5.06,29.6,135.0,Very Poor,Very Poor,Poor,Very Poor,Very Poor,Very Poor
243.4,526.6,46.0,7.9,65.9,33.2,4.7,96.7,114.4,Very Poor,Very Poor,Severe,Very Poor,Very Poor,Very Poor
412.3,430.7,31.3,0.7,167.3,2.5,5.83,80.4,158.7,Moderate,Very Poor,Severe,Very Poor,Very Poor,Severe
302.2,75.5,121.6,110.6,21.0,26.1,9.18,65.6,85.0,Severe,Very Poor,Moderate,Severe,Severe,Severe
7.0,384.0,135.9,62.0,248.4,29.4,7.77,76.6,153.2,Very Poor,Very Poor,Very Poor,Very Poor,Very Poor,Very Poor
390.7,514.0,180.6,95.5,25.9,25.8,3.67,63.1,185.8,Poor,Very Poor,Severe,Poor,Poor,Poor
296.1,389.9,109.2,147.3,14.3,41.4,9.71,35.4,0.6,Severe,Very Poor,Moderate,Severe,Severe,Very Poor
46.5,545.3,193.6,28.9,112.3,30.7,0.26,18.3,49.5,Satisfactory,Very Poor,Good,Satisfactory,Moderate,Poor
356.9,471.1,131.6,76.8,90.3,12.5,5.06,2.7,44.9,Severe,Very Poor,Severe,Severe,Severe,Severe
223.4,552.9,18.8,147.2,137.9,19.2,1.93,85.4,153.5,Very Poor,Very Poor,Severe,Very Poor,Very Poor,Very Poor
111.5,247.4,127.7,129.2,212.0,23.9,2.49,28.8,9.2,Poor,Very Poor,Moderate,Poor,Poor,Poor
18.5,301.8,131.1,135.2,90.1,49.8,0.11,97.6,168.6,Poor,Very Poor,Poor,Poor,Poor,Poor
289.3,574.6,160.0,115.0,152.9,47.5,5.01,91.9,43.7,Severe,Very Poor,Severe,Severe,Severe,Severe
286.1,518.5,55.5,74.5,177.8,34.0,2.73,21.4,129.5,Severe,Very Poor,Severe,Severe,Severe,Severe
256.3,83.9,132.1,49.4,46.4,32.5,3.61,9.4,87.0,Severe,Very Poor,Moderate,Severe,Severe,Severe
219.3,22.2,134.6,99.2,177.7,8.8,8.28,66.5,41.8,Very Poor,Very Poor,Moderate,Very Poor,Very Poor,Very Poor
301.9,165.6,58.5,92.4,78.3,28.9,3.12,57.0,107.2,Severe,Very Poor,Moderate,Severe,Severe,Severe
279.0,309.2,150.1,18.6,24.4,42.7,2.01,58.2,6.3,Severe,Very Poor,Good,Satisfactory,Severe,Severe
296.6,40.6,41.6,52.2,208.8,44.8,0.52,89.8,129.8,Severe,Very Poor,Satisfactory,Severe,Severe,Moderate
445.9,112.4,154.8,3.2,22.2,23.7,0.31,62.6,128.9,Moderate,Very Poor,Good,Moderate,Moderate,Satisfactory
409.7,406.0,6.1,75.0,8.4,1.1,0.73,47.1,181.5,Very Poor,Very Poor,Severe,Poor,Very Poor,Severe
376.8,246.0,68.3,61.6,174.1,48.6,1.55,42.6,3.9,Moderate,Very Poor,Satisfactory,Poor,Moderate,Moderate
183.5,399.2,0.5,104.5,246.1,22.5,6.66,52.5,141.1,Very Poor,Very Poor,Poor,Very Poor,Very Poor,Very Poor
106.3,143.7,92.1,60.4,52.1,11.8,4.45,4.1,181.5,Poor,Very Poor,Poor,Poor,Poor,Poor
108.8,66.2,157.5,20.9,32.5,44.7,8.27,10.3,157.9,Poor,Very Poor,Poor,Poor,Poor,Very Poor
138.9,267.9,191.4,119.5,45.7,41.0,4.94,52.2,169.0,Very Poor,Very Poor,Poor,Very Poor,Very Poor,Very Poor
440.6,393.1,122.2,74.7,86.5,39.0,7.98,25.1,47.3,Very Poor,Very Poor,Severe,Very Poor,Very Poor,Very Poor
400.1,525.0,68.1,147.4,96.6,26.8,2.57,80.9,65.9,Moderate,Very Poor,Severe,Moderate,Moderate,Moderate
449.4,269.6,179.6,102.1,161.4,11.3,7.92,91.1,182.2,Poor,Very Poor,Poor,Poor,Poor,Poor
85.4,504.5,103.7,99.2,202.2,21.5,5.24,76.9,103.8,Moderate,Very Poor,Very Poor,Moderate,Moderate,Moderate
375.8,358.6,68.3,128.7,88.5,11.7,1.89,53.6,27.4,Very Poor,Very Poor,Moderate,Severe,Very Poor,Very Poor
97.0,300.0,137.4,97.2,143.8,2.1,4.09,66.0,84.3,Poor,Very Poor,Very Poor,Poor,Poor,Poor
295.1,2.1,193.3,113.2,146.7,22.1,9.35,21.2,121.2,Severe,Very Poor,Moderate,Severe,Severe,Severe
312.3,127.7,81.8,79.9,122.7,7.4,6.54,56.5,26.7,Severe,Very Poor,Moderate,Severe,Severe,Severe
101.2,338.3,165.3,102.9,166.6,2.8,2.31,63.9,96.4,Poor,Very Poor,Very Poor,Poor,Poor,Poor
104.8,489.7,149.0,88.1,234.2,46.6,4.11,69.1,162.3,Severe,Very Poor,Poor,Severe,Severe,Severe
490.7,283.5,140.9,43.6,81.2,20.8,8.47,26.5,97.4,Poor,Very Poor,Moderate,Poor,Poor,Poor
414.7,271.8,60.1,54.1,68.5,16.3,2.51,22.2,96.3,Poor,Very Poor,Severe,Poor,Poor,Poor
96.1,281.1,109.1,88.9,157.3,30.9,4.0,54.1,74.7,Poor,Very Poor,Very Poor,Poor,Poor,Poor
101.3,66.8,168.3,147.7,125.7,47.3,9.04,55.4,38.7,Poor,Very Poor,Moderate,Poor,Poor,Poor
499.3,173.7,144.3,93.0,60.6,26.7,2.06,93.5,180.6,Poor,Very Poor,Poor,Poor,Poor,Satisfactory
386.2,280.6,180.2,140.1,181.0,18.5,8.33,96.1,37.4,Poor,Very Poor,Moderate,Poor,Poor,Poor
185.8,327.4,191.7,109.3,10.6,44.7,9.27,10.6,68.2,Very Poor,Very Poor,Very Poor,Very Poor,Very Poor,Very Poor
299.3,428.1,70.2,19.2,170.6,13.8,9.09,36.3,196.2,Severe,Very Poor,Poor,Severe,Severe,Severe
496.1,207.9,192.9,53.7,163.8,7.0,6.73,31.9,109.5,Moderate,Very Poor,Moderate,Moderate,Moderate,Moderate
207.0,354.6,110.9,34.1,46.6,21.0,1.4,45.2,21.1,Very Poor,Very Poor,Satisfactory,Very Poor,Very Poor,Very Poor
294.1,311.9,155.5,139.2,182.2,40.4,3.34,85.4,13.2,Severe,Very Poor,Moderate,Severe,Severe,Severe
20.3,168.9,121.9,123.2,198.6,35.1,7.09,56.4,53.6,Moderate,Very Poor,Very Poor,Moderate,Moderate,Moderate
276.6,232.5,148.5,86.7,125.7,20.0,4.4,43.2,8.1,Severe,Very Poor,Moderate,Severe,Severe,Severe
173.1,163.4,137.8,51.6,89.1,28.5,6.97,22.9,0.6,Very Poor,Very Poor,Moderate,Very Poor,Very Poor,Very Poor
259.1,302.8,89.2,135.9,233.5,36.9,6.64,6.9,169.9,Severe,Very Poor,Poor,Severe,Severe,Severe
22.7,396.0,115.8,91.7,127.5,46.2,9.4,44.1,191.8,Very Poor,Very Poor,Poor,Very Poor,Very Poor,Very Poor
28.5,181.4,185.7,117.4,216.9,12.5,0.79,19.6,81.3,Moderate,Very Poor,Very Poor,Moderate,Moderate,Moderate
107.6,259.4,135.4,139.9,189.3,3.7,7.58,27.9,132.2,Poor,Very Poor,Very Poor,Poor,Poor,Poor
334.0,342.4,134.9,2.9,6.0,35.4,5.05,21.1,81.4,Severe,Very Poor,Severe,Severe,Severe,Severe
148.2,223.5,8.0,115.3,174.9,21.6,9.25,73.2,74.3,Very Poor,Very Poor,Moderate,Very Poor,Very Poor,Very Poor
393.4,70.8,133.1,97.7,175.7,22.7,7.47,94.4,183.3,Poor,Very Poor,Poor,Poor,Poor,Poor
348.6,442.9,129.5,29.2,118.4,10.3,2.93,0.6,183.0,Severe,Very Poor,Poor,Severe,Severe,Severe
340.0,385.3,37.4,29.1,163.2,3.6,8.16,28.6,172.8,Severe,Very Poor,Poor,Severe,Severe,Severe
349.9,414.8,74.4,72.4,112.7,44.7,7.34,30.7,156.4,Severe,Very Poor,Severe,Severe,Severe,Very Poor
125.3,293.0,57.4,76.3,229.1,15.4,6.03,0.7,188.3,Very Poor,Very Poor,Poor,Very Poor,Very Poor,Very Poor
192.1,15.2,124.2,97.5,212.8,22.4,8.78,70.8,32.5,Very Poor,Very Poor,Moderate,Very Poor,Very Poor,Very Poor
9.5,458.2,90.3,69.5,188.2,35.5,2.43,32.8,122.1,Severe,Very Poor,Very Poor,Severe,Severe,Severe
255.5,17.2,182.0,103.5,28.9,36.6,9.19,52.2,113.7,Severe,Very Poor,Moderate,Severe,Severe,Severe
99.2,379.8,132.0,32.7,235.5,31.8,6.46,68.2,161.3,Very Poor,Very Poor,Poor,Very Poor,Very Poor,Very Poor
117.9,251.7,56.1,43.7,35.9,28.2,4.04,2.4,24.8,Poor,Very Poor,Very Poor,Poor,Poor,Poor
137.0,120.4,13.5,28.9,33.3,2.3,9.83,79.8,170.2,Very Poor,Very Poor,Poor,Very Poor,Very Poor,Very Poor
236.6,520.0,68.5,32.8,247.8,22.2,1.95,59.3,29.9,Very Poor,Very Poor,Satisfactory,Very Poor,Very Poor,Very Poor
415.6,478.3,96.3,93.3,145.2,21.0,5.51,63.0,81.4,Severe,Very Poor,Severe,Severe,Severe,Satisfactory
100.6,241.9,108.1,10.0,127.3,15.5,6.28,45.1,24.8,Poor,Very Poor,Very Poor,Poor,Poor,Poor
296.8,526.6,147.9,46.4,238.6,11.1,7.53,26.1,181.3,Severe,Very Poor,Severe,Severe,Severe,Severe
373.0,226.8,114.2,49.1,65.5,2.0,6.34,71.9,87.9,Moderate,Very Poor,Moderate,Moderate,Moderate,Moderate
469.1,33.3,14.0,6.1,84.6,3.5,4.53,43.1,100.9,Moderate,Very Poor,Moderate,Moderate,Moderate,Moderate
152.4,320.4,46.2,86.4,164.5,40.2,8.94,13.8,111.7,Very Poor,Very Poor,Very Poor,Very Poor,Very Poor,Very Poor
129.1,489.9,161.3,20.4,6.9,49.4,1.78,42.1,100.5,Severe,Very Poor,Very Poor,Satisfactory,Severe,Severe
153.9,542.8,40.9,12.7,176.5,19.1,3.33,87.3,133.7,Very Poor,Very Poor,Severe,Very Poor,Very Poor,Very Poor
343.9,550.3,169.6,109.6,66.1,46.7,4.69,38.3,5.4,Severe,Very Poor,Severe,Severe,Severe,Severe
446.8,363.5,57.2,99.5,126.8,17.5,8.19,60.7,5.0,Very Poor,Very Poor,Moderate,Very Poor,Very Poor,Very Poor
167.7,12.1,95.6,18.2,80.2,20.4,1.26,46.1,172.0,Very Poor,Very Poor,Poor,Very Poor,Very Poor,Moderate
429.1,139.8,118.9,100.9,102.7,6.8,9.45,86.4,161.1,Moderate,Very Poor,Moderate,Moderate,Moderate,Moderate
244.2,155.1,178.2,53.0,223.1,10.9,6.61,91.9,151.9,Very Poor,Very Poor,Poor,Very Poor,Very Poor,Very Poor
384.2,258.6,153.1,118.5,212.0,29.0,6.85,65.9,129.8,Poor,Very Poor,Moderate,Poor,Poor,Poor
328.3,201.8,88.0,28.6,226.2,22.3,9.15,63.3,48.8,Severe,Very Poor,Moderate,Severe,Severe,Severe
379.7,238.2,120.1,100.8,181.6,35.7,0.81,78.9,21.4,Moderate,Very Poor,Satisfactory,Moderate,Moderate,Moderate
209.9,420.5,178.3,109.4,23.5,26.3,0.52,40.7,1.5,Very Poor,Very Poor,Satisfactory,Very Poor,Very Poor,Very Poor
56.0,278.7,120.0,83.4,238.9,1.9,1.91,71.7,56.8,Poor,Very Poor,Very Poor,Poor,Poor,Poor
99.4,220.1,10.9,106.8,148.5,1.9,8.86,9.3,2.8,Poor,Very Poor,Moderate,Poor,Poor,Poor
23.1,552.9,171.4,37.0,101.1,39.0,6.61,51.4,85.5,Moderate,Very Poor,Very Poor,Moderate,Moderate,Moderate
264.9,15.5,136.3,130.5,167.4,8.3,5.13,69.7,146.8,Severe,Very Poor,Poor,Severe,Severe,Severe
113.5,126.4,51.8,82.4,182.9,20.5,6.8,89.0,111.2,Poor,Very Poor,Very Poor,Poor,Poor,Poor
133.5,484.7,59.0,38.3,38.6,29.8,9.14,88.8,15.2,Severe,Very Poor,Very Poor,Severe,Severe,Severe
122.5,150.6,153.4,100.2,57.5,31.1,4.41,24.6,32.0,Very Poor,Very Poor,Moderate,Very Poor,Very Poor,Very Poor
491.4,208.2,96.3,94.4,85.2,49.3,6.47,49.8,72.5,Moderate,Very Poor,Moderate,Moderate,Moderate,Moderate
367.9,136.3,78.2,58.7,236.1,31.5,0.43,13.5,108.1,Moderate,Very Poor,Satisfactory,Moderate,Moderate,Very Poor
305.4,404.0,82.7,78.1,56.0,18.9,4.08,44.5,58.6,Severe,Very Poor,Severe,Severe,Severe,Severe
339.9,238.9,25.7,77.6,124.9,30.7,3.2,8.0,111.8,Severe,Very Poor,Moderate,Severe,Severe,Severe
36.0,214.7,66.0,94.4,176.2,40.1,1.93,32.8,151.4,Moderate,Very Poor,Poor,Moderate,Moderate,Moderate
381.4,286.7,3.5,71.8,60.8,15.5,4.17,48.4,157.0,Poor,Very Poor,Poor,Poor,Poor,Poor
450.7,379.0,11.2,34.7,232.9,7.4,1.06,46.6,52.4,Very Poor,Very Poor,Satisfactory,Satisfactory,Very Poor,Very Poor
83.8,320.2,48.1,2.1,120.3,35.3,6.23,52.8,26.0,Poor,Very Poor,Very Poor,Poor,Poor,Poor
222.6,53.3,34.4,92.4,211.1,37.1,7.52,57.4,188.7,Very Poor,Very Poor,Poor,Very Poor,Very Poor,Very Poor
407.1,528.2,168.3,61.7,239.7,42.6,9.83,31.4,196.1,Poor,Very Poor,Severe,Poor,Poor,Poor
232.3,450.7,85.8,31.1,111.2,34.7,8.71,21.6,117.0,Severe,Very Poor,Severe,Severe,Severe,Severe
432.3,404.8,159.9,105.5,86.5,28.1,0.13,13.4,180.4,Very Poor,Very Poor,Poor,Poor,Very Poor,Poor
126.9,581.5,142.3,105.0,155.8,24.5,8.14,20.7,71.2,Very Poor,Very Poor,Severe,Very Poor,Very Poor,Very Poor
461.0,181.7,139.9,82.0,222.2,40.5,9.62,89.0,80.3,Moderate,Very Poor,Moderate,Moderate,Moderate,Moderate
340.5,40.4,109.8,76.2,236.1,6.0,7.68,42.9,185.2,Severe,Very Poor,Poor,Severe,Severe,Severe
266.8,440.7,110.7,6.5,167.0,44.8,9.43,4.0,178.7,Severe,Very Poor,Poor,Severe,Severe,Severe
284.1,523.3,71.4,147.9,166.0,20.1,9.07,87.4,18.7,Severe,Very Poor,Severe,Severe,Severe,Severe
376.0,329.5,56.9,18.0,50.5,44.3,7.83,42.1,38.5,Poor,Very Poor,Moderate,Poor,Poor,Poor
204.6,277.4,91.0,38.9,247.3,21.2,6.33,72.8,164.2,Very Poor,Very Poor,Poor,Very Poor,Very Poor,Very Poor
354.8,389.4,1.1,76.6,146.7,30.2,3.55,62.6,199.9,Very Poor,Very Poor,Poor,Very Poor,Very Poor,Very Poor
222.8,5.5,101.9,134.7,186.8,39.0,5.33,52.0,6.2,Very Poor,Very Poor,Moderate,Very Poor,Very Poor,Very Poor
421.4,43.5,119.2,46.1,83.4,4.7,7.38,79.4,68.2,Moderate,Very Poor,Moderate,Moderate,Moderate,Moderate
410.7,275.4,12.6,18.0,92.7,17.8,7.66,29.6,36.9,Poor,Very Poor,Moderate,Poor,Poor,Poor
209.3,361.9,160.5,13.8,191.3,47.8,0.4,99.7,59.3,Very Poor,Very Poor,Satisfactory,Very Poor,Very Poor,Severe
435.1,325.0,13.2,56.1,52.6,25.5,4.16,12.8,114.6,Poor,Very Poor,Severe,Poor,Poor,Poor
340.1,257.6,198.7,53.5,42.2,5.2,9.9,58.2,27.8,Severe,Very Poor,Moderate,Severe,Severe,Severe
135.9,137.1,187.8,108.5,2.1,19.2,7.25,8.1,136.9,Very Poor,Very Poor,Poor,Very Poor,Very Poor,Very Poor
39.7,463.7,34.5,47.5,134.5,42.4,6.76,70.7,15.3,Severe,Very Poor,Very Poor,Severe,Severe,Severe
239.6,396.8,24.4,6.0,140.8,21.5,2.2,90.4,188.4,Very Poor,Very Poor,Poor,Very Poor,Very Poor,Very Poor
375.6,451.4,178.3,111.5,17.2,41.3,9.44,52.2,17.1,Severe,Very Poor,Severe,Severe,Severe,Severe
304.1,126.7,29.6,71.1,24.6,25.2,1.49,32.9,35.7,Severe,Very Poor,Satisfactory,Severe,Severe,Severe
485.4,364.1,118.8,60.4,225.0,22.4,0.62,26.9,138.9,Very Poor,Very Poor,Satisfactory,Satisfactory,Very Poor,Severe
387.8,263.9,49.9,128.1,166.2,18.8,5.6,94.4,164.4,Poor,Very Poor,Poor,Poor,Poor,Poor
308.1,73.0,26.2,134.3,136.4,42.9,3.5,48.5,113.0,Severe,Very Poor,Moderate,Severe,Severe,Severe
316.5,428.7,19.3,97.0,244.4,30.9,3.84,75.4,49.1,Severe,Very Poor,Severe,Severe,Severe,Severe
388.6,526.1,27.0,22.6,118.6,9.0,4.66,40.1,67.8,Moderate,Very Poor,Severe,Moderate,Moderate,Very Poor
353.7,66.7,193.1,43.2,159.4,16.3,0.76,76.7,12.2,Satisfactory,Very Poor,Satisfactory,Satisfactory,Satisfactory,Very Poor
13.0,279.0,14.0,111.3,213.9,26.6,9.49,48.7,199.4,Poor,Very Poor,Poor,Poor,Poor,Poor
152.9,435.7,30.1,45.7,117.9,4.5,0.66,14.5,7.5,Severe,Very Poor,Satisfactory,Very Poor,Severe,Very Poor
182.7,574.3,193.7,78.4,6.1,36.7,2.63,66.6,61.0,Very Poor,Very Poor,Severe,Very Poor,Very Poor,Very Poor
334.8,36.9,145.1,27.7,78.3,43.9,4.34,68.5,116.9,Severe,Very Poor,Moderate,Severe,Severe,Severe
415.5,586.8,18.3,138.5,100.0,47.7,4.33,59.6,59.2,Moderate,Very Poor,Severe,Moderate,Moderate,Moderate
128.9,150.4,142.1,101.7,32.7,28.6,5.94,28.7,159.6,Very Poor,Very Poor,Poor,Very Poor,Very Poor,Very Poor
184.6,299.5,22.7,113.6,60.4,34.5,2.15,62.7,62.2,Very Poor,Very Poor,Very Poor,Very Poor,Very Poor,Very Poor
92.5,330.6,30.4,119.0,193.4,40.4,1.07,90.5,139.9,Poor,Very Poor,Poor,Poor,Poor,Very Poor
133.0,43.3,72.8,108.5,147.5,2.2,4.54,2.5,166.6,Very Poor,Very Poor,Poor,Very Poor,Very Poor,Very Poor
217.7,438.4,135.6,47.7,108.7,25.2,6.05,0.7,38.0,Severe,Very Poor,Severe,Severe,Severe,Severe
372.8,414.1,66.8,1.6,231.5,1.0,9.29,73.0,131.3,Very Poor,Very Poor,Severe,Very Poor,Very Poor,Moderate
349.8,61.1,163.5,112.2,9.9,38.9,4.7,17.3,101.4,Severe,Very Poor,Moderate,Severe,Severe,Moderate
113.7,255.7,82.3,126.4,142.6,19.8,1.69,27.0,31.8,Poor,Very Poor,Very Poor,Poor,Poor,Poor
409.4,57.6,166.3,129.3,227.7,23.0,2.96,49.3,129.9,Moderate,Very Poor,Moderate,Moderate,Moderate,Moderate
208.0,313.8,40.4,106.5,119.3,23.6,3.89,3.3,117.7,Very Poor,Very Poor,Very Poor,Very Poor,Very Poor,Very Poor
117.0,157.8,41.2,135.2,197.4,45.0,2.77,93.8,31.8,Poor,Very Poor,Moderate,Poor,Poor,Poor
18.8,136.2,125.6,99.8,191.1,29.9,5.84,12.7,186.7,Poor,Very Poor,Poor,Poor,Poor,Poor
457.9,547.8,3.9,80.3,20.9,49.5,1.57,31.0,170.8,Poor,Very Poor,Severe,Poor,Poor,Poor
64.2,531.8,24.7,50.7,168.3,18.3,1.17,7.3,122.4,Moderate,Very Poor,Very Poor,Moderate,Moderate,Very Poor
305.6,507.3,79.8,33.9,21.3,45.2,8.35,77.2,27.6,Severe,Very Poor,Severe,Severe,Severe,Severe
460.7,361.7,70.1,20.3,21.4,47.7,0.67,45.8,192.0,Very Poor,Very Poor,Satisfactory,Poor,Poor,Severe
68.9,358.2,88.5,96.9,107.6,17.1,8.7,8.5,142.7,Very Poor,Very Poor,Very Poor,Very Poor,Very Poor,Very Poor
170.2,324.8,140.5,30.7,60.1,12.7,5.37,58.3,126.0,Very Poor,Very Poor,Poor,Very Poor,Very Poor,Very Poor
275.0,580.1,190.7,41.7,139.7,10.0,7.73,68.2,118.7,Severe,Very Poor,Severe,Severe,Severe,Severe
483.4,54.3,34.5,73.6,241.0,1.4,0.1,39.4,69.4,Satisfactory,Very Poor,Satisfactory,Satisfactory,Moderate,Moderate
25.0,399.9,39.4,120.5,227.8,9.2,6.12,60.5,12.0,Very Poor,Very Poor,Very Poor,Very Poor,Very Poor,Very Poor
118.6,535.7,117.2,87.4,16.8,30.5,0.7,65.9,66.4,Poor,Very Poor,Very Poor,Very Poor,Poor,Poor
200.2,540.6,162.3,127.6,86.0,11.6,6.72,92.5,195.7,Very Poor,Very Poor,Poor,Very Poor,Very Poor,Very Poor
200.7,281.2,116.9,65.6,137.1,23.3,2.8,55.2,29.1,Very Poor,Very Poor,Moderate,Very Poor,Very Poor,Very Poor
161.1,100.4,31.5,43.6,237.0,3.6,1.56,75.2,22.2,Very Poor,Very Poor,Satisfactory,Very Poor,Very Poor,Very Poor
127.1,11.7,41.4,29.0,13.7,11.8,6.31,7.8,175.9,Very Poor,Very Poor,Poor,Very Poor,Very Poor,Very Poor
386.0,470.0,188.4,80.6,31.6,41.0,6.4,9.0,193.1,Severe,Very Poor,Poor,Severe,Severe,Severe
336.8,139.6,193.1,29.8,126.4,21.8,1.34,15.6,132.5,Severe,Very Poor,Satisfactory,Severe,Severe,Moderate
451.0,225.9,114.6,21.9,127.2,43.8,9.09,90.8,136.9,Moderate,Very Poor,Moderate,Moderate,Moderate,Very Poor
98.3,158.8,88.4,13.8,191.4,8.1,7.27,96.9,42.5,Poor,Very Poor,Moderate,Poor,Poor,Very Poor
248.2,214.3,58.7,111.3,221.0,11.0,5.2,63.4,188.0,Very Poor,Very Poor,Poor,Very Poor,Very Poor,Very Poor
480.0,51.3,13.2,71.9,108.7,41.7,6.64,26.3,129.8,Moderate,Very Poor,Moderate,Moderate,Moderate,Moderate
331.8,581.4,34.6,77.3,95.4,44.5,1.75,93.8,180.5,Severe,Very Poor,Severe,Severe,Severe,Severe
144.6,430.5,146.3,11.4,38.5,4.8,3.44,52.9,36.0,Very Poor,Very Poor,Very Poor,Very Poor,Very Poor,Very Poor
335.3,298.2,48.3,123.0,19.5,35.9,1.78,39.3,168.1,Severe,Very Poor,Poor,Severe,Severe,Severe
427.4,438.0,75.2,19.6,124.8,17.0,7.0,73.2,34.0,Severe,Very Poor,Severe,Severe,Severe,Severe
61.7,518.7,154.1,108.8,176.9,2.6,3.88,18.9,144.2,Moderate,Very Poor,Very Poor,Moderate,Moderate,Moderate
53.8,16.2,15.9,135.1,241.5,15.9,6.36,21.4,12.3,Moderate,Very Poor,Moderate,Moderate,Moderate,Moderate
259.6,202.0,58.3,0.9,132.1,42.0,0.94,19.9,194.9,Severe,Very Poor,Poor,Severe,Severe,Severe
345.2,175.1,56.7,93.4,71.4,39.9,2.8,43.7,163.2,Severe,Very Poor,Poor,Severe,Severe,Severe
108.8,36.9,109.1,70.4,46.1,10.7,6.57,39.4,53.2,Poor,Very Poor,Moderate,Poor,Poor,Satisfactory
440.7,411.8,36.9,103.7,244.5,25.1,0.78,86.1,139.1,Very Poor,Very Poor,Severe,Very Poor,Very Poor,Very Poor
218.5,482.4,194.2,23.1,235.8,31.3,2.46,66.8,60.9,Severe,Very Poor,Satisfactory,Severe,Severe,Severe
415.8,129.3,71.5,125.1,148.1,11.4,4.98,54.7,181.8,Poor,Very Poor,Poor,Poor,Poor,Poor
37.2,212.7,186.6,28.5,49.2,22.3,4.71,12.8,11.7,Moderate,Very Poor,Very Poor,Moderate,Moderate,Moderate
50.2,396.1,169.1,23.5,33.1,6.2,4.12,79.6,41.9,Very Poor,Very Poor,Very Poor,Very Poor,Very Poor,Severe
354.3,279.4,198.5,135.3,37.0,33.8,3.12,67.8,82.4,Poor,Very Poor,Moderate,Poor,Poor,Poor
24.2,546.8,168.0,12.8,91.6,8.6,0.86,88.4,60.7,Moderate,Very Poor,Satisfactory,Poor,Moderate,Moderate
403.0,396.8,139.6,146.1,24.3,30.5,4.46,62.9,100.7,Very Poor,Very Poor,Severe,Very Poor,Very Poor,Very Poor
28.3,4.8,141.0,54.3,111.7,24.0,9.05,24.0,143.7,Moderate,Very Poor,Poor,Moderate,Moderate,Moderate
161.4,16.7,67.7,98.4,192.4,1.8,6.56,32.6,37.5,Very Poor,Very Poor,Moderate,Very Poor,Very Poor,Very Poor
121.6,100.9,15.8,19.2,202.4,24.0,8.6,34.4,181.3,Very Poor,Very Poor,Poor,Very Poor,Very Poor,Very Poor
21.1,40.8,141.4,131.2,193.4,9.8,9.38,83.2,12.1,Moderate,Very Poor,Moderate,Moderate,Moderate,Moderate
56.6,257.4,134.6,117.9,120.3,28.0,1.83,44.3,70.4,Poor,Very Poor,Very Poor,Poor,Poor,Poor
96.1,169.8,127.5,16.1,210.7,46.2,3.88,74.9,65.7,Poor,Very Poor,Very Poor,Poor,Poor,Poor
489.3,354.5,178.0,67.6,19.6,33.4,8.64,50.0,115.0,Very Poor,Very Poor,Severe,Very Poor,Very Poor,Very Poor
380.2,558.6,53.0,89.1,195.6,7.2,3.6,88.5,49.8,Moderate,Very Poor,Severe,Moderate,Moderate,Moderate
296.0,279.2,55.9,128.2,233.5,9.1,7.45,79.3,116.8,Severe,Very Poor,Moderate,Severe,Severe,Severe
116.9,235.8,125.4,74.1,132.8,48.8,8.81,5.8,190.6,Poor,Very Poor,Poor,Poor,Poor,Poor
203.1,37.2,83.4,144.9,95.9,34.8,2.59,18.5,41.2,Very Poor,Very Poor,Moderate,Very Poor,Very Poor,Very Poor
156.6,237.5,191.4,6.3,87.0,22.0,9.38,85.7,87.7,Very Poor,Very Poor,Very Poor,Very Poor,Very Poor,Very Poor
262.7,121.6,29.8,134.2,75.8,43.4,1.57,5.4,34.2,Severe,Very Poor,Moderate,Severe,Severe,Severe
190.3,256.6,97.4,82.2,61.7,40.8,3.79,53.3,8.1,Very Poor,Very Poor,Moderate,Very Poor,Very Poor,Very Poor
178.6,107.5,147.7,22.4,212.1,10.9,0.89,42.8,178.1,Very Poor,Very Poor,Poor,Very Poor,Very Poor,Very Poor
162.4,343.4,95.9,131.9,63.5,25.0,1.36,28.3,42.3,Very Poor,Very Poor,Very Poor,Very Poor,Very Poor,Severe
6.4,227.3,10.8,53.5,228.7,37.9,0.02,41.8,179.7,Poor,Very Poor,Poor,Poor,Poor,Poor
494.1,50.5,159.4,24.9,171.0,2.5,3.06,90.2,7.2,Moderate,Very Poor,Satisfactory,Moderate,Moderate,Moderate
462.5,369.1,143.8,122.4,123.8,18.3,1.27,34.6,121.2,Very Poor,Very Poor,Severe,Very Poor,Very Poor,Very Poor
215.0,492.9,116.0,57.6,105.9,45.9,3.8,38.9,72.2,Severe,Very Poor,Severe,Severe,Severe,Severe
144.3,412.2,4.9,124.6,11.2,8.4,5.58,16.2,79.5,Very Poor,Very Poor,Very Poor,Very Poor,Very Poor,Very Poor
157.0,151.9,188.1,112.7,117.8,25.3,1.81,0.2,21.7,Very Poor,Very Poor,Moderate,Very Poor,Very Poor,Very Poor
351.3,47.2,186.7,94.9,115.9,31.4,4.86,21.6,121.9,Moderate,Very Poor,Moderate,Moderate,Moderate,Moderate
79.7,58.4,150.1,59.0,115.9,0.8,6.82,72.5,37.4,Moderate,Very Poor,Moderate,Moderate,Moderate,Moderate
393.4,262.6,28.0,141.2,128.9,1.4,7.24,99.3,195.0,Poor,Very Poor,Poor,Poor,Poor,Poor
159.1,372.3,96.8,22.5,177.9,34.8,4.33,92.5,155.4,Very Poor,Very Poor,Poor,Very Poor,Very Poor,Very Poor
132.5,541.7,195.5,78.9,11.1,24.5,2.28,73.9,18.0,Very Poor,Very Poor,Severe,Very Poor,Very Poor,Very Poor
362.0,299.3,129.2,33.9,147.9,4.3,2.75,36.3,117.7,Poor,Very Poor,Severe,Poor,Poor,Poor
298.9,379.9,46.2,89.2,115.1,12.4,5.83,55.7,170.5,Severe,Very Poor,Poor,Severe,Severe,Severe
310.3,149.6,128.8,87.8,4.5,40.0,9.52,34.7,142.6,Severe,Very Poor,Poor,Severe,Severe,Severe
182.5,323.2,82.6,48.0,188.6,36.5,3.16,9.6,69.9,Very Poor,Very Poor,Very Poor,Very Poor,Very Poor,Very Poor
275.9,338.7,42.8,67.9,187.0,3.0,8.08,44.7,100.9,Severe,Very Poor,Severe,Severe,Severe,Severe
79.8,225.9,191.9,138.9,86.1,15.3,4.21,2.5,151.7,Moderate,Very Poor,Poor,Moderate,Moderate,Moderate
106.4,90.5,193.9,55.6,234.1,28.5,6.36,34.2,144.9,Poor,Very Poor,Poor,Poor,Poor,Satisfactory
337.4,420.3,88.6,131.0,71.2,31.5,4.7,60.9,103.5,Severe,Very Poor,Severe,Severe,Severe,Severe
189.8,357.6,128.8,15.1,17.8,25.5,7.78,36.1,169.7,Very Poor,Very Poor,Poor,Very Poor,Very Poor,Very Poor
170.4,223.5,38.0,72.9,120.2,39.1,2.97,32.6,24.0,Very Poor,Very Poor,Moderate,Very Poor,Very Poor,Very Poor
116.7,572.8,110.1,49.2,54.0,16.1,2.36,51.9,143.6,Poor,Very Poor,Severe,Poor,Poor,Poor
60.3,149.5,109.8,142.2,166.6,32.5,5.84,57.7,188.6,Poor,Very Poor,Poor,Poor,Poor,Poor
265.5,443.6,59.6,6.9,65.9,5.0,9.54,90.2,191.7,Severe,Very Poor,Poor,Severe,Severe,Severe
104.7,567.0,163.3,23.7,167.3,16.3,1.15,67.1,28.3,Poor,Very Poor,Satisfactory,Poor,Poor,Poor
83.5,60.5,36.7,99.7,22.5,22.9,2.91,39.8,92.3,Moderate,Very Poor,Very Poor,Moderate,Moderate,Moderate
157.8,575.5,32.1,63.9,162.5,16.6,8.88,44.4,28.4,Very Poor,Very Poor,Severe,Very Poor,Very Poor,Very Poor
302.2,307.0,57.9,40.9,134.5,7.9,6.05,28.5,118.7,Severe,Very Poor,Severe,Severe,Severe,Severe
223.8,561.9,87.1,118.2,45.8,31.7,4.65,51.4,62.4,Very Poor,Very Poor,Severe,Very Poor,Very Poor,Very Poor
87.6,491.6,95.9,61.5,96.6,2.8,1.91,28.6,127.4,Severe,Very Poor,Very Poor,Severe,Severe,Severe
316.4,559.9,138.6,53.2,100.5,41.4,7.54,95.1,175.7,Severe,Very Poor,Severe,Severe,Severe,Severe
71.9,44.0,29.1,86.1,141.7,30.0,1.57,10.1,98.3,Moderate,Very Poor,Very Poor,Moderate,Moderate,Moderate
306.1,394.6,140.4,24.1,89.0,45.3,9.04,22.5,39.2,Severe,Very Poor,Severe,Severe,Severe,Severe
75.9,80.9,14.9,18.7,93.0,40.5,4.89,43.2,190.1,Poor,Very Poor,Poor,Poor,Poor,Poor
219.1,350.1,157.1,54.6,95.8,22.4,6.41,40.4,7.2,Very Poor,Very Poor,Moderate,Very Poor,Very Poor,Very Poor
159.2,552.5,196.0,97.7,171.5,33.5,9.7,69.4,120.5,Very Poor,Very Poor,Severe,Very Poor,Very Poor,Very Poor
0.8,46.4,38.6,65.8,63.6,8.2,2.4,21.6,56.7,Moderate,Very Poor,Very Poor,Moderate,Moderate,Moderate
295.4,458.7,141.1,140.4,160.0,22.0,7.38,15.0,61.9,Severe,Very Poor,Severe,Severe,Severe,Severe
458.9,1.1,88.6,63.5,193.9,47.4,1.99,61.4,132.7,Moderate,Very Poor,Moderate,Moderate,Moderate,Moderate
246.0,318.0,56.9,44.8,59.7,1.3,5.46,3.3,193.3,Very Poor,Very Poor,Poor,Very Poor,Very Poor,Very Poor
285.8,575.5,104.7,32.1,188.4,41.7,5.44,65.3,188.3,Severe,Very Poor,Severe,Severe,Severe,Severe
292.7,352.8,167.0,40.6,118.0,13.0,3.79,37.6,135.3,Severe,Very Poor,Poor,Severe,Severe,Severe
466.6,172.7,84.5,67.9,53.5,8.3,3.28,16.9,28.4,Moderate,Very Poor,Moderate,Moderate,Moderate,Moderate
326.6,498.4,19.4,111.9,180.3,17.6,4.48,85.0,83.5,Severe,Very Poor,Severe,Severe,Severe,Severe
243.3,118.4,132.1,10.4,87.2,8.2,7.44,21.8,177.5,Very Poor,Very Poor,Poor,Very Poor,Very Poor,Very Poor
238.7,129.3,76.7,100.9,159.8,19.8,0.35,31.0,86.6,Very Poor,Very Poor,Satisfactory,Very Poor,Very Poor,Very Poor
311.4,77.5,99.1,143.0,24.7,23.5,8.2,9.2,175.0,Severe,Very Poor,Poor,Severe,Severe,Severe
401.3,144.2,111.3,137.1,15.4,25.6,1.55,96.2,114.0,Moderate,Very Poor,Moderate,Moderate,Moderate,Moderate
286.9,393.9,17.1,138.6,145.2,25.9,3.35,15.8,192.1,Severe,Very Poor,Poor,Severe,Severe,Severe
380.7,259.7,94.0,129.4,48.1,43.8,5.51,47.6,176.7,Poor,Very Poor,Poor,Poor,Poor,Poor
75.2,136.6,187.3,61.4,3.5,35.1,3.57,94.0,63.0,Moderate,Very Poor,Very Poor,Moderate,Moderate,Moderate
38.6,468.3,10.4,120.0,146.9,1.8,0.68,25.4,53.2,Severe,Very Poor,Very Poor,Moderate,Severe,Severe
427.4,357.7,47.0,34.9,184.4,2.2,7.86,68.7,32.1,Very Poor,Very Poor,Moderate,Very Poor,Very Poor,Very Poor
426.3,10.3,142.4,114.2,99.9,2.2,5.6,51.7,128.4,Moderate,Very Poor,Moderate,Moderate,Moderate,Moderate
316.7,208.5,132.3,114.8,81.9,18.8,6.39,63.5,47.3,Severe,Very Poor,Moderate,Severe,Severe,Severe
204.4,274.5,103.3,4.6,86.4,35.6,2.24,16.4,184.9,Very Poor,Very Poor,Poor,Very Poor,Very Poor,Very Poor
469.2,89.3,135.1,64.3,234.0,18.2,1.65,5.7,191.6,Poor,Very Poor,Poor,Poor,Poor,Poor
121.1,111.7,16.2,120.2,146.3,8.6,4.02,30.7,142.7,Very Poor,Very Poor,Poor,Very Poor,Very Poor,Moderate
15.6,81.7,4.3,12.2,248.3,24.5,4.95,69.5,77.0,Moderate,Very Poor,Very Poor,Moderate,Moderate,Moderate
281.1,175.2,158.0,115.3,38.3,43.7,9.45,46.1,154.8,Severe,Very Poor,Poor,Severe,Severe,Severe
385.0,74.0,27.7,78.8,129.0,5.0,3.42,71.1,72.2,Moderate,Very Poor,Moderate,Moderate,Moderate,Moderate
132.7,155.5,100.0,104.8,90.7,21.8,1.07,38.1,12.2,Very Poor,Very Poor,Satisfactory,Very Poor,Very Poor,Very Poor
280.2,484.9,82.7,59.7,218.5,45.8,2.59,47.7,84.1,Severe,Very Poor,Severe,Severe,Severe,Severe
274.8,10.5,184.6,4.9,95.4,30.6,7.25,27.4,85.4,Severe,Very Poor,Moderate,Severe,Severe,Severe
258.2,547.7,185.0,131.4,176.7,17.5,6.35,28.2,3.2,Severe,Very Poor,Severe,Severe,Severe,Severe
273.5,6.9,18.6,124.2,20.6,6.1,1.26,34.8,179.5,Severe,Very Poor,Poor,Severe,Severe,Moderate
58.2,394.1,127.8,23.2,240.5,22.2,4.44,70.9,55.8,Very Poor,Very Poor,Very Poor,Very Poor,Very Poor,Very Poor
15.8,598.1,184.2,146.8,153.3,34.0,7.02,29.1,110.1,Moderate,Very Poor,Very Poor,Moderate,Moderate,Satisfactory
305.2,164.1,132.0,140.3,116.5,19.5,0.14,82.5,44.3,Severe,Very Poor,Moderate,Severe,Severe,Severe
336.3,208.1,152.8,9.9,68.2,10.4,9.72,40.9,139.0,Severe,Very Poor,Poor,Severe,Severe,Severe
18.4,217.4,154.2,33.6,188.7,44.3,5.44,49.4,165.6,Moderate,Very Poor,Poor,Moderate,Moderate,Moderate
146.5,385.7,103.9,82.8,178.7,28.1,4.75,55.6,157.1,Very Poor,Very Poor,Poor,Very Poor,Very Poor,Very Poor
149.8,143.8,168.3,97.8,71.4,49.7,1.4,99.3,124.2,Very Poor,Very Poor,Poor,Very Poor,Very Poor,Satisfactory
89.2,10.9,113.0,30.3,122.7,6.1,5.4,8.6,133.1,Moderate,Very Poor,Poor,Moderate,Moderate,Moderate
408.0,102.7,36.3,57.8,49.0,18.6,6.93,43.3,127.9,Moderate,Very Poor,Moderate,Moderate,Moderate,Moderate
155.4,150.3,53.0,4.9,203.0,22.3,6.41,56.5,172.2,Very Poor,Very Poor,Poor,Very Poor,Very Poor,Very Poor
469.8,387.7,138.8,85.7,22.9,6.1,7.86,45.3,72.5,Very Poor,Very Poor,Severe,Very Poor,Very Poor,Very Poor
30.1,480.0,144.1,65.0,175.7,12.9,6.94,60.3,40.8,Severe,Very Poor,Very Poor,Severe,Severe,Severe
45.3,568.9,104.7,15.8,234.3,7.9,4.98,16.9,125.0,Moderate,Very Poor,Very Poor,Moderate,Moderate,Poor
334.8,187.2,104.9,108.2,22.9,29.7,7.89,6.8,86.3,Severe,Very Poor,Moderate,Severe,Severe,Severe
134.9,64.0,32.8,13.2,53.7,20.0,5.06,94.8,52.8,Very Poor,Very Poor,Moderate,Very Poor,Very Poor,Very Poor
234.5,234.0,172.6,91.0,180.7,3.9,5.11,97.2,31.2,Very Poor,Very Poor,Moderate,Very Poor,Very Poor,Very Poor
402.5,469.4,39.0,5.7,232.0,44.7,3.57,80.2,17.4,Severe,Very Poor,Satisfactory,Severe,Severe,Severe
179.8,91.9,0.5,148.7,155.2,18.9,6.42,28.4,146.4,Very Poor,Very Poor,Poor,Very Poor,Very Poor,Very Poor
320.5,77.8,98.1,54.1,243.2,6.3,8.59,71.7,169.5,Severe,Very Poor,Poor,Severe,Severe,Severe
347.8,416.1,107.8,127.4,9.8,26.5,8.11,35.8,148.5,Severe,Very Poor,Severe,Severe,Severe,Severe
86.9,523.5,110.3,97.9,135.1,27.0,9.9,24.2,50.0,Moderate,Very Poor,Very Poor,Moderate,Moderate,Moderate
307.9,243.0,180.6,110.9,185.8,43.6,6.27,47.2,170.2,Severe,Very Poor,Poor,Severe,Severe,Severe
490.5,132.9,0.7,55.7,173.5,3.9,7.83,99.9,165.5,Moderate,Very Poor,Poor,Moderate,Moderate,Moderate
18.6,499.1,125.7,85.9,110.2,30.6,5.86,4.3,163.6,Severe,Very Poor,Very Poor,Severe,Severe,Severe
247.9,249.2,86.9,1.3,39.7,27.8,1.94,91.1,126.8,Very Poor,Very Poor,Satisfactory,Very Poor,Very Poor,Very Poor
10.5,252.8,99.5,38.1,126.3,13.0,8.7,94.9,3.3,Poor,Very Poor,Very Poor,Poor,Poor,Poor
330.5,255.9,1.7,122.1,55.7,7.1,5.1,74.2,100.4,Severe,Very Poor,Moderate,Severe,Severe,Severe
12.7,195.1,117.3,47.4,68.1,22.1,0.03,27.9,129.8,Moderate,Very Poor,Satisfactory,Moderate,Moderate,Moderate
475.4,260.5,17.8,121.1,135.5,22.4,5.38,51.1,63.1,Poor,Very Poor,Moderate,Poor,Poor,Poor
257.8,406.4,141.1,2.3,91.3,39.7,8.77,95.3,188.9,Severe,Very Poor,Poor,Severe,Severe,Severe
368.1,530.4,13.1,143.7,39.0,19.9,8.84,30.7,188.2,Poor,Very Poor,Severe,Poor,Poor,Poor
264.4,376.6,100.9,80.3,200.1,40.4,2.13,40.9,99.9,Severe,Very Poor,Severe,Severe,Severe,Severe
323.5,408.9,137.0,46.3,43.2,10.6,7.35,71.0,83.7,Severe,Very Poor,Severe,Severe,Severe,Severe
465.2,46.0,123.5,138.5,231.3,40.6,7.49,10.5,104.5,Moderate,Very Poor,Moderate,Moderate,Moderate,Moderate
232.1,581.7,104.6,50.3,226.3,47.5,5.06,38.1,17.9,Very Poor,Very Poor,Severe,Very Poor,Very Poor,Very Poor
120.2,596.4,198.5,94.4,90.4,41.7,8.63,41.6,65.2,Moderate,Very Poor,Severe,Poor,Poor,Moderate
294.1,238.3,106.3,76.4,14.2,12.4,1.4,51.8,78.8,Severe,Very Poor,Satisfactory,Severe,Severe,Severe
351.8,210.3,175.7,119.4,199.9,27.7,4.96,2.8,31.8,Moderate,Very Poor,Moderate,Moderate,Moderate,Moderate
475.5,468.3,161.3,113.2,182.8,7.8,5.35,4.5,89.8,Severe,Very Poor,Severe,Severe,Severe,Severe
357.3,42.2,190.7,120.7,43.2,33.0,8.07,57.2,21.1,Moderate,Very Poor,Moderate,Moderate,Moderate,Satisfactory
62.6,218.7,146.4,56.7,83.6,8.1,7.56,12.8,94.6,Moderate,Very Poor,Very Poor,Moderate,Moderate,Moderate
58.6,71.7,169.3,12.8,67.4,34.7,7.53,2.7,141.4,Moderate,Very Poor,Poor,Moderate,Moderate,Moderate
420.8,203.6,133.1,121.7,218.1,23.2,0.71,6.3,46.1,Moderate,Very Poor,Satisfactory,Moderate,Moderate,Very Poor
71.8,556.7,173.1,55.6,49.0,35.6,2.78,23.7,97.0,Moderate,Very Poor,Very Poor,Moderate,Moderate,Moderate
167.9,555.1,107.3,109.9,118.0,11.1,0.18,31.4,103.2,Very Poor,Very Poor,Severe,Very Poor,Very Poor,Very Poor
192.5,517.5,27.8,120.8,71.0,39.0,1.23,14.8,167.5,Very Poor,Very Poor,Poor,Very Poor,Very Poor,Very Poor
67.7,441.8,68.5,46.3,101.4,25.0,3.61,89.2,41.7,Severe,Very Poor,Very Poor,Severe,Severe,Severe
402.2,345.2,41.9,132.4,92.6,16.0,6.64,53.4,166.5,Poor,Very Poor,Severe,Poor,Poor,Poor
125.1,478.1,52.1,48.3,114.0,43.2,0.04,42.5,144.1,Severe,Very Poor,Satisfactory,Severe,Severe,Severe
12.8,40.1,31.0,89.4,155.1,7.3,9.53,21.8,23.7,Moderate,Very Poor,Moderate,Moderate,Moderate,Moderate
84.4,342.7,27.4,148.0,207.5,5.6,2.65,47.6,71.5,Poor,Very Poor,Very Poor,Poor,Poor,Poor
304.1,295.1,84.6,127.7,142.8,14.5,2.28,14.4,55.5,Severe,Very Poor,Moderate,Severe,Severe,Severe
260.0,125.6,112.8,92.9,161.4,19.3,4.18,18.4,185.8,Severe,Very Poor,Poor,Severe,Severe,Severe
182.7,82.5,100.0,28.0,79.8,23.0,6.03,22.5,1.0,Very Poor,Very Poor,Moderate,Very Poor,Very Poor,Very Poor
473.1,510.8,152.3,137.7,32.0,47.3,2.94,96.7,157.6,Moderate,Very Poor,Severe,Moderate,Moderate,Moderate
32.1,239.3,41.6,64.8,76.8,10.4,3.31,43.1,70.2,Moderate,Very Poor,Very Poor,Moderate,Moderate,Moderate
29.9,475.1,126.8,131.0,215.5,21.3,4.36,26.7,170.6,Severe,Very Poor,Poor,Severe,Severe,Severe
415.1,271.9,48.2,1.9,66.4,28.7,0.11,98.4,160.0,Poor,Very Poor,Satisfactory,Poor,Poor,Poor
375.7,319.2,85.3,59.1,241.9,9.7,2.67,74.0,21.2,Poor,Very Poor,Satisfactory,Poor,Poor,Poor
240.8,186.3,57.6,73.3,23.7,43.3,5.82,1.9,52.3,Very Poor,Very Poor,Moderate,Very Poor,Very Poor,Very Poor
312.2,575.6,67.1,116.9,115.2,19.5,6.63,92.9,79.1,Severe,Very Poor,Severe,Severe,Severe,Severe
423.2,597.0,0.1,7.1,184.8,2.3,3.76,24.0,122.0,Moderate,Very Poor,Severe,Moderate,Moderate,Satisfactory
70.7,90.6,160.8,130.5,219.2,24.1,1.17,34.2,90.9,Moderate,Very Poor,Very Poor,Moderate,Moderate,Very Poor
287.1,165.9,169.1,11.0,55.6,6.1,4.91,2.7,102.1,Severe,Very Poor,Moderate,Severe,Severe,Moderate
290.3,502.7,120.4,65.1,206.5,34.3,6.17,17.6,39.3,Severe,Very Poor,Severe,Severe,Severe,Severe
194.7,257.0,19.3,116.1,195.7,24.9,7.54,61.4,48.6,Very Poor,Very Poor,Moderate,Very Poor,Very Poor,Very Poor
3.4,550.0,103.3,18.7,222.4,48.4,1.91,89.5,13.5,Moderate,Very Poor,Satisfactory,Poor,Moderate,Satisfactory
273.9,30.0,38.7,98.1,201.3,26.6,0.53,33.1,122.4,Severe,Very Poor,Poor,Severe,Severe,Moderate
221.3,155.1,98.7,120.6,93.5,3.9,4.03,7.0,33.9,Very Poor,Very Poor,Moderate,Very Poor,Very Poor,Very Poor
28.8,265.2,116.7,140.2,74.4,29.9,5.33,34.7,29.9,Poor,Very Poor,Very Poor,Poor,Poor,Poor
491.1,217.4,78.2,76.3,215.5,14.3,5.74,23.1,107.6,Moderate,Very Poor,Moderate,Moderate,Moderate,Moderate
101.3,383.4,177.3,60.1,91.3,32.1,1.18,45.7,105.5,Very Poor,Very Poor,Very Poor,Poor,Very Poor,Very Poor
129.5,355.8,51.8,98.5,135.0,20.3,4.01,89.9,101.6,Very Poor,Very Poor,Very Poor,Very Poor,Very Poor,Very Poor
278.6,566.1,118.3,78.3,33.2,27.3,5.64,54.3,46.8,Severe,Very Poor,Severe,Severe,Severe,Severe
330.6,329.1,74.0,48.8,238.3,14.0,3.27,64.1,99.6,Severe,Very Poor,Severe,Severe,Severe,Severe
211.4,19.2,181.0,25.0,207.2,6.5,7.75,66.4,152.7,Very Poor,Very Poor,Poor,Very Poor,Very Poor,Very Poor
456.2,264.7,194.9,130.6,200.6,17.6,2.26,57.4,196.7,Poor,Very Poor,Poor,Poor,Poor,Poor
319.3,484.0,74.8,44.9,72.5,22.3,8.62,6.8,183.2,Severe,Very Poor,Poor,Severe,Severe,Severe
57.0,493.6,43.8,0.9,29.3,31.3,5.76,79.5,161.8,Severe,Very Poor,Poor,Severe,Severe,Severe
164.8,78.1,29.5,139.9,186.5,17.8,2.19,6.8,21.5,Very Poor,Very Poor,Moderate,Very Poor,Very Poor,Very Poor
63.6,515.0,197.4,49.7,207.5,2.7,7.15,0.7,96.5,Moderate,Very Poor,Very Poor,Moderate,Moderate,Moderate
398.9,38.0,53.3,139.6,138.5,25.7,6.35,64.1,126.6,Moderate,Very Poor,Moderate,Moderate,Moderate,Moderate
177.4,276.4,164.9,140.2,107.4,3.2,5.36,65.1,167.3,Very Poor,Very Poor,Poor,Very Poor,Very Poor,Very Poor
456.0,182.6,184.0,58.7,159.2,25.3,6.96,25.7,46.3,Moderate,Very Poor,Moderate,Moderate,Moderate,Moderate
347.4,78.9,104.9,96.0,38.6,31.1,9.38,93.4,44.9,Severe,Very Poor,Moderate,Severe,Severe,Severe
15.6,121.0,142.8,94.6,42.1,5.2,3.89,24.6,99.6,Moderate,Very Poor,Very Poor,Moderate,Moderate,Moderate
186.9,459.8,1.1,6.2,178.4,10.2,5.27,88.0,74.8,Severe,Very Poor,Severe,Severe,Severe,Severe
332.8,189.4,14.8,45.0,163.1,3.6,3.0,40.7,150.3,Severe,Very Poor,Poor,Severe,Severe,Severe
415.6,50.8,17.4,146.9,94.9,15.7,0.43,56.0,127.8,Moderate,Very Poor,Moderate,Moderate,Moderate,Moderate
413.8,490.5,4.4,147.8,11.6,0.5,7.02,25.8,95.2,Severe,Very Poor,Severe,Severe,Severe,Severe
171.8,100.0,186.6,89.0,30.4,9.5,0.78,53.5,193.2,Very Poor,Very Poor,Poor,Very Poor,Very Poor,Very Poor
65.4,62.8,22.9,96.9,166.0,30.7,6.11,11.7,45.9,Moderate,Very Poor,Moderate,Moderate,Moderate,Moderate
377.2,344.7,121.4,147.4,91.7,26.9,9.5,25.6,192.6,Poor,Very Poor,Poor,Poor,Poor,Poor
451.2,501.4,90.7,82.1,21.7,43.5,0.61,86.5,99.8,Moderate,Very Poor,Satisfactory,Moderate,Moderate,Moderate
367.7,554.6,108.1,37.4,32.7,28.8,7.64,48.1,122.7,Moderate,Very Poor,Severe,Moderate,Moderate,Moderate
421.5,168.6,146.0,92.6,170.0,30.5,6.9,13.9,90.4,Moderate,Very Poor,Moderate,Moderate,Moderate,Moderate
52.9,499.8,5.7,29.7,44.7,20.6,7.37,97.5,158.8,Severe,Very Poor,Very Poor,Severe,Severe,Severe
180.9,176.8,175.7,84.3,154.4,4.2,0.04,78.4,64.2,Very Poor,Very Poor,Satisfactory,Very Poor,Very Poor,Satisfactory
392.0,431.9,77.3,34.4,123.6,25.3,0.11,34.6,112.2,Severe,Very Poor,Satisfactory,Very Poor,Severe,Severe
288.6,198.4,29.8,26.8,205.4,45.8,1.01,19.3,54.1,Severe,Very Poor,Satisfactory,Severe,Severe,Severe
293.3,506.7,58.8,135.2,245.6,22.1,7.95,43.0,46.4,Severe,Very Poor,Severe,Severe,Severe,Severe
421.5,353.7,93.2,41.2,4.4,34.0,0.82,34.2,169.3,Very Poor,Very Poor,Satisfactory,Very Poor,Very Poor,Moderate
186.4,201.5,98.1,76.0,151.4,36.0,1.01,12.9,147.0,Very Poor,Very Poor,Poor,Very Poor,Very Poor,Very Poor
213.4,137.0,63.9,26.3,46.7,48.1,3.42,88.4,150.5,Very Poor,Very Poor,Poor,Very Poor,Very Poor,Very Poor
243.4,331.9,132.9,112.4,5.2,29.5,7.37,58.9,121.9,Very Poor,Very Poor,Severe,Very Poor,Very Poor,Very Poor
407.0,564.1,160.2,137.6,2.4,26.1,9.07,51.0,22.1,Moderate,Very Poor,Severe,Moderate,Moderate,Moderate
143.5,555.6,87.4,119.9,211.5,46.9,9.71,4.7,143.6,Very Poor,Very Poor,Very Poor,Very Poor,Very Poor,Very Poor
411.5,469.5,62.0,130.2,76.2,13.8,1.46,13.1,130.4,Severe,Very Poor,Severe,Very Poor,Severe,Severe
312.7,142.1,86.8,17.0,233.5,30.3,8.05,89.6,73.2,Severe,Very Poor,Moderate,Severe,Severe,Severe
246.8,288.7,72.3,127.3,151.1,40.9,2.93,85.1,110.6,Very Poor,Very Poor,Poor,Very Poor,Very Poor,Very Poor
36.3,588.9,121.7,12.4,53.0,32.1,9.7,75.8,177.5,Poor,Very Poor,Poor,Poor,Poor,Moderate
79.0,446.4,111.7,131.7,188.6,47.4,7.77,76.6,73.4,Severe,Very Poor,Very Poor,Severe,Severe,Severe
211.6,348.1,104.0,27.0,40.6,26.1,4.43,6.5,132.1,Very Poor,Very Poor,Poor,Very Poor,Very Poor,Very Poor
60.8,576.0,67.3,104.5,69.7,13.1,1.9,92.8,162.0,Moderate,Very Poor,Very Poor,Moderate,Moderate,Moderate
429.8,487.8,180.1,50.1,225.1,12.1,7.78,90.4,173.7,Severe,Very Poor,Severe,Severe,Severe,Severe
119.1,421.5,190.1,135.6,165.8,12.6,3.05,74.0,145.8,Very Poor,Very Poor,Poor,Very Poor,Very Poor,Very Poor
185.1,38.3,99.3,142.4,229.7,22.7,3.68,18.2,114.2,Very Poor,Very Poor,Moderate,Very Poor,Very Poor,Very Poor
391.9,236.8,0.5,66.4,170.5,39.0,6.67,80.9,67.1,Moderate,Very Poor,Moderate,Moderate,Moderate,Moderate
287.7,20.8,152.3,99.2,226.1,49.6,5.01,7.3,66.5,Severe,Very Poor,Moderate,Severe,Severe,Severe
380.6,269.5,37.0,117.0,19.9,37.8,0.91,42.7,152.6,Poor,Very Poor,Poor,Poor,Poor,Very Poor
24.7,417.5,185.4,149.7,32.5,11.1,1.61,82.5,120.8,Very Poor,Very Poor,Very Poor,Moderate,Very Poor,Very Poor
498.1,9.4,178.9,120.4,226.0,48.1,8.55,77.2,81.3,Moderate,Very Poor,Moderate,Moderate,Moderate,Moderate
351.4,346.8,192.2,46.0,2.3,42.0,4.16,97.9,184.0,Poor,Very Poor,Poor,Poor,Poor,Poor
385.7,348.5,86.9,56.4,211.7,33.9,6.54,71.6,106.0,Poor,Very Poor,Severe,Poor,Poor,Poor
64.8,206.3,168.0,18.1,194.1,43.2,7.83,65.5,82.8,Moderate,Very Poor,Very Poor,Moderate,Moderate,Moderate
203.7,525.8,175.9,101.8,124.4,46.7,5.56,31.6,71.4,Very Poor,Very Poor,Severe,Very Poor,Very Poor,Very Poor
115.3,536.2,165.8,115.1,11.6,34.7,0.03,9.0,93.2,Poor,Very Poor,Very Poor,Poor,Poor,Severe
150.6,160.5,177.3,62.0,193.9,31.5,8.71,54.5,163.1,Very Poor,Very Poor,Poor,Very Poor,Very Poor,Very Poor
48.7,557.8,101.1,68.2,0.6,22.2,9.89,54.3,26.7,Moderate,Very Poor,Very Poor,Moderate,Moderate,Moderate
278.4,256.0,22.5,39.8,51.5,30.0,9.77,44.3,17.9,Severe,Very Poor,Moderate,Severe,Severe,Severe
140.8,22.4,19.9,90.4,187.4,2.2,3.17,1.4,196.0,Very Poor,Very Poor,Poor,Very Poor,Very Poor,Very Poor
227.9,58.2,118.0,80.7,64.3,19.4,1.23,15.4,83.2,Very Poor,Very Poor,Moderate,Very Poor,Very Poor,Very Poor
445.7,298.1,50.0,113.4,114.6,34.3,9.44,53.2,167.9,Poor,Very Poor,Severe,Poor,Poor,Poor
148.4,507.6,145.6,8.8,155.1,17.6,0.62,89.5,49.4,Very Poor,Very Poor,Satisfactory,Very Poor,Very Poor,Moderate
242.9,123.6,184.3,0.8,82.1,29.5,8.81,26.4,55.7,Very Poor,Very Poor,Moderate,Very Poor,Very Poor,Very Poor
129.1,159.7,115.5,106.4,133.3,11.8,0.58,47.7,54.9,Very Poor,Very Poor,Satisfactory,Very Poor,Very Poor,Very Poor
478.8,519.7,153.9,50.0,64.0,23.9,5.13,16.4,30.9,Moderate,Very Poor,Severe,Moderate,Moderate,Moderate
159.7,541.5,138.6,55.6,9.5,42.0,1.5,84.6,164.3,Very Poor,Very Poor,Poor,Very Poor,Very Poor,Very Poor
91.5,567.1,130.8,100.5,87.7,34.2,7.38,33.4,49.7,Poor,Very Poor,Very Poor,Poor,Poor,Poor
120.4,65.4,44.3,120.1,122.7,16.5,4.52,68.6,185.0,Poor,Very Poor,Poor,Poor,Poor,Poor
320.4,418.8,164.3,51.1,60.0,29.1,0.91,78.8,143.9,Severe,Very Poor,Severe,Severe,Severe,Severe
345.7,533.7,139.9,58.0,200.5,48.6,3.06,81.2,106.6,Severe,Very Poor,Severe,Severe,Severe,Severe
238.0,97.1,144.1,83.5,32.6,18.1,0.83,90.1,189.9,Very Poor,Very Poor,Poor,Very Poor,Very Poor,Very Poor
463.2,535.2,82.4,121.0,10.5,3.8,0.31,33.7,149.2,Moderate,Very Poor,Severe,Moderate,Moderate,Moderate
38.0,549.6,148.5,137.8,132.0,28.4,2.89,99.3,22.7,Moderate,Very Poor,Very Poor,Moderate,Moderate,Moderate
448.1,321.3,36.9,62.3,210.6,37.2,2.42,81.7,153.6,Poor,Very Poor,Severe,Poor,Poor,Poor
91.8,13.1,94.0,119.1,17.3,26.8,4.84,53.9,186.2,Poor,Very Poor,Poor,Poor,Poor,Poor
12.5,145.9,8.1,0.8,145.3,49.8,6.78,90.1,138.8,Moderate,Very Poor,Poor,Moderate,Moderate,Moderate
369.7,374.5,103.0,43.1,8.8,31.6,4.27,55.5,156.1,Very Poor,Very Poor,Severe,Very Poor,Very Poor,Very Poor
488.4,112.2,67.4,0.4,126.3,2.7,5.61,66.9,185.5,Poor,Very Poor,Poor,Poor,Poor,Poor
419.3,248.3,114.0,54.9,1.5,7.6,3.33,6.6,70.1,Moderate,Very Poor,Moderate,Moderate,Moderate,Moderate
213.4,159.9,174.6,101.9,144.6,32.4,8.62,72.2,92.0,Very Poor,Very Poor,Moderate,Very Poor,Very Poor,Very Poor
65.0,276.5,35.4,90.2,86.0,44.0,9.91,50.5,98.1,Poor,Very Poor,Very Poor,Poor,Poor,Poor
498.7,214.1,160.1,100.9,183.9,24.2,7.11,38.3,124.7,Moderate,Very Poor,Moderate,Moderate,Moderate,Moderate
331.2,92.9,163.3,101.4,94.4,1.9,6.65,84.6,197.1,Severe,Very Poor,Poor,Severe,Severe,Severe
178.1,431.8,99.2,114.2,174.5,47.7,7.6,76.9,68.9,Severe,Very Poor,Very Poor,Severe,Severe,Severe
266.6,6.2,178.9,133.0,106.3,31.5,3.78,15.6,23.2,Severe,Very Poor,Moderate,Severe,Severe,Severe
327.1,536.1,119.5,24.6,115.3,16.6,7.84,26.8,36.1,Severe,Very Poor,Severe,Severe,Severe,Severe
143.0,326.6,153.8,35.3,53.2,15.8,3.54,43.9,59.9,Very Poor,Very Poor,Very Poor,Very Poor,Very Poor,Very Poor
128.7,269.6,170.8,111.4,100.9,46.7,5.62,26.7,39.3,Very Poor,Very Poor,Very Poor,Very Poor,Very Poor,Very Poor
171.1,596.2,179.8,44.6,115.9,14.4,6.81,64.6,106.9,Very Poor,Very Poor,Severe,Very Poor,Very Poor,Very Poor
450.7,224.8,69.4,56.4,218.9,9.0,2.45,15.8,158.1,Moderate,Very Poor,Poor,Moderate,Moderate,Moderate
441.4,110.3,17.7,114.7,66.2,25.8,5.94,12.5,126.1,Moderate,Very Poor,Moderate,Moderate,Moderate,Moderate
162.4,315.7,2.4,137.7,97.5,31.3,1.2,49.0,196.0,Very Poor,Very Poor,Poor,Very Poor,Very Poor,Severe
132.5,28.8,29.4,99.6,13.4,34.1,6.74,72.2,89.4,Very Poor,Very Poor,Moderate,Very Poor,Very Poor,Very Poor
288.4,397.7,191.4,103.8,58.6,7.3,5.65,95.9,13.1,Severe,Very Poor,Moderate,Severe,Severe,Severe
423.3,349.5,70.3,117.5,198.3,46.3,9.92,42.7,5.3,Poor,Very Poor,Moderate,Poor,Poor,Satisfactory
228.3,124.3,178.3,112.9,112.3,38.2,9.44,68.1,81.3,Very Poor,Very Poor,Moderate,Very Poor,Very Poor,Very Poor
19.0,574.7,15.9,131.3,130.9,35.1,9.55,43.2,28.5,Moderate,Very Poor,Very Poor,Moderate,Moderate,Moderate
319.0,73.3,52.2,71.9,220.5,26.2,3.01,28.6,94.9,Severe,Very Poor,Moderate,Severe,Severe,Severe
216.3,280.8,104.1,101.9,66.1,3.9,6.99,81.9,115.5,Very Poor,Very Poor,Poor,Very Poor,Very Poor,Very Poor
478.8,359.8,45.7,50.3,151.7,27.3,2.52,39.4,61.1,Very Poor,Very Poor,Satisfactory,Very Poor,Very Poor,Very Poor
407.2,570.4,43.4,62.9,228.7,47.5,2.32,31.8,38.5,Moderate,Very Poor,Satisfactory,Moderate,Moderate,Moderate
461.9,449.7,92.1,100.2,97.7,33.2,9.07,15.1,87.8,Severe,Very Poor,Severe,Severe,Severe,Severe
381.8,290.3,102.4,14.3,141.9,16.9,4.88,39.9,161.7,Poor,Very Poor,Poor,Poor,Poor,Poor
173.2,282.8,101.8,33.6,153.4,34.2,3.2,19.0,115.3,Very Poor,Very Poor,Poor,Very Poor,Very Poor,Very Poor
218.2,204.0,41.2,32.3,87.6,0.5,9.31,45.7,19.7,Very Poor,Very Poor,Moderate,Very Poor,Very Poor,Very Poor
441.9,53.6,111.3,3.8,117.8,17.5,5.12,88.7,198.7,Poor,Very Poor,Poor,Poor,Poor,Poor
448.7,358.4,159.3,56.0,107.0,40.7,4.28,54.2,162.8,Very Poor,Very Poor,Severe,Very Poor,Very Poor,Very Poor
295.9,49.5,81.2,13.1,5.7,24.4,0.39,27.6,27.0,Severe,Very Poor,Good,Severe,Severe,Severe
360.2,75.1,47.4,149.4,20.9,10.1,0.66,43.8,70.8,Moderate,Very Poor,Moderate,Moderate,Moderate,Moderate
48.2,589.3,57.1,124.8,177.4,7.1,6.37,55.0,160.4,Moderate,Very Poor,Very Poor,Moderate,Moderate,Moderate
181.4,540.1,100.9,60.8,165.4,24.3,3.91,42.8,55.2,Very Poor,Very Poor,Severe,Very Poor,Very Poor,Very Poor
87.9,455.3,152.4,101.7,91.7,2.1,7.95,87.8,11.8,Severe,Very Poor,Very Poor,Severe,Severe,Severe
230.5,384.9,37.2,32.3,145.3,38.8,5.07,18.8,83.9,Very Poor,Very Poor,Very Poor,Very Poor,Very Poor,Very Poor
89.8,319.1,177.7,117.0,96.3,4.0,6.15,11.2,38.9,Poor,Very Poor,Very Poor,Poor,Poor,Poor
260.6,450.2,8.1,1.6,136.0,45.3,6.09,14.5,46.0,Severe,Very Poor,Severe,Severe,Severe,Severe
393.5,88.9,108.2,96.8,236.8,36.5,2.66,7.4,102.9,Moderate,Very Poor,Moderate,Moderate,Moderate,Moderate
371.1,396.6,4.8,16.4,212.0,4.7,4.83,46.3,32.0,Very Poor,Very Poor,Severe,Very Poor,Very Poor,Very Poor
229.1,36.5,79.6,60.3,140.2,24.4,3.49,19.2,165.0,Very Poor,Very Poor,Poor,Very Poor,Very Poor,Very Poor
261.7,502.6,160.7,38.7,161.3,26.0,2.17,27.5,157.2,Severe,Very Poor,Poor,Severe,Severe,Severe
326.0,78.8,48.6,72.2,42.0,16.3,3.8,86.4,11.7,Severe,Very Poor,Moderate,Severe,Severe,Severe
185.3,351.4,21.5,90.4,121.1,40.5,6.5,52.1,80.3,Very Poor,Very Poor,Very Poor,Very Poor,Very Poor,Very Poor
415.9,328.4,48.1,48.9,109.4,23.3,5.94,2.0,35.0,Poor,Very Poor,Moderate,Poor,Poor,Poor
419.6,532.9,83.9,135.1,36.3,48.5,3.9,20.2,15.7,Moderate,Very Poor,Severe,Moderate,Moderate,Moderate
130.9,593.7,165.4,21.1,158.8,4.4,9.55,85.2,63.4,Very Poor,Very Poor,Severe,Very Poor,Very Poor,Severe
217.6,232.6,51.0,62.5,193.4,27.6,5.94,91.0,67.8,Very Poor,Very Poor,Moderate,Very Poor,Very Poor,Very Poor
313.2,216.9,125.6,11.3,220.3,44.4,8.82,40.0,100.4,Severe,Very Poor,Moderate,Severe,Severe,Severe
375.0,419.4,187.7,116.6,199.9,2.6,3.9,58.0,112.6,Very Poor,Very Poor,Severe,Very Poor,Very Poor,Very Poor
489.0,512.7,67.0,79.7,74.1,40.8,9.71,74.4,169.9,Poor,Very Poor,Severe,Poor,Poor,Poor
382.5,17.8,17.3,93.8,4.7,26.9,7.49,24.9,138.3,Moderate,Very Poor,Moderate,Moderate,Moderate,Moderate
67.0,593.4,41.0,51.2,205.8,36.8,4.62,75.8,143.1,Moderate,Very Poor,Very Poor,Moderate,Moderate,Moderate
440.0,544.5,5.1,118.5,133.0,19.3,7.16,22.2,14.3,Moderate,Very Poor,Severe,Moderate,Moderate,Moderate
261.0,125.7,153.1,149.6,213.5,13.6,7.48,30.7,117.5,Severe,Very Poor,Moderate,Severe,Severe,Severe
353.1,180.7,89.6,17.3,197.6,31.8,2.26,43.5,21.3,Moderate,Very Poor,Satisfactory,Moderate,Moderate,Moderate
35.1,364.7,188.9,66.2,222.5,3.8,5.86,2.5,40.7,Very Poor,Very Poor,Very Poor,Very Poor,Very Poor,Very Poor
220.7,221.1,125.7,30.7,170.2,45.8,7.19,81.0,163.0,Very Poor,Very Poor,Poor,Very Poor,Very Poor,Very Poor
54.5,142.7,197.8,74.4,33.7,36.0,6.67,77.0,30.1,Moderate,Very Poor,Moderate,Moderate,Moderate,Moderate
483.5,164.8,71.9,1.2,210.3,36.2,9.12,12.8,177.9,Poor,Very Poor,Poor,Poor,Poor,Poor
52.2,563.4,137.8,64.4,165.0,15.3,5.16,13.1,83.5,Moderate,Very Poor,Very Poor,Moderate,Moderate,Moderate
66.4,581.6,63.2,44.4,75.6,28.1,9.14,45.8,158.0,Moderate,Very Poor,Very Poor,Moderate,Moderate,Moderate
323.1,465.1,143.6,34.7,66.6,9.8,6.74,19.8,136.4,Severe,Very Poor,Severe,Severe,Severe,Severe
109.7,278.8,88.1,8.2,24.8,31.6,8.2,89.6,45.4,Poor,Very Poor,Very Poor,Poor,Poor,Moderate
13.8,355.5,47.8,145.5,26.9,10.0,0.83,55.1,72.3,Very Poor,Very Poor,Very Poor,Poor,Very Poor,Very Poor
75.1,332.5,81.4,129.1,57.7,35.5,1.26,59.5,184.8,Poor,Very Poor,Poor,Poor,Poor,Severe
2.7,423.5,74.4,89.2,147.5,4.6,2.14,58.5,192.6,Very Poor,Very Poor,Poor,Very Poor,Very Poor,Very Poor
195.5,579.7,175.9,38.0,4.9,10.3,4.57,46.0,157.3,Very Poor,Very Poor,Severe,Very Poor,Very Poor,Very Poor
211.8,259.9,126.4,75.3,232.8,8.3,0.55,76.0,5.0,Very Poor,Very Poor,Satisfactory,Very Poor,Very Poor,Very Poor
238.5,333.0,5.8,77.6,68.5,10.3,4.89,15.3,180.0,Very Poor,Very Poor,Poor,Very Poor,Very Poor,Very Poor
130.8,493.6,109.9,46.4,8.1,42.3,5.72,76.8,153.5,Severe,Very Poor,Poor,Severe,Severe,Severe
322.2,21.3,5.4,46.3,34.7,29.1,8.34,51.6,154.8,Severe,Very Poor,Poor,Severe,Severe,Severe
414.2,250.6,11.2,68.3,74.4,12.4,3.24,17.3,92.1,Moderate,Very Poor,Moderate,Moderate,Moderate,Moderate
382.7,158.8,144.2,136.8,162.3,2.6,5.56,23.6,28.6,Moderate,Very Poor,Moderate,Moderate,Moderate,Moderate
200.5,33.8,57.6,135.5,202.7,10.4,0.46,20.9,135.7,Very Poor,Very Poor,Poor,Very Poor,Very Poor,Very Poor
116.8,461.4,125.4,101.7,114.4,47.4,9.05,18.1,101.9,Severe,Very Poor,Very Poor,Severe,Severe,Severe
299.2,42.4,58.3,32.1,3.3,47.4,4.63,97.6,72.4,Severe,Very Poor,Moderate,Severe,Severe,Severe
479.7,357.9,48.2,121.3,75.6,9.4,3.7,48.6,121.3,Very Poor,Very Poor,Severe,Very Poor,Very Poor,Very Poor
367.7,552.4,177.9,104.1,84.8,12.7,3.23,28.9,184.2,Poor,Very Poor,Severe,Poor,Poor,Poor
234.1,50.8,124.0,28.1,72.8,29.8,8.79,16.4,146.0,Very Poor,Very Poor,Poor,Very Poor,Very Poor,Very Poor
478.3,111.0,120.7,62.8,187.9,7.5,3.39,19.4,193.4,Poor,Very Poor,Poor,Poor,Poor,Poor
176.8,352.1,155.3,149.6,27.5,26.8,2.01,48.0,75.9,Very Poor,Very Poor,Very Poor,Very Poor,Very Poor,Very Poor
480.0,279.9,131.2,104.0,73.0,18.1,4.46,67.9,79.5,Poor,Very Poor,Moderate,Poor,Poor,Poor
218.9,589.1,45.6,90.9,165.4,14.4,0.12,26.3,128.6,Very Poor,Very Poor,Satisfactory,Very Poor,Very Poor,Very Poor
29.1,243.9,187.7,112.1,48.9,45.0,7.6,8.7,27.6,Moderate,Very Poor,Very Poor,Moderate,Moderate,Moderate
164.0,255.6,194.9,73.7,217.2,11.9,3.85,41.7,29.3,Very Poor,Very Poor,Moderate,Very Poor,Very Poor,Very Poor
171.1,229.7,76.5,141.7,139.5,41.4,6.22,60.3,79.2,Very Poor,Very Poor,Very Poor,Very Poor,Very Poor,Very Poor
246.7,178.0,51.8,45.9,238.1,48.9,6.84,85.5,54.9,Very Poor,Very Poor,Moderate,Very Poor,Very Poor,Very Poor
27.8,79.5,162.9,131.9,235.0,23.8,7.91,45.3,80.8,Moderate,Very Poor,Very Poor,Moderate,Moderate,Moderate
47.7,428.5,107.3,55.0,230.8,3.2,2.46,51.9,66.8,Very Poor,Very Poor,Very Poor,Very Poor,Very Poor,Very Poor
266.9,538.1,185.7,25.8,138.9,15.4,5.45,21.0,153.1,Severe,Very Poor,Severe,Severe,Severe,Severe
366.9,449.5,111.7,76.7,243.4,4.4,7.15,26.6,91.9,Severe,Very Poor,Severe,Severe,Severe,Severe
149.6,212.6,120.7,19.0,218.3,7.5,7.23,40.8,92.2,Very Poor,Very Poor,Very Poor,Very Poor,Very Poor,Very Poor
254.0,370.4,110.6,12.9,26.6,42.6,7.39,21.2,192.4,Severe,Very Poor,Poor,Severe,Severe,Severe
376.1,161.0,22.0,91.9,165.8,11.2,7.02,28.9,3.4,Moderate,Very Poor,Moderate,Moderate,Moderate,Moderate
216.2,565.0,23.8,41.7,192.5,34.4,3.21,20.9,175.8,Very Poor,Very Poor,Poor,Very Poor,Very Poor,Very Poor
246.1,345.8,9.4,84.4,98.3,27.8,4.12,66.3,138.6,Very Poor,Very Poor,Poor,Very Poor,Very Poor,Very Poor
16.3,287.0,35.8,61.3,221.3,28.0,7.41,32.0,2.1,Poor,Very Poor,Very Poor,Poor,Poor,Poor
329.5,411.1,58.3,85.3,125.2,34.6,7.17,74.8,21.8,Severe,Very Poor,Severe,Severe,Severe,Severe
123.5,464.7,75.5,52.5,220.4,12.8,0.21,14.4,85.1,Severe,Very Poor,Satisfactory,Very Poor,Severe,Severe
182.8,549.5,34.4,65.3,164.5,41.1,3.03,35.8,10.8,Very Poor,Very Poor,Severe,Very Poor,Very Poor,Very Poor
80.9,525.4,146.2,118.7,235.7,48.7,2.04,39.7,99.4,Moderate,Very Poor,Very Poor,Moderate,Moderate,Moderate
274.0,38.3,177.7,127.7,89.2,2.7,3.03,54.7,172.7,Severe,Very Poor,Poor,Severe,Severe,Severe
301.8,391.8,36.0,1.7,217.9,44.6,9.78,25.8,18.6,Severe,Very Poor,Moderate,Severe,Severe,Severe
336.9,199.0,149.6,49.0,149.0,23.4,3.87,87.2,85.5,Severe,Very Poor,Moderate,Severe,Severe,Severe
354.6,495.9,76.1,17.2,134.9,13.2,0.96,84.7,95.5,Severe,Very Poor,Satisfactory,Moderate,Severe,Very Poor
85.3,110.1,133.2,34.6,164.3,41.3,6.01,65.8,11.6,Moderate,Very Poor,Moderate,Moderate,Moderate,Moderate
276.1,138.4,42.9,107.6,188.0,18.6,4.76,13.5,74.9,Severe,Very Poor,Moderate,Severe,Severe,Severe
232.7,199.5,161.0,56.3,3.7,19.6,1.37,50.8,170.8,Very Poor,Very Poor,Poor,Very Poor,Very Poor,Very Poor
68.2,540.3,6.6,73.3,176.9,46.2,6.0,7.0,42.6,Moderate,Very Poor,Very Poor,Moderate,Moderate,Moderate
478.4,263.2,62.8,67.0,229.7,38.1,2.6,53.9,53.1,Poor,Very Poor,Satisfactory,Poor,Poor,Poor
262.7,241.9,190.7,51.4,243.0,45.5,8.93,83.1,4.9,Severe,Very Poor,Moderate,Severe,Severe,Severe
427.8,106.6,105.1,39.8,240.8,42.1,8.64,12.3,193.4,Poor,Very Poor,Poor,Poor,Poor,Poor
382.7,99.5,43.1,122.2,148.6,15.3,6.43,53.6,14.4,Moderate,Very Poor,Moderate,Moderate,Moderate,Moderate
148.8,87.0,183.9,94.9,65.2,19.3,7.5,33.3,42.7,Very Poor,Very Poor,Moderate,Very Poor,Very Poor,Very Poor
47.2,470.7,63.3,120.9,33.1,39.5,9.38,86.0,177.3,Severe,Very Poor,Poor,Severe,Severe,Severe
206.8,32.4,157.7,38.3,226.3,23.4,7.9,25.3,149.3,Very Poor,Very Poor,Poor,Very Poor,Very Poor,Very Poor
192.9,481.1,93.9,9.7,126.0,48.7,2.97,95.2,188.4,Severe,Very Poor,Poor,Severe,Severe,Poor
420.3,278.8,122.8,104.3,16.0,46.9,4.25,41.2,59.7,Poor,Very Poor,Moderate,Poor,Poor,Poor
368.1,93.2,0.8,11.8,189.8,33.6,2.51,20.7,51.3,Moderate,Very Poor,Satisfactory,Moderate,Moderate,Severe
128.1,537.0,101.1,37.1,37.1,45.9,7.9,93.5,156.3,Very Poor,Very Poor,Poor,Very Poor,Very Poor,Very Poor
398.4,38.6,153.1,125.4,20.3,43.5,7.75,95.8,89.9,Moderate,Very Poor,Moderate,Moderate,Moderate,Moderate
490.6,457.1,166.0,132.9,0.5,42.2,0.15,28.8,18.7,Severe,Very Poor,Satisfactory,Very Poor,Severe,Severe
223.3,59.5,165.3,137.6,241.0,21.3,2.44,47.3,58.7,Very Poor,Very Poor,Moderate,Very Poor,Very Poor,Very Poor
123.9,301.7,139.6,0.7,106.7,16.4,4.69,88.2,25.7,Very Poor,Very Poor,Very Poor,Very Poor,Very Poor,Very Poor
254.1,513.3,89.5,92.4,177.3,33.4,5.21,34.4,120.7,Severe,Very Poor,Severe,Severe,Severe,Severe
375.8,438.0,22.0,46.2,13.0,41.4,5.45,94.7,60.9,Severe,Very Poor,Severe,Severe,Severe,Severe
58.7,224.6,27.3,126.9,149.8,26.5,0.09,9.6,20.2,Moderate,Very Poor,Satisfactory,Moderate,Moderate,Moderate
182.0,433.8,15.5,43.9,75.9,47.1,2.42,76.4,172.3,Severe,Very Poor,Poor,Severe,Severe,Severe
35.2,113.6,164.3,107.2,198.2,24.6,3.53,31.2,71.3,Moderate,Very Poor,Very Poor,Moderate,Moderate,Moderate
395.1,528.8,61.1,142.2,207.2,47.3,2.68,48.5,194.4,Poor,Very Poor,Severe,Poor,Poor,Poor
154.5,306.6,59.4,18.0,72.0,43.5,7.12,71.6,92.6,Very Poor,Very Poor,Very Poor,Very Poor,Very Poor,Very Poor
102.2,420.5,101.1,101.3,56.1,38.3,8.74,79.6,99.6,Very Poor,Very Poor,Very Poor,Very Poor,Very Poor,Very Poor
402.5,69.8,111.6,35.3,36.1,20.5,5.0,31.9,118.6,Moderate,Very Poor,Moderate,Moderate,Moderate,Moderate
190.9,97.1,68.7,90.1,100.0,21.6,5.8,51.6,33.8,Very Poor,Very Poor,Moderate,Very Poor,Very Poor,Very Poor
192.4,518.0,94.0,114.7,85.5,7.9,2.21,72.9,87.6,Very Poor,Very Poor,Severe,Very Poor,Very Poor,Very Poor
200.3,560.7,178.0,12.9,230.8,44.5,2.4,5.0,173.4,Very Poor,Very Poor,Poor,Very Poor,Very Poor,Very Poor
303.0,147.6,60.3,140.8,168.8,17.1,2.24,38.0,148.4,Severe,Very Poor,Poor,Severe,Severe,Severe
172.0,587.7,161.8,23.3,215.3,26.8,5.66,12.1,0.1,Very Poor,Very Poor,Severe,Very Poor,Very Poor,Very Poor
99.3,360.2,92.6,2.8,156.6,11.5,4.29,51.9,82.2,Very Poor,Very Poor,Very Poor,Very Poor,Very Poor,Very Poor
248.5,335.5,182.6,48.3,113.9,44.1,1.44,43.9,29.9,Very Poor,Very Poor,Satisfactory,Severe,Very Poor,Very Poor
267.5,372.2,82.7,133.2,210.0,4.4,6.41,77.8,138.2,Severe,Very Poor,Severe,Severe,Severe,Severe
174.1,138.8,165.2,55.1,71.9,33.9,0.63,62.5,89.8,Very Poor,Very Poor,Satisfactory,Very Poor,Very Poor,Very Poor
155.9,437.8,100.0,68.7,120.4,46.2,9.81,49.2,154.4,Severe,Very Poor,Poor,Severe,Severe,Severe
61.4,358.8,6.2,147.7,49.3,48.4,2.86,52.2,143.8,Very Poor,Very Poor,Very Poor,Very Poor,Very Poor,Very Poor
195.3,96.8,77.1,78.5,138.2,3.0,5.58,27.8,58.8,Very Poor,Very Poor,Moderate,Very Poor,Very Poor,Very Poor
393.3,398.8,162.3,23.5,137.1,35.7,5.73,38.0,129.2,Very Poor,Very Poor,Severe,Very Poor,Very Poor,Very Poor
100.4,543.2,156.1,60.5,34.8,10.8,8.7,11.9,77.5,Poor,Very Poor,Very Poor,Poor,Poor,Poor
423.3,459.4,53.9,90.3,243.1,46.9,3.03,10.9,30.4,Severe,Very Poor,Severe,Severe,Severe,Severe
442.2,562.1,188.2,88.6,240.9,46.8,3.24,4.4,194.1,Poor,Very Poor,Severe,Poor,Poor,Poor
472.1,141.1,156.6,76.6,127.9,46.2,7.46,66.7,94.8,Moderate,Very Poor,Moderate,Moderate,Moderate,Moderate
408.6,351.9,112.3,104.5,131.6,32.5,2.23,87.9,25.4,Very Poor,Very Poor,Moderate,Very Poor,Very Poor,Very Poor
250.7,482.2,162.3,120.5,70.3,47.7,6.37,91.9,164.2,Severe,Very Poor,Severe,Moderate,Severe,Severe
134.1,100.9,24.5,89.6,144.5,16.2,7.06,86.4,53.3,Very Poor,Very Poor,Moderate,Very Poor,Very Poor,Very Poor
388.1,508.3,84.1,31.1,99.9,41.4,2.95,28.1,5.0,Moderate,Very Poor,Satisfactory,Moderate,Moderate,Moderate
75.0,196.3,50.9,143.1,69.1,18.2,4.28,13.9,123.3,Moderate,Very Poor,Very Poor,Moderate,Moderate,Moderate
161.6,191.1,22.8,32.8,137.8,3.7,9.89,26.2,23.1,Very Poor,Very Poor,Moderate,Very Poor,Very Poor,Very Poor
358.0,591.0,46.5,64.8,144.5,7.0,1.53,31.5,123.3,Moderate,Very Poor,Severe,Moderate,Moderate,Moderate
260.1,516.2,39.8,136.5,215.7,35.2,1.53,26.6,17.2,Severe,Very Poor,Severe,Severe,Severe,Severe
397.3,438.9,43.7,120.8,187.3,12.7,0.81,68.5,84.9,Severe,Very Poor,Severe,Severe,Severe,Severe
407.6,590.7,126.7,144.2,232.3,36.9,2.45,84.8,197.1,Poor,Very Poor,Severe,Poor,Poor,Poor
414.2,489.5,94.2,113.9,58.8,41.7,1.81,21.8,133.9,Severe,Very Poor,Severe,Very Poor,Severe,Severe
18.7,230.5,28.2,97.0,75.2,40.9,7.12,70.9,77.1,Moderate,Very Poor,Very Poor,Moderate,Moderate,Moderate
355.3,502.7,134.0,60.2,132.3,20.5,0.12,65.2,122.0,Moderate,Very Poor,Satisfactory,Moderate,Moderate,Moderate
441.4,454.2,73.4,64.2,173.2,33.6,6.82,74.2,166.1,Severe,Very Poor,Severe,Severe,Severe,Severe
388.1,496.8,124.4,109.6,199.7,9.8,0.31,12.5,78.7,Severe,Very Poor,Satisfactory,Severe,Severe,Severe
223.7,5.6,10.1,133.9,35.2,33.1,8.23,20.7,159.7,Very Poor,Very Poor,Poor,Very Poor,Very Poor,Very Poor
59.6,235.6,19.5,92.4,220.8,16.8,1.93,21.7,60.8,Moderate,Very Poor,Very Poor,Moderate,Moderate,Moderate
289.9,473.6,112.6,40.6,90.9,32.0,6.73,6.4,8.6,Severe,Very Poor,Severe,Severe,Severe,Severe
447.4,94.7,12.2,141.3,61.5,48.4,4.22,79.7,69.8,Moderate,Very Poor,Moderate,Moderate,Moderate,Moderate
432.1,457.6,154.4,138.7,202.6,41.0,4.53,18.1,78.8,Severe,Very Poor,Severe,Severe,Severe,Severe
265.1,107.5,136.1,85.7,208.5,15.3,8.04,10.9,178.1,Severe,Very Poor,Poor,Severe,Severe,Severe
216.5,319.8,42.9,20.0,181.1,25.6,0.29,53.9,117.1,Very Poor,Very Poor,Satisfactory,Very Poor,Very Poor,Very Poor
181.4,166.6,47.3,9.5,89.8,19.9,9.32,86.7,169.1,Very Poor,Very Poor,Poor,Very Poor,Very Poor,Very Poor
172.5,89.0,124.2,101.9,203.1,19.3,5.92,81.9,19.8,Very Poor,Very Poor,Moderate,Very Poor,Very Poor,Very Poor
352.1,106.0,17.6,70.7,64.8,7.4,1.01,68.9,90.6,Moderate,Very Poor,Satisfactory,Severe,Moderate,Moderate
361.3,589.2,46.7,136.0,24.6,35.2,9.24,23.9,136.2,Moderate,Very Poor,Severe,Moderate,Moderate,Moderate
281.1,435.6,120.8,134.9,239.3,44.3,2.56,89.0,192.2,Severe,Very Poor,Poor,Severe,Severe,Severe
107.6,314.4,105.6,69.5,46.0,21.7,8.97,35.0,105.9,Poor,Very Poor,Very Poor,Poor,Poor,Poor
444.4,143.9,8.4,78.0,88.2,3.7,9.68,15.5,95.1,Moderate,Very Poor,Moderate,Moderate,Moderate,Moderate
148.9,320.9,23.3,62.4,104.2,42.8,4.04,39.3,87.6,Very Poor,Very Poor,Very Poor,Very Poor,Very Poor,Very Poor
210.3,205.2,173.1,117.7,206.8,22.3,9.87,56.6,27.4,Very Poor,Very Poor,Moderate,Very Poor,Very Poor,Very Poor
367.6,323.8,15.8,104.4,139.1,27.6,6.12,93.6,19.4,Poor,Very Poor,Moderate,Poor,Poor,Poor
412.6,261.9,190.4,33.3,218.7,39.5,7.23,5.3,64.7,Poor,Very Poor,Moderate,Poor,Poor,Poor
94.0,599.6,157.0,85.1,133.6,43.4,5.07,27.9,141.4,Poor,Very Poor,Very Poor,Poor,Poor,Satisfactory
260.8,82.5,22.0,123.3,5.4,14.9,8.3,18.9,110.9,Severe,Very Poor,Moderate,Severe,Severe,Severe
417.2,55.5,136.1,88.0,25.2,48.8,4.31,44.0,80.2,Moderate,Very Poor,Moderate,Moderate,Moderate,Moderate
207.1,542.1,179.3,72.0,237.5,36.7,7.43,32.6,31.3,Very Poor,Very Poor,Severe,Very Poor,Very Poor,Very Poor
399.6,320.0,55.8,49.2,179.9,41.5,9.71,66.4,192.2,Poor,Very Poor,Poor,Poor,Poor,Poor
100.7,428.9,108.7,63.4,187.9,39.3,0.76,0.4,93.2,Very Poor,Very Poor,Satisfactory,Poor,Very Poor,Moderate
313.7,394.1,92.1,107.0,225.4,7.6,1.5,71.4,184.4,Severe,Very Poor,Poor,Severe,Severe,Severe
27.1,525.8,196.4,109.8,172.0,39.5,1.73,52.8,151.6,Moderate,Very Poor,Very Poor,Moderate,Moderate,Moderate
11.7,304.3,103.3,104.2,215.2,38.4,2.52,91.6,74.1,Poor,Very Poor,Very Poor,Poor,Poor,Poor
46.5,20.4,185.6,90.0,205.0,11.3,1.22,29.6,51.4,Moderate,Very Poor,Very Poor,Moderate,Moderate,Very Poor
307.1,375.2,47.9,38.6,144.0,24.7,0.18,76.5,162.9,Severe,Very Poor,Satisfactory,Severe,Severe,Severe
281.0,473.2,170.8,114.6,88.6,16.7,8.7,32.9,34.1,Severe,Very Poor,Severe,Severe,Severe,Severe
54.5,198.0,68.3,78.2,165.0,22.0,1.06,37.5,34.4,Moderate,Very Poor,Satisfactory,Satisfactory,Moderate,Moderate
68.2,304.5,83.4,31.5,20.2,32.8,3.56,1.9,20.8,Poor,Very Poor,Very Poor,Poor,Poor,Poor
36.9,352.1,148.6,148.1,209.7,6.5,7.1,52.6,50.9,Very Poor,Very Poor,Very Poor,Very Poor,Very Poor,Very Poor
426.5,91.0,138.4,5.2,13.5,28.8,8.69,41.7,185.1,Poor,Very Poor,Poor,Poor,Poor,Poor
10.8,552.0,47.4,38.0,195.7,6.0,0.14,60.1,41.4,Satisfactory,Very Poor,Satisfactory,Satisfactory,Satisfactory,Satisfactory
245.8,351.5,172.2,32.5,150.3,42.3,7.35,21.1,97.5,Very Poor,Very Poor,Very Poor,Very Poor,Very Poor,Very Poor
100.0,424.4,167.5,83.3,234.4,30.7,5.27,36.1,47.1,Very Poor,Very Poor,Very Poor,Very Poor,Very Poor,Very Poor
89.9,444.4,171.9,42.5,57.4,12.5,4.08,51.6,177.5,Severe,Very Poor,Poor,Severe,Severe,Severe
169.5,332.4,54.3,95.9,158.7,19.7,2.0,27.1,134.4,Very Poor,Very Poor,Poor,Very Poor,Very Poor,Very Poor
499.9,574.0,80.6,59.0,120.9,30.8,1.92,80.4,166.4,Moderate,Very Poor,Severe,Satisfactory,Moderate,Satisfactory
463.2,546.5,7.4,16.0,34.2,6.2,3.74,75.6,189.3,Poor,Very Poor,Severe,Poor,Poor,Poor
445.4,143.4,102.9,23.2,28.6,10.9,2.27,29.8,164.9,Moderate,Very Poor,Poor,Moderate,Moderate,Very Poor
370.9,3.5,49.5,11.6,228.4,8.6,5.93,44.5,122.4,Moderate,Very Poor,Moderate,Moderate,Moderate,Severe
292.9,373.2,33.4,2.0,59.4,0.1,3.54,20.6,196.9,Severe,Very Poor,Poor,Severe,Severe,Severe
364.4,126.2,150.1,50.0,175.1,15.3,4.77,70.3,25.1,Moderate,Very Poor,Moderate,Moderate,Moderate,Moderate
187.4,7.7,169.9,59.9,206.4,38.2,0.59,80.5,24.9,Very Poor,Very Poor,Satisfactory,Very Poor,Very Poor,Very Poor
126.1,146.7,67.6,92.8,249.5,39.9,5.33,67.7,95.3,Very Poor,Very Poor,Very Poor,Very Poor,Very Poor,Very Poor
324.0,154.0,27.5,85.3,171.3,25.9,3.88,33.3,82.6,Severe,Very Poor,Moderate,Severe,Severe,Severe
347.9,208.6,187.7,92.1,19.9,18.2,4.63,15.4,151.5,Severe,Very Poor,Poor,Severe,Severe,Severe
209.7,424.4,120.8,109.1,3.9,26.7,1.62,86.1,60.4,Very Poor,Very Poor,Severe,Very Poor,Very Poor,Very Poor
148.1,365.9,136.7,57.3,14.2,22.3,9.5,91.2,197.0,Very Poor,Very Poor,Poor,Very Poor,Very Poor,Very Poor
146.1,416.9,158.8,2.9,200.5,1.4,9.47,70.5,117.7,Very Poor,Very Poor,Very Poor,Very Poor,Very Poor,Very Poor
343.7,232.3,103.3,40.6,90.0,47.7,9.56,40.7,179.1,Severe,Very Poor,Poor,Severe,Severe,Severe
7.2,489.0,19.6,96.7,72.1,15.8,4.01,68.0,189.8,Severe,Very Poor,Poor,Severe,Severe,Severe
65.3,119.1,53.9,12.6,43.9,19.4,7.02,3.5,192.8,Poor,Very Poor,Poor,Poor,Poor,Poor
14.6,33.2,189.8,131.2,76.1,2.8,7.14,10.0,37.1,Moderate,Very Poor,Moderate,Moderate,Moderate,Moderate
30.2,551.9,16.5,55.9,185.6,17.6,1.38,78.4,2.5,Satisfactory,Very Poor,Satisfactory,Satisfactory,Satisfactory,Satisfactory
340.5,353.8,14.1,140.2,106.1,36.0,0.26,14.2,182.4,Severe,Very Poor,Poor,Severe,Severe,Severe
141.5,19.4,176.2,71.6,64.5,35.1,4.18,28.3,62.9,Very Poor,Very Poor,Moderate,Very Poor,Very Poor,Very Poor
61.3,400.2,52.6,6.1,136.6,31.7,8.49,6.5,174.1,Very Poor,Very Poor,Poor,Very Poor,Very Poor,Very Poor
310.5,148.8,22.5,13.8,120.3,8.6,7.05,3.7,99.0,Severe,Very Poor,Moderate,Severe,Severe,Severe
166.8,271.6,114.5,2.5,21.3,46.5,4.85,48.1,133.2,Very Poor,Very Poor,Poor,Very Poor,Very Poor,Very Poor
141.5,208.7,172.3,79.3,191.1,8.0,5.06,27.3,20.2,Very Poor,Very Poor,Moderate,Very Poor,Very Poor,Very Poor
437.2,217.0,133.0,86.5,230.7,19.4,8.41,20.3,111.4,Moderate,Very Poor,Moderate,Moderate,Moderate,Moderate
230.4,233.0,173.7,99.8,223.6,15.1,0.34,57.9,154.4,Very Poor,Very Poor,Poor,Very Poor,Very Poor,Moderate
450.2,576.9,82.2,74.7,74.8,3.1,7.77,81.9,163.1,Moderate,Very Poor,Severe,Moderate,Moderate,Moderate
116.2,219.9,39.9,103.8,24.1,3.3,5.62,82.9,50.0,Poor,Very Poor,Moderate,Poor,Poor,Poor
154.7,137.5,179.9,10.1,235.2,28.5,5.12,29.6,10.8,Very Poor,Very Poor,Moderate,Very Poor,Very Poor,Poor
73.0,81.6,7.7,70.5,244.7,25.8,2.41,25.6,69.3,Moderate,Very Poor,Very Poor,Moderate,Moderate,Moderate
102.1,553.5,141.3,132.6,234.9,1.1,5.15,52.8,197.7,Poor,Very Poor,Poor,Poor,Poor,Poor
406.4,179.0,83.4,52.4,248.6,44.0,0.41,8.6,45.9,Moderate,Very Poor,Satisfactory,Moderate,Moderate,Moderate
406.3,10.3,37.1,7.1,53.4,22.0,8.67,75.7,105.5,Moderate,Very Poor,Moderate,Moderate,Moderate,Moderate
345.6,228.4,112.6,113.6,96.8,47.1,5.63,28.0,152.9,Severe,Very Poor,Poor,Severe,Severe,Severe
464.3,460.0,193.3,2.0,226.8,0.4,3.8,13.7,189.1,Severe,Very Poor,Severe,Severe,Severe,Severe
389.8,164.5,198.3,3.1,230.3,6.3,8.82,91.8,126.0,Moderate,Very Poor,Moderate,Moderate,Moderate,Moderate
223.6,195.5,188.3,27.9,198.0,15.4,2.56,41.2,70.3,Very Poor,Very Poor,Moderate,Very Poor,Very Poor,Very Poor
14.5,489.8,89.4,69.8,46.8,11.2,6.54,24.5,124.6,Severe,Very Poor,Very Poor,Severe,Severe,Severe
95.9,346.5,45.7,91.8,204.2,5.4,2.91,50.8,128.3,Poor,Very Poor,Very Poor,Poor,Poor,Poor
345.4,311.8,111.1,125.5,3.6,26.7,0.35,78.5,10.8,Severe,Very Poor,Satisfactory,Severe,Severe,Severe
364.8,310.9,169.8,52.9,206.5,1.2,5.3,28.6,17.7,Poor,Very Poor,Moderate,Poor,Poor,Poor
478.7,195.6,193.7,120.6,108.9,6.6,6.53,65.7,62.6,Moderate,Very Poor,Moderate,Moderate,Moderate,Moderate
353.2,250.2,28.5,77.1,50.7,16.3,0.37,68.2,78.9,Satisfactory,Very Poor,Satisfactory,Severe,Moderate,Poor
87.0,339.8,99.0,136.1,190.7,34.0,9.57,79.7,169.8,Poor,Very Poor,Poor,Poor,Poor,Poor
253.9,590.4,181.0,108.3,197.3,4.6,5.69,92.1,155.7,Severe,Very Poor,Severe,Severe,Severe,Severe
200.2,365.5,116.5,14.1,61.7,48.3,0.06,65.5,10.1,Very Poor,Very Poor,Good,Very Poor,Very Poor,Very Poor
190.7,570.8,193.8,148.1,131.2,4.2,1.66,12.2,117.7,Very Poor,Very Poor,Severe,Very Poor,Very Poor,Very Poor
328.1,428.4,22.3,95.7,79.3,25.8,8.87,51.1,112.6,Severe,Very Poor,Severe,Severe,Severe,Severe
320.9,326.5,145.8,82.3,175.7,24.6,5.56,48.1,53.3,Severe,Very Poor,Moderate,Severe,Severe,Severe
28.2,378.2,48.3,149.5,190.9,4.8,2.35,83.8,111.7,Very Poor,Very Poor,Very Poor,Very Poor,Very Poor,Very Poor
83.7,132.5,148.2,45.1,92.6,28.2,2.65,77.5,35.1,Moderate,Very Poor,Very Poor,Moderate,Moderate,Moderate
14.0,265.9,81.3,82.7,120.3,20.9,8.67,54.8,191.7,Poor,Very Poor,Poor,Poor,Poor,Poor
205.2,184.1,48.9,126.4,46.5,41.0,6.73,67.2,18.0,Very Poor,Very Poor,Moderate,Very Poor,Very Poor,Very Poor
279.9,221.0,49.1,46.5,67.5,2.4,6.5,74.8,56.5,Severe,Very Poor,Moderate,Severe,Severe,Severe
426.3,50.2,186.5,125.1,5.8,35.2,7.38,52.3,172.2,Poor,Very Poor,Poor,Poor,Poor,Poor
234.1,110.1,168.5,12.6,20.9,15.8,1.84,5.8,155.1,Very Poor,Very Poor,Poor,Very Poor,Very Poor,Poor
434.0,514.0,36.8,130.2,243.5,13.6,4.63,11.0,114.8,Moderate,Very Poor,Severe,Moderate,Moderate,Moderate
458.2,60.1,101.0,48.7,136.5,20.1,3.8,50.5,185.0,Poor,Very Poor,Poor,Poor,Poor,Poor
140.5,150.5,188.5,102.2,138.0,32.0,2.16,59.9,34.1,Very Poor,Very Poor,Moderate,Very Poor,Very Poor,Very Poor
26.6,586.2,42.9,50.7,140.3,5.0,3.93,11.8,138.0,Moderate,Very Poor,Very Poor,Moderate,Moderate,Moderate
289.0,117.8,42.6,138.1,66.7,31.1,5.7,36.9,189.5,Severe,Very Poor,Poor,Severe,Severe,Severe
465.7,303.5,63.4,35.2,153.0,26.7,7.91,93.3,6.5,Poor,Very Poor,Moderate,Poor,Poor,Poor
285.2,24.5,36.3,136.4,26.0,12.0,5.18,75.7,168.5,Severe,Very Poor,Poor,Severe,Severe,Severe
173.0,595.4,91.0,10.8,100.6,10.2,5.93,32.6,140.8,Very Poor,Very Poor,Severe,Very Poor,Very Poor,Very Poor
109.9,566.1,45.4,33.0,53.5,35.8,1.66,17.1,147.6,Poor,Very Poor,Very Poor,Poor,Poor,Poor
73.9,341.6,125.5,127.1,198.6,25.5,9.4,31.3,192.5,Poor,Very Poor,Poor,Poor,Poor,Poor
180.7,332.4,66.4,76.6,63.8,16.6,4.22,50.9,184.8,Very Poor,Very Poor,Poor,Very Poor,Very Poor,Very Poor
403.7,429.8,20.2,94.5,92.8,2.8,4.04,92.2,181.5,Very Poor,Very Poor,Severe,Severe,Very Poor,Very Poor
192.4,258.3,158.1,64.1,40.5,17.1,5.24,43.4,8.2,Very Poor,Very Poor,Moderate,Very Poor,Very Poor,Very Poor
87.0,122.6,182.4,66.2,20.7,40.5,8.11,51.7,162.3,Moderate,Very Poor,Poor,Moderate,Moderate,Moderate
156.5,124.3,32.9,79.6,194.3,24.1,8.37,51.2,160.1,Very Poor,Very Poor,Poor,Very Poor,Very Poor,Very Poor
98.6,85.1,45.4,103.5,16.9,14.0,9.56,49.2,86.8,Poor,Very Poor,Moderate,Poor,Poor,Poor
404.1,176.8,22.5,7.1,234.2,0.5,1.13,81.0,1.0,Moderate,Very Poor,Satisfactory,Moderate,Moderate,Moderate
468.8,223.2,108.5,141.2,103.4,16.3,3.84,40.2,126.4,Moderate,Very Poor,Moderate,Moderate,Moderate,Moderate
123.6,356.0,34.7,52.5,39.6,4.6,8.57,15.8,196.3,Very Poor,Very Poor,Poor,Very Poor,Very Poor,Very Poor
57.0,592.9,135.8,124.0,150.9,11.0,6.79,28.3,54.1,Moderate,Very Poor,Very Poor,Moderate,Moderate,Moderate
228.5,147.8,137.0,85.7,110.4,30.0,7.63,98.5,146.6,Very Poor,Very Poor,Poor,Very Poor,Very Poor,Very Poor
400.5,235.2,29.1,65.9,14.4,27.5,6.23,18.5,111.7,Moderate,Very Poor,Moderate,Moderate,Moderate,Moderate
50.3,539.3,192.8,91.1,18.5,0.8,6.58,47.6,40.2,Moderate,Very Poor,Very Poor,Moderate,Moderate,Moderate
123.3,53.2,11.8,90.3,122.9,24.3,5.16,81.7,94.6,Very Poor,Very Poor,Moderate,Very Poor,Very Poor,Very Poor
371.9,176.4,119.4,80.9,11.9,32.9,0.64,51.6,50.3,Moderate,Very Poor,Satisfactory,Moderate,Moderate,Moderate
57.9,79.3,150.9,115.2,93.9,43.9,9.55,48.2,168.1,Moderate,Very Poor,Poor,Moderate,Moderate,Moderate
100.2,240.7,88.5,66.7,4.9,38.9,4.79,76.0,87.2,Poor,Very Poor,Very Poor,Poor,Poor,Poor
173.4,553.1,24.0,127.5,162.2,27.3,4.14,39.2,121.1,Very Poor,Very Poor,Severe,Very Poor,Very Poor,Very Poor
288.9,75.0,50.9,92.8,4.0,40.3,9.46,9.9,161.9,Severe,Very Poor,Poor,Severe,Severe,Severe
137.4,590.6,130.0,126.0,31.3,36.2,8.02,71.4,188.1,Very Poor,Very Poor,Poor,Very Poor,Very Poor,Very Poor
10.4,515.4,97.9,118.2,55.5,0.2,0.52,60.7,164.6,Moderate,Very Poor,Poor,Moderate,Moderate,Very Poor
203.2,501.9,93.7,114.0,131.8,20.4,0.46,53.2,20.6,Very Poor,Very Poor,Satisfactory,Very Poor,Very Poor,Poor
389.5,412.6,139.9,146.5,140.6,44.2,6.26,78.3,43.2,Very Poor,Very Poor,Severe,Very Poor,Very Poor,Very Poor
350.2,535.4,37.1,81.1,181.8,5.1,4.96,82.9,164.0,Moderate,Very Poor,Severe,Moderate,Moderate,Moderate
140.2,270.3,135.8,34.9,241.6,21.3,9.29,38.8,169.6,Very Poor,Very Poor,Poor,Very Poor,Very Poor,Very Poor
401.9,339.1,98.1,79.4,105.1,8.7,9.31,21.3,39.7,Poor,Very Poor,Moderate,Poor,Poor,Poor
327.2,553.1,32.9,89.1,18.3,8.4,5.31,67.5,45.8,Severe,Very Poor,Severe,Severe,Severe,Severe
355.9,104.8,65.6,115.2,85.1,31.0,0.67,72.1,169.1,Poor,Very Poor,Poor,Moderate,Poor,Moderate
154.2,560.1,146.2,19.3,136.3,3.7,9.5,87.5,66.1,Very Poor,Very Poor,Severe,Very Poor,Very Poor,Very Poor
197.2,240.3,32.7,144.8,146.1,48.7,8.61,48.6,192.9,Very Poor,Very Poor,Poor,Very Poor,Very Poor,Very Poor
5.4,303.4,95.8,74.0,10.1,19.8,9.95,74.3,160.2,Poor,Very Poor,Poor,Poor,Poor,Poor
331.9,16.8,164.3,118.1,48.5,48.0,2.06,30.2,20.4,Severe,Very Poor,Moderate,Severe,Severe,Severe
77.7,223.8,153.0,57.9,56.8,36.5,5.96,15.4,59.1,Moderate,Very Poor,Very Poor,Moderate,Moderate,Moderate
72.7,252.8,92.3,104.1,94.9,30.6,1.69,91.0,1.8,Poor,Very Poor,Very Poor,Poor,Poor,Poor
463.1,253.5,75.2,41.8,64.1,42.1,1.81,55.9,1.1,Poor,Very Poor,Satisfactory,Poor,Poor,Poor
25.5,396.5,188.9,13.8,149.1,16.8,1.55,13.3,127.0,Very Poor,Very Poor,Very Poor,Poor,Very Poor,Very Poor
52.7,520.1,123.5,91.4,202.0,47.1,5.25,74.9,109.6,Moderate,Very Poor,Very Poor,Moderate,Moderate,Moderate
343.6,180.6,49.2,15.5,132.9,17.7,6.23,60.7,80.9,Severe,Very Poor,Moderate,Severe,Severe,Satisfactory
216.5,588.7,197.7,21.6,104.9,9.5,0.34,68.0,167.7,Very Poor,Very Poor,Satisfactory,Very Poor,Very Poor,Very Poor
56.8,21.8,97.4,131.5,234.2,33.8,2.29,0.2,167.7,Moderate,Very Poor,Poor,Moderate,Moderate,Moderate
494.2,410.7,163.8,32.5,192.6,12.0,0.42,42.8,135.0,Very Poor,Very Poor,Satisfactory,Moderate,Very Poor,Moderate
384.2,389.8,41.3,114.2,119.9,10.3,0.58,95.3,68.3,Very Poor,Very Poor,Satisfactory,Severe,Very Poor,Poor
130.2,317.3,25.8,78.6,130.8,4.7,0.65,58.5,167.3,Very Poor,Very Poor,Poor,Very Poor,Very Poor,Very Poor
95.4,388.5,178.9,106.5,236.6,12.6,1.69,12.4,92.4,Very Poor,Very Poor,Very Poor,Poor,Very Poor,Very Poor
404.1,532.9,79.8,15.5,46.6,33.9,9.74,86.5,48.4,Moderate,Very Poor,Severe,Moderate,Moderate,Moderate
228.7,76.6,142.0,18.7,179.8,40.7,4.85,55.6,104.5,Very Poor,Very Poor,Moderate,Very Poor,Very Poor,Very Poor
126.8,522.5,87.3,16.9,110.0,19.6,0.75,45.7,115.6,Very Poor,Very Poor,Satisfactory,Very Poor,Very Poor,Very Poor
295.1,41.6,121.9,129.2,50.3,22.8,3.68,29.2,34.5,Severe,Very Poor,Moderate,Severe,Severe,Severe
447.8,308.8,123.1,140.2,141.8,4.9,2.5,27.6,178.5,Poor,Very Poor,Poor,Poor,Poor,Poor
440.2,51.0,38.5,100.1,82.8,36.0,0.42,19.6,20.4,Moderate,Very Poor,Satisfactory,Moderate,Moderate,Moderate
125.5,393.1,47.6,13.1,42.3,3.5,0.68,83.2,37.3,Very Poor,Very Poor,Satisfactory,Very Poor,Very Poor,Very Poor
192.4,436.9,120.7,23.5,183.5,37.6,8.49,59.4,76.9,Severe,Very Poor,Very Poor,Severe,Severe,Severe
118.5,267.6,36.8,73.1,148.5,32.9,9.66,1.3,171.7,Poor,Very Poor,Poor,Poor,Poor,Poor
99.0,290.1,41.5,60.9,146.7,25.0,9.49,34.4,109.7,Poor,Very Poor,Very Poor,Poor,Poor,Poor
275.0,479.6,105.0,118.9,146.2,44.7,7.8,38.0,101.3,Severe,Very Poor,Severe,Severe,Severe,Severe
81.7,398.1,21.6,125.2,232.0,27.5,0.51,63.3,160.9,Very Poor,Very Poor,Poor,Severe,Very Poor,Very Poor
441.1,338.1,2.5,119.7,201.9,2.9,3.83,59.0,135.7,Poor,Very Poor,Severe,Poor,Poor,Poor
450.4,324.9,65.8,72.3,167.3,2.3,8.02,80.3,135.8,Poor,Very Poor,Severe,Poor,Poor,Poor
293.9,67.0,18.6,54.2,238.7,9.8,4.55,19.7,76.5,Severe,Very Poor,Moderate,Severe,Severe,Severe
179.9,169.7,3.9,86.2,39.1,13.3,4.88,15.2,33.5,Very Poor,Very Poor,Moderate,Very Poor,Very Poor,Very Poor
293.0,219.5,96.2,21.7,171.4,42.8,7.89,59.2,145.6,Severe,Very Poor,Poor,Severe,Severe,Severe
20.8,566.7,8.7,29.5,115.7,43.1,5.86,89.3,58.2,Moderate,Very Poor,Very Poor,Moderate,Moderate,Moderate
393.6,50.2,50.3,43.7,69.9,31.1,7.13,75.1,117.4,Moderate,Very Poor,Moderate,Moderate,Moderate,Moderate
35.8,568.7,196.9,117.1,19.7,32.1,0.19,85.9,170.7,Poor,Very Poor,Poor,Moderate,Poor,Poor
119.1,32.4,195.5,46.1,163.0,31.2,9.03,92.9,34.6,Poor,Very Poor,Moderate,Poor,Poor,Poor
346.8,510.1,195.2,20.7,82.2,11.4,8.92,14.8,175.5,Severe,Very Poor,Severe,Severe,Severe,Very Poor
58.7,332.4,162.6,27.7,241.2,27.0,5.67,89.7,32.0,Poor,Very Poor,Very Poor,Poor,Poor,Poor
171.3,222.4,63.3,0.4,167.2,4.4,2.44,40.7,86.0,Very Poor,Very Poor,Satisfactory,Very Poor,Very Poor,Very Poor
225.8,0.9,16.2,87.7,220.2,47.7,8.8,17.8,79.9,Very Poor,Very Poor,Moderate,Very Poor,Very Poor,Moderate
4.4,553.3,94.9,21.8,98.0,32.3,5.68,79.3,62.8,Moderate,Very Poor,Very Poor,Moderate,Moderate,Very Poor
159.9,12.8,45.5,34.3,134.9,8.7,7.59,52.1,25.2,Very Poor,Very Poor,Moderate,Very Poor,Very Poor,Very Poor
386.7,74.7,194.0,37.5,64.6,32.9,3.92,31.7,44.0,Moderate,Very Poor,Moderate,Moderate,Moderate,Satisfactory
457.5,54.4,105.9,130.3,198.1,15.9,7.21,5.3,89.3,Moderate,Very Poor,Moderate,Moderate,Moderate,Moderate
324.6,347.9,190.0,40.6,209.8,49.3,4.98,38.8,148.0,Severe,Very Poor,Poor,Severe,Severe,Severe
159.8,502.4,112.5,114.8,61.2,43.2,5.93,3.8,140.5,Very Poor,Very Poor,Very Poor,Very Poor,Very Poor,Very Poor
385.4,293.6,14.9,35.9,97.0,11.8,7.85,65.4,83.0,Poor,Very Poor,Moderate,Poor,Poor,Poor
434.2,324.0,3.1,101.0,28.2,24.7,5.29,11.8,114.9,Poor,Very Poor,Severe,Poor,Poor,Poor
63.1,477.2,29.1,23.1,148.1,30.3,1.73,70.6,176.4,Severe,Very Poor,Poor,Poor,Severe,Very Poor
115.0,544.2,114.3,40.8,14.1,35.0,9.65,66.9,130.7,Poor,Very Poor,Very Poor,Poor,Poor,Poor
313.1,560.5,106.3,125.0,21.9,31.0,2.97,2.5,179.6,Severe,Very Poor,Severe,Severe,Severe,Severe
45.2,369.8,195.0,28.7,137.8,9.6,9.95,77.2,2.1,Very Poor,Very Poor,Very Poor,Very Poor,Very Poor,Very Poor
122.2,97.8,140.8,106.0,234.2,6.6,2.59,73.6,109.3,Very Poor,Very Poor,Poor,Very Poor,Very Poor,Very Poor
125.7,270.7,52.7,80.2,164.4,29.3,7.4,49.3,148.0,Very Poor,Very Poor,Poor,Very Poor,Very Poor,Very Poor
431.4,522.6,157.2,112.8,100.7,13.1,1.5,54.5,98.9,Moderate,Very Poor,Severe,Moderate,Moderate,Moderate
331.6,464.5,197.5,47.4,226.3,10.0,0.17,30.8,180.7,Severe,Very Poor,Satisfactory,Severe,Severe,Severe
436.2,265.4,16.7,120.6,245.5,8.3,8.91,7.8,49.0,Poor,Very Poor,Moderate,Poor,Poor,Poor
255.9,120.7,84.1,8.1,237.0,23.3,9.63,45.4,133.4,Severe,Very Poor,Poor,Severe,Severe,Very Poor
149.4,211.7,30.1,59.2,23.2,13.8,7.93,54.5,135.8,Very Poor,Very Poor,Poor,Very Poor,Very Poor,Very Poor
203.3,7.6,152.7,110.4,15.6,28.3,8.0,94.8,161.5,Very Poor,Very Poor,Poor,Very Poor,Very Poor,Very Poor
113.9,530.7,17.4,50.3,128.9,24.6,1.05,95.3,9.2,Poor,Very Poor,Satisfactory,Poor,Poor,Poor
172.0,566.2,175.9,120.0,52.8,48.5,8.81,62.1,118.4,Very Poor,Very Poor,Severe,Very Poor,Very Poor,Very Poor
325.3,151.2,145.9,97.6,119.5,6.9,1.76,0.6,12.7,Severe,Very Poor,Satisfactory,Severe,Severe,Severe
449.3,145.1,142.7,3.5,135.2,41.6,0.08,52.2,63.1,Moderate,Very Poor,Good,Moderate,Moderate,Moderate
199.0,447.9,95.5,73.3,221.8,34.4,2.17,48.9,142.6,Severe,Very Poor,Poor,Severe,Severe,Severe
270.3,594.8,122.5,92.7,23.6,29.5,9.02,8.1,97.0,Severe,Very Poor,Severe,Severe,Severe,Severe
338.3,53.5,8.3,116.8,55.2,10.8,5.73,54.6,131.6,Severe,Very Poor,Moderate,Severe,Severe,Severe
201.2,414.2,40.1,120.9,133.6,11.2,9.92,77.1,98.8,Very Poor,Very Poor,Severe,Very Poor,Very Poor,Very Poor
230.3,208.1,118.3,128.2,144.5,5.7,4.83,57.5,161.6,Very Poor,Very Poor,Poor,Very Poor,Very Poor,Very Poor
445.7,242.0,5.4,65.8,154.0,22.4,0.96,74.0,81.6,Moderate,Very Poor,Satisfactory,Moderate,Moderate,Very Poor
327.0,204.5,85.5,6.5,88.6,31.7,8.92,61.3,57.6,Severe,Very Poor,Moderate,Severe,Severe,Severe
302.4,256.0,177.7,24.6,151.5,5.6,4.93,54.1,17.3,Severe,Very Poor,Moderate,Severe,Severe,Severe
331.4,463.0,173.2,11.2,55.8,35.4,2.85,72.4,152.5,Severe,Very Poor,Severe,Severe,Severe,Moderate
120.3,256.2,104.0,44.9,249.4,33.9,8.73,98.5,37.6,Poor,Very Poor,Very Poor,Poor,Poor,Poor
58.6,540.4,199.5,37.3,133.2,7.3,4.01,49.1,150.3,Moderate,Very Poor,Very Poor,Moderate,Moderate,Moderate
408.0,259.0,11.0,92.9,164.3,26.7,1.59,27.9,15.7,Poor,Very Poor,Satisfactory,Poor,Poor,Poor
233.2,11.5,44.6,67.2,63.2,40.7,9.66,47.0,16.6,Very Poor,Very Poor,Moderate,Very Poor,Very Poor,Very Poor
268.3,499.1,124.8,42.1,74.6,21.0,2.85,90.1,55.3,Severe,Very Poor,Severe,Severe,Severe,Severe
257.4,63.2,105.7,18.7,41.2,14.0,4.62,47.7,177.2,Severe,Very Poor,Poor,Severe,Severe,Severe
101.3,80.8,193.2,141.8,189.4,21.6,6.45,48.8,12.1,Poor,Very Poor,Moderate,Poor,Poor,Poor
242.2,452.4,89.6,16.1,204.7,0.5,5.88,48.1,168.3,Severe,Very Poor,Poor,Severe,Severe,Very Poor
378.0,184.9,24.6,42.5,85.3,17.5,7.48,24.2,37.6,Moderate,Very Poor,Moderate,Moderate,Moderate,Moderate
14.6,1.7,37.9,1.2,2.6,5.7,3.87,80.8,30.8,Moderate,Very Poor,Moderate,Moderate,Moderate,Moderate
239.1,309.1,82.8,44.3,191.7,31.0,2.94,9.3,111.1,Very Poor,Very Poor,Poor,Very Poor,Very Poor,Very Poor
238.1,390.7,94.8,20.1,101.5,31.5,4.22,43.4,71.9,Very Poor,Very Poor,Severe,Very Poor,Very Poor,Very Poor
338.1,142.0,52.9,144.3,110.5,27.4,4.01,32.9,159.3,Severe,Very Poor,Poor,Severe,Severe,Severe
350.5,229.1,54.2,119.1,57.4,11.2,3.81,19.9,67.6,Moderate,Very Poor,Moderate,Moderate,Moderate,Moderate
249.9,510.4,178.5,0.8,123.8,4.4,5.43,51.0,194.1,Very Poor,Very Poor,Poor,Very Poor,Very Poor,Severe
145.2,183.3,195.5,6.1,46.8,34.6,2.12,93.7,163.7,Very Poor,Very Poor,Poor,Very Poor,Very Poor,Very Poor
419.7,262.1,102.4,2.7,107.5,3.1,9.82,34.7,157.9,Poor,Very Poor,Poor,Poor,Poor,Poor
449.2,234.8,186.7,35.6,227.8,16.5,0.66,80.9,77.0,Moderate,Very Poor,Satisfactory,Satisfactory,Moderate,Very Poor
58.0,279.7,124.6,67.2,179.8,12.1,0.82,26.5,88.4,Poor,Very Poor,Satisfactory,Satisfactory,Poor,Poor
15.1,115.1,1.4,12.8,232.0,44.7,2.48,79.7,187.2,Poor,Very Poor,Poor,Poor,Poor,Moderate
148.0,571.2,1.3,10.4,1.2,23.4,4.86,18.7,27.1,Very Poor,Very Poor,Severe,Very Poor,Very Poor,Very Poor
254.2,5.7,139.7,140.9,101.6,12.1,1.7,35.9,153.6,Severe,Very Poor,Poor,Severe,Severe,Severe
287.5,299.2,20.0,62.1,165.4,31.1,7.43,86.1,80.1,Severe,Very Poor,Moderate,Severe,Severe,Severe
180.9,85.8,146.8,117.2,42.7,0.4,9.08,35.4,91.1,Very Poor,Very Poor,Moderate,Very Poor,Very Poor,Very Poor
270.0,597.6,168.9,48.4,95.1,10.9,8.43,34.9,67.9,Severe,Very Poor,Severe,Severe,Severe,Satisfactory
215.8,263.0,142.6,99.4,165.3,36.8,0.99,47.9,19.6,Very Poor,Very Poor,Satisfactory,Very Poor,Very Poor,Very Poor
417.1,34.1,66.0,123.5,238.1,13.0,9.04,68.9,107.2,Moderate,Very Poor,Moderate,Moderate,Moderate,Moderate
371.6,178.7,196.3,77.3,173.0,48.3,3.82,85.6,79.3,Moderate,Very Poor,Moderate,Moderate,Moderate,Moderate
464.9,187.6,38.5,72.7,137.8,16.4,4.22,64.9,34.7,Moderate,Very Poor,Moderate,Moderate,Moderate,Moderate
199.2,122.7,97.6,139.5,193.6,19.6,4.45,76.0,1.7,Very Poor,Very Poor,Moderate,Very Poor,Very Poor,Satisfactory
3.4,183.1,129.5,76.4,89.9,33.9,0.78,42.9,138.7,Moderate,Very Poor,Poor,Moderate,Moderate,Moderate
236.6,93.7,180.5,95.1,8.6,4.6,7.8,3.0,141.8,Very Poor,Very Poor,Poor,Very Poor,Very Poor,Very Poor
34.6,145.4,128.5,17.7,191.2,47.9,5.56,64.6,60.0,Moderate,Very Poor,Very Poor,Moderate,Moderate,Moderate
73.3,306.6,124.4,43.7,159.1,31.9,5.43,49.4,50.1,Poor,Very Poor,Very Poor,Poor,Poor,Poor
188.8,308.6,55.0,35.3,18.4,8.9,7.36,11.6,187.6,Very Poor,Very Poor,Poor,Very Poor,Very Poor,Very Poor
125.7,86.2,73.4,129.3,14.6,46.5,0.6,88.4,148.3,Very Poor,Very Poor,Poor,Very Poor,Very Poor,Very Poor
437.9,594.4,195.5,108.2,6.3,15.2,1.16,91.9,169.4,Poor,Very Poor,Severe,Moderate,Moderate,Very Poor
91.6,592.3,10.7,102.9,186.9,5.9,1.23,49.0,169.4,Poor,Very Poor,Poor,Poor,Poor,Very Poor
483.0,0.4,113.2,142.4,129.9,0.0,9.52,86.8,35.9,Moderate,Very Poor,Moderate,Moderate,Moderate,Moderate
392.7,180.5,63.2,133.4,113.2,7.2,3.33,48.9,175.1,Poor,Very Poor,Poor,Poor,Poor,Poor
287.5,395.4,87.5,119.7,39.7,15.5,8.78,19.7,179.7,Severe,Very Poor,Poor,Severe,Severe,Severe
332.9,513.6,95.8,137.6,67.5,38.1,1.66,1.0,77.7,Severe,Very Poor,Severe,Severe,Severe,Severe
56.0,510.6,21.7,75.2,219.7,17.3,2.72,6.2,150.1,Moderate,Very Poor,Very Poor,Moderate,Moderate,Moderate
53.1,106.1,111.5,59.2,113.9,24.4,5.08,29.0,187.4,Poor,Very Poor,Poor,Poor,Poor,Poor
429.6,463.5,79.4,56.0,109.0,30.2,1.02,49.8,54.0,Severe,Very Poor,Satisfactory,Satisfactory,Severe,Severe
324.8,277.1,172.5,45.0,57.1,3.2,6.85,34.0,86.6,Severe,Very Poor,Moderate,Severe,Severe,Severe
167.7,430.3,18.7,133.0,22.5,9.2,1.82,69.3,164.6,Very Poor,Very Poor,Poor,Very Poor,Very Poor,Severe
184.6,270.9,66.6,148.2,86.1,28.1,5.47,95.4,60.6,Very Poor,Very Poor,Moderate,Very Poor,Very Poor,Very Poor
262.3,10.7,4.0,145.5,129.1,30.4,8.44,85.3,140.1,Severe,Very Poor,Moderate,Severe,Severe,Severe
324.3,317.1,80.7,23.6,174.1,7.3,8.37,64.1,168.8,Severe,Very Poor,Poor,Severe,Severe,Severe
230.7,235.7,60.9,77.6,87.5,30.9,9.57,98.3,95.9,Very Poor,Very Poor,Moderate,Very Poor,Very Poor,Very Poor
269.2,306.3,35.7,14.4,18.2,3.5,0.79,81.5,107.2,Severe,Very Poor,Satisfactory,Severe,Severe,Poor
15.5,76.3,42.3,24.0,126.0,46.5,5.74,25.2,84.1,Moderate,Very Poor,Very Poor,Moderate,Moderate,Moderate
261.1,386.8,85.8,57.7,36.7,40.0,7.79,81.8,111.7,Severe,Very Poor,Severe,Severe,Severe,Severe
153.9,165.4,78.7,102.2,157.2,43.2,2.35,62.9,18.6,Very Poor,Very Poor,Moderate,Very Poor,Very Poor,Very Poor
396.7,70.5,133.6,28.8,230.2,19.3,6.84,76.1,38.3,Moderate,Very Poor,Moderate,Moderate,Moderate,Moderate
81.1,465.7,6.2,44.5,61.3,0.3,7.73,19.0,108.8,Severe,Very Poor,Very Poor,Severe,Severe,Severe
59.2,78.1,76.2,11.6,12.4,2.2,2.87,48.9,150.2,Moderate,Very Poor,Poor,Moderate,Moderate,Moderate
316.8,527.0,168.0,28.6,113.8,14.1,2.1,95.6,91.4,Severe,Very Poor,Severe,Severe,Severe,Severe
443.7,377.8,172.4,12.0,186.5,30.7,5.58,93.8,41.0,Very Poor,Very Poor,Severe,Very Poor,Very Poor,Severe
406.5,57.4,25.3,103.9,123.1,21.5,1.39,0.2,168.2,Moderate,Very Poor,Poor,Moderate,Moderate,Moderate
173.0,428.2,24.6,116.1,114.6,28.2,2.27,54.2,166.2,Very Poor,Very Poor,Poor,Very Poor,Very Poor,Very Poor
129.5,119.6,167.6,46.4,169.1,34.4,6.95,63.5,188.7,Very Poor,Very Poor,Poor,Very Poor,Very Poor,Very Poor
475.4,122.0,151.6,33.0,171.0,27.2,4.49,66.5,78.3,Moderate,Very Poor,Moderate,Moderate,Moderate,Moderate
1.1,87.9,152.3,96.8,81.5,49.8,7.53,83.9,103.7,Moderate,Very Poor,Very Poor,Moderate,Moderate,Moderate
442.4,276.5,54.1,83.9,155.1,27.0,9.92,83.6,39.8,Poor,Very Poor,Moderate,Poor,Poor,Poor
31.3,220.9,83.0,120.3,163.5,21.7,5.43,23.3,2.1,Moderate,Very Poor,Very Poor,Moderate,Moderate,Moderate
406.4,220.3,187.3,92.1,39.1,16.6,6.53,78.7,55.2,Moderate,Very Poor,Moderate,Moderate,Moderate,Moderate
361.7,558.3,138.5,57.8,27.2,31.3,3.3,27.0,32.7,Moderate,Very Poor,Severe,Moderate,Moderate,Moderate
473.1,191.3,92.6,124.7,107.5,18.7,2.42,80.4,43.5,Moderate,Very Poor,Moderate,Moderate,Moderate,Moderate
499.5,5.9,103.4,148.3,205.3,33.5,9.56,14.4,165.7,Moderate,Very Poor,Moderate,Moderate,Moderate,Moderate
473.0,355.3,166.0,149.5,249.3,20.1,1.25,34.6,76.4,Very Poor,Very Poor,Severe,Poor,Very Poor,Severe
74.4,71.2,31.7,3.0,228.1,38.9,3.9,5.1,144.1,Moderate,Very Poor,Poor,Moderate,Moderate,Moderate
128.7,546.1,27.3,149.0,124.5,31.1,0.67,13.7,162.9,Very Poor,Very Poor,Poor,Very Poor,Very Poor,Very Poor
415.5,430.9,144.7,75.0,32.1,36.5,2.13,50.1,135.8,Moderate,Very Poor,Severe,Severe,Severe,Severe
142.4,561.5,101.4,139.7,212.8,7.8,1.97,40.7,23.9,Very Poor,Very Poor,Severe,Very Poor,Very Poor,Very Poor
309.4,33.1,150.4,57.6,243.4,7.0,7.98,11.6,32.4,Severe,Very Poor,Moderate,Severe,Severe,Severe
176.3,583.3,2.1,128.8,242.6,15.2,2.57,91.6,152.5,Very Poor,Very Poor,Severe,Very Poor,Very Poor,Very Poor
204.8,150.5,96.2,113.3,183.7,9.4,0.53,57.5,109.2,Very Poor,Very Poor,Poor,Very Poor,Very Poor,Very Poor
323.9,444.9,195.3,145.9,37.1,47.8,0.22,94.6,43.3,Severe,Very Poor,Severe,Severe,Severe,Severe
84.4,392.6,185.4,1.0,179.6,34.0,4.24,4.0,194.7,Very Poor,Very Poor,Poor,Very Poor,Very Poor,Poor
64.3,372.7,132.2,70.0,88.4,32.4,7.0,59.6,103.7,Very Poor,Very Poor,Very Poor,Very Poor,Very Poor,Very Poor
11.9,290.1,30.4,43.1,191.6,49.8,8.87,10.3,79.3,Poor,Very Poor,Very Poor,Poor,Poor,Poor
229.4,362.9,117.0,74.4,59.9,2.2,3.83,64.1,66.4,Very Poor,Very Poor,Severe,Very Poor,Very Poor,Very Poor
323.4,415.5,82.1,33.9,26.6,2.6,3.61,82.1,133.0,Severe,Very Poor,Severe,Severe,Severe,Severe
182.7,482.4,187.5,49.2,89.5,36.8,3.65,98.9,7.2,Severe,Very Poor,Severe,Severe,Severe,Severe
403.9,276.4,25.0,138.5,135.6,20.5,1.73,22.7,189.6,Poor,Very Poor,Poor,Poor,Poor,Poor
274.3,23.0,124.7,9.2,176.4,11.7,1.82,68.5,139.5,Severe,Very Poor,Poor,Severe,Severe,Severe
169.1,542.8,115.3,16.7,189.6,27.6,2.45,47.4,137.9,Very Poor,Very Poor,Severe,Very Poor,Very Poor,Very Poor
169.7,2.5,47.0,144.8,19.2,10.3,7.51,26.7,6.4,Very Poor,Very Poor,Moderate,Very Poor,Very Poor,Moderate
448.7,32.3,169.2,11.1,132.6,45.5,6.21,76.2,8.7,Moderate,Very Poor,Moderate,Moderate,Moderate,Moderate
323.0,379.2,181.3,35.0,208.4,5.0,7.58,42.1,104.3,Severe,Very Poor,Severe,Severe,Severe,Severe
22.2,578.9,25.5,71.6,236.1,14.3,3.86,63.5,46.7,Moderate,Very Poor,Very Poor,Moderate,Moderate,Moderate
203.4,568.1,183.8,112.9,161.0,1.2,8.48,52.5,86.2,Very Poor,Very Poor,Severe,Very Poor,Very Poor,Very Poor
58.8,408.7,173.9,22.8,113.7,38.7,2.85,87.1,179.2,Very Poor,Very Poor,Poor,Very Poor,Very Poor,Very Poor
154.4,408.6,52.4,143.2,61.1,26.9,4.48,63.4,3.5,Very Poor,Very Poor,Very Poor,Very Poor,Very Poor,Very Poor
152.9,218.0,35.2,68.3,211.8,47.4,6.76,66.6,171.4,Very Poor,Very Poor,Poor,Very Poor,Very Poor,Very Poor
257.0,475.2,18.4,108.2,192.7,11.7,8.2,63.2,113.1,Severe,Very Poor,Severe,Severe,Severe,Severe
141.5,245.4,75.4,144.9,125.6,44.0,5.9,1.5,31.7,Very Poor,Very Poor,Moderate,Very Poor,Very Poor,Very Poor
295.3,555.6,119.8,144.6,7.7,6.9,8.71,85.7,74.2,Severe,Very Poor,Severe,Severe,Severe,Severe
157.0,337.3,149.0,100.6,206.0,36.2,9.88,33.1,169.7,Very Poor,Very Poor,Poor,Very Poor,Very Poor,Very Poor
71.0,72.0,84.8,98.0,84.6,32.9,0.68,47.6,112.5,Moderate,Very Poor,Poor,Moderate,Moderate,Moderate
430.3,307.0,26.0,0.4,132.4,5.6,5.51,22.4,34.4,Poor,Very Poor,Moderate,Poor,Poor,Poor
86.3,445.8,179.1,105.9,239.8,43.1,1.62,54.5,7.4,Severe,Very Poor,Very Poor,Moderate,Severe,Severe
57.2,117.2,6.9,94.7,238.7,34.3,1.89,32.2,137.8,Moderate,Very Poor,Poor,Moderate,Moderate,Moderate
264.8,50.4,73.1,96.0,45.7,38.2,4.02,73.8,92.3,Severe,Very Poor,Moderate,Severe,Severe,Severe
274.7,298.2,80.8,78.3,249.4,34.6,6.33,42.0,188.3,Severe,Very Poor,Poor,Severe,Severe,Severe
330.0,83.8,97.3,14.4,46.2,23.4,6.06,95.9,28.7,Severe,Very Poor,Moderate,Severe,Severe,Poor
71.6,140.0,171.3,100.4,77.2,17.5,2.54,60.1,43.3,Moderate,Very Poor,Very Poor,Moderate,Moderate,Moderate
413.6,351.8,13.8,16.6,111.5,33.4,5.71,46.0,168.2,Very Poor,Very Poor,Poor,Very Poor,Very Poor,Very Poor
366.0,213.6,5.8,54.6,128.8,20.7,0.62,7.2,109.7,Moderate,Very Poor,Satisfactory,Moderate,Moderate,Moderate
125.1,114.2,113.6,121.7,219.2,17.0,4.23,24.6,148.3,Very Poor,Very Poor,Poor,Very Poor,Very Poor,Very Poor
25.7,87.2,111.0,19.5,46.1,35.8,9.44,91.5,129.7,Moderate,Very Poor,Poor,Moderate,Moderate,Moderate
257.1,348.3,176.0,50.8,30.9,46.2,9.4,89.6,49.7,Severe,Very Poor,Moderate,Severe,Severe,Severe
238.8,285.4,32.1,49.9,41.6,33.7,8.07,22.0,43.5,Very Poor,Very Poor,Moderate,Very Poor,Very Poor,Very Poor
254.1,119.2,17.8,37.5,249.3,4.2,1.35,76.3,36.2,Severe,Very Poor,Satisfactory,Severe,Severe,Very Poor
337.1,105.4,12.6,123.7,68.2,24.4,4.52,47.7,137.7,Severe,Very Poor,Poor,Severe,Severe,Severe
364.2,448.6,68.8,9.9,122.8,1.4,3.56,18.2,18.7,Severe,Very Poor,Satisfactory,Severe,Severe,Severe
493.0,93.2,84.2,108.3,204.8,19.1,7.27,15.4,139.5,Moderate,Very Poor,Moderate,Moderate,Moderate,Moderate
378.6,147.8,118.4,10.1,13.4,44.5,0.37,54.4,96.7,Moderate,Very Poor,Good,Moderate,Moderate,Moderate
421.3,39.0,193.4,16.7,10.5,0.6,9.76,56.1,91.4,Moderate,Very Poor,Moderate,Moderate,Moderate,Satisfactory
333.9,543.4,50.8,38.6,196.9,29.5,7.35,8.7,112.6,Severe,Very Poor,Severe,Severe,Severe,Severe
49.7,379.5,76.0,56.4,84.5,8.1,8.21,97.5,147.0,Very Poor,Very Poor,Very Poor,Very Poor,Very Poor,Very Poor
65.9,320.6,199.7,109.4,231.3,32.8,3.42,88.2,74.4,Poor,Very Poor,Very Poor,Poor,Poor,Poor
70.0,65.7,162.6,76.7,142.2,47.7,3.22,18.4,53.8,Moderate,Very Poor,Very Poor,Moderate,Moderate,Moderate
121.9,285.3,32.9,126.7,233.4,10.9,3.3,83.9,52.3,Very Poor,Very Poor,Very Poor,Very Poor,Very Poor,Very Poor
405.1,427.5,44.6,90.0,196.1,5.6,9.39,78.8,191.6,Very Poor,Very Poor,Severe,Very Poor,Very Poor,Very Poor
8.5,119.3,135.4,100.1,65.3,11.6,4.38,61.0,131.9,Moderate,Very Poor,Poor,Moderate,Moderate,Moderate
46.2,352.2,75.1,108.1,218.5,25.1,7.77,52.2,17.7,Very Poor,Very Poor,Very Poor,Very Poor,Very Poor,Very Poor
481.1,117.7,155.9,36.3,190.7,33.6,1.28,96.8,192.8,Poor,Very Poor,Poor,Moderate,Poor,Moderate
208.8,14.4,186.2,52.9,133.9,12.6,6.51,28.1,97.8,Very Poor,Very Poor,Moderate,Very Poor,Very Poor,Very Poor
387.0,478.9,140.5,132.6,43.6,43.3,6.14,54.5,124.8,Severe,Very Poor,Severe,Severe,Severe,Severe
481.5,61.1,185.4,68.7,192.3,7.7,8.24,39.8,64.8,Moderate,Very Poor,Moderate,Moderate,Moderate,Moderate
230.3,424.7,136.7,14.6,156.6,30.0,7.96,43.4,46.4,Very Poor,Very Poor,Severe,Very Poor,Very Poor,Very Poor
263.8,193.5,69.6,88.4,141.6,6.3,0.17,1.4,191.2,Severe,Very Poor,Poor,Severe,Severe,Severe
464.6,153.6,51.5,78.9,225.5,33.4,0.1,1.3,25.4,Moderate,Very Poor,Satisfactory,Moderate,Moderate,Moderate
315.4,42.3,184.3,73.6,244.9,41.3,4.79,53.1,173.2,Severe,Very Poor,Poor,Severe,Severe,Severe
196.8,236.9,81.7,79.7,7.9,5.0,3.16,97.2,51.1,Very Poor,Very Poor,Moderate,Very Poor,Very Poor,Very Poor
398.6,514.9,149.8,19.8,130.5,44.3,8.45,78.7,167.6,Moderate,Very Poor,Severe,Moderate,Moderate,Moderate
133.5,267.8,92.6,91.4,26.8,34.6,0.68,89.6,89.3,Very Poor,Very Poor,Very Poor,Very Poor,Very Poor,Very Poor
401.9,318.7,110.3,63.0,73.4,48.7,5.53,93.3,66.4,Poor,Very Poor,Moderate,Poor,Poor,Poor
139.3,536.4,79.4,121.9,113.2,29.2,2.08,48.6,141.8,Very Poor,Very Poor,Severe,Very Poor,Very Poor,Very Poor
11.5,280.5,160.0,29.2,32.0,31.1,4.41,10.5,150.8,Poor,Very Poor,Poor,Poor,Poor,Poor
301.0,35.1,183.5,129.1,241.0,22.5,8.93,49.0,11.3,Severe,Very Poor,Moderate,Severe,Severe,Severe
328.3,160.2,17.3,80.1,34.0,33.1,7.59,5.0,188.5,Severe,Very Poor,Poor,Severe,Severe,Severe
413.0,491.9,110.3,122.7,197.3,12.9,4.62,92.1,182.9,Severe,Very Poor,Severe,Severe,Severe,Severe
41.0,388.4,167.6,117.4,173.0,14.2,7.58,0.1,56.9,Very Poor,Very Poor,Very Poor,Very Poor,Very Poor,Very Poor
18.4,439.7,32.2,133.9,101.0,49.7,9.84,5.1,111.9,Severe,Very Poor,Very Poor,Severe,Severe,Severe
159.1,12.6,114.2,137.4,141.2,26.8,2.95,27.3,26.0,Very Poor,Very Poor,Moderate,Very Poor,Very Poor,Very Poor
410.2,21.2,136.7,133.9,13.4,1.0,4.78,0.8,142.6,Moderate,Very Poor,Moderate,Moderate,Moderate,Moderate
448.2,466.5,142.6,74.3,219.0,11.3,6.88,25.1,27.5,Severe,Very Poor,Severe,Severe,Severe,Severe
310.4,483.5,16.5,74.8,9.3,29.7,3.67,92.4,158.1,Severe,Very Poor,Severe,Severe,Severe,Severe
377.1,33.8,60.9,146.4,144.3,32.2,6.55,6.9,103.8,Moderate,Very Poor,Moderate,Moderate,Moderate,Moderate
414.7,347.4,9.3,111.5,118.6,40.3,9.97,71.8,129.9,Poor,Very Poor,Severe,Poor,Poor,Poor
360.2,290.4,43.4,111.0,20.6,34.1,2.38,93.0,141.8,Poor,Very Poor,Poor,Poor,Poor,Poor
457.8,272.1,13.0,121.1,202.0,2.1,7.56,72.6,119.0,Poor,Very Poor,Moderate,Poor,Poor,Poor
357.8,179.9,16.0,112.1,244.9,25.1,5.4,34.5,116.3,Moderate,Very Poor,Moderate,Moderate,Moderate,Moderate
141.5,158.0,192.7,28.5,165.6,35.8,8.76,79.5,54.6,Very Poor,Very Poor,Moderate,Very Poor,Very Poor,Very Poor
50.6,267.2,177.6,54.0,107.5,9.0,9.37,35.9,85.0,Poor,Very Poor,Very Poor,Poor,Poor,Poor
81.4,526.3,194.9,47.8,25.9,43.7,6.49,77.5,172.4,Poor,Very Poor,Poor,Poor,Poor,Poor
399.5,251.8,84.7,90.8,171.4,28.0,9.05,22.2,156.7,Poor,Very Poor,Poor,Poor,Poor,Poor
374.7,574.4,54.6,53.0,190.9,0.8,8.05,71.1,51.3,Moderate,Very Poor,Severe,Moderate,Moderate,Moderate
46.3,335.0,133.4,11.5,19.5,45.6,3.14,49.2,147.5,Poor,Very Poor,Poor,Poor,Poor,Poor
273.3,274.5,174.3,70.0,240.2,0.3,6.43,2.3,176.4,Severe,Very Poor,Poor,Severe,Severe,Severe
385.6,414.5,110.2,127.6,219.4,39.9,3.67,81.4,151.4,Very Poor,Very Poor,Severe,Very Poor,Very Poor,Very Poor
152.9,599.1,125.9,114.6,141.3,6.2,4.94,72.5,18.4,Very Poor,Very Poor,Severe,Very Poor,Very Poor,Satisfactory
235.3,82.3,63.1,86.9,192.0,42.3,7.3,39.0,153.6,Very Poor,Very Poor,Poor,Very Poor,Very Poor,Very Poor
58.6,442.1,118.7,62.5,28.7,39.4,1.78,39.2,146.2,Severe,Very Poor,Poor,Severe,Severe,Severe
388.6,208.0,106.4,136.5,192.2,37.0,0.13,19.4,153.8,Moderate,Very Poor,Poor,Moderate,Moderate,Moderate
411.8,340.8,141.5,66.8,97.1,43.0,0.08,78.7,117.9,Poor,Very Poor,Satisfactory,Moderate,Poor,Satisfactory
6.1,151.4,62.3,57.2,105.4,11.8,3.64,20.6,173.2,Poor,Very Poor,Poor,Poor,Poor,Poor
60.1,546.3,96.0,79.3,53.7,42.2,9.98,61.2,4.5,Moderate,Very Poor,Very Poor,Moderate,Moderate,Moderate
321.7,148.4,105.9,69.6,119.7,11.6,6.5,80.9,108.3,Severe,Very Poor,Moderate,Severe,Severe,Severe
83.8,153.9,48.2,141.3,177.3,16.1,7.59,44.4,182.0,Poor,Very Poor,Poor,Poor,Poor,Poor
198.4,544.1,151.7,145.9,192.5,15.4,3.3,0.1,167.8,Very Poor,Very Poor,Poor,Very Poor,Very Poor,Very Poor
141.9,510.5,95.3,20.3,104.0,38.2,8.71,42.4,124.3,Very Poor,Very Poor,Very Poor,Very Poor,Very Poor,Severe
96.5,420.7,38.4,10.7,169.1,44.9,7.11,32.4,198.6,Very Poor,Very Poor,Poor,Very Poor,Very Poor,Poor
437.7,499.0,137.4,39.4,179.2,48.5,5.47,97.2,195.0,Severe,Very Poor,Severe,Severe,Severe,Severe
236.8,358.7,18.1,51.2,96.7,0.2,9.58,13.3,109.4,Very Poor,Very Poor,Severe,Very Poor,Very Poor,Very Poor
60.0,499.5,93.9,120.8,38.3,37.1,8.08,61.9,76.3,Severe,Very Poor,Very Poor,Severe,Severe,Severe
373.6,360.6,161.9,140.4,83.4,40.0,9.36,76.9,121.4,Very Poor,Very Poor,Severe,Very Poor,Very Poor,Very Poor
427.7,526.7,62.0,127.8,79.1,35.3,3.12,5.5,110.2,Moderate,Very Poor,Severe,Moderate,Moderate,Moderate
254.3,498.3,113.4,80.4,244.5,46.3,1.63,87.1,44.5,Severe,Very Poor,Severe,Severe,Severe,Severe
117.1,449.6,167.5,91.2,15.3,42.3,6.46,14.3,42.1,Severe,Very Poor,Very Poor,Severe,Severe,Severe
314.9,216.4,176.0,86.3,245.5,22.7,6.21,61.6,5.6,Severe,Very Poor,Moderate,Severe,Severe,Severe
397.8,221.1,55.1,137.3,55.5,5.6,7.91,35.8,62.4,Moderate,Very Poor,Moderate,Moderate,Moderate,Moderate
6.1,29.8,74.4,75.5,180.8,41.9,1.08,11.3,21.2,Satisfactory,Very Poor,Satisfactory,Satisfactory,Moderate,Satisfactory
381.7,482.7,155.7,109.9,1.5,28.2,7.8,55.2,55.5,Severe,Very Poor,Severe,Severe,Severe,Severe
402.7,260.2,48.7,73.4,212.6,32.2,4.76,15.9,87.2,Poor,Very Poor,Moderate,Poor,Poor,Poor
179.0,385.7,115.2,82.3,64.5,46.2,1.25,7.6,171.3,Very Poor,Very Poor,Poor,Very Poor,Very Poor,Very Poor
382.0,568.3,147.8,63.2,39.3,17.1,7.24,85.7,60.3,Moderate,Very Poor,Severe,Moderate,Moderate,Moderate
243.4,160.7,28.9,123.0,115.5,13.0,1.83,85.3,100.0,Very Poor,Very Poor,Moderate,Very Poor,Very Poor,Very Poor
127.2,462.0,167.2,108.1,112.7,3.7,9.65,92.3,58.6,Severe,Very Poor,Very Poor,Severe,Severe,Severe
495.6,130.3,199.1,56.3,104.1,23.4,5.66,84.2,138.5,Moderate,Very Poor,Moderate,Moderate,Moderate,Moderate
95.1,257.6,27.1,17.1,42.5,9.2,3.89,80.2,35.2,Poor,Very Poor,Very Poor,Poor,Poor,Poor
271.7,497.1,103.0,137.7,13.2,23.8,9.05,81.4,62.4,Severe,Very Poor,Severe,Severe,Severe,Severe
279.6,407.2,107.8,57.5,246.2,25.0,4.68,95.9,197.3,Severe,Very Poor,Poor,Severe,Severe,Severe
295.1,323.5,134.4,111.9,49.9,2.1,4.09,44.4,50.7,Severe,Very Poor,Moderate,Severe,Severe,Severe
472.1,261.1,148.0,64.4,67.6,1.8,7.19,98.6,187.7,Poor,Very Poor,Poor,Poor,Poor,Poor
67.9,574.2,98.7,12.5,119.7,23.6,5.89,87.4,21.5,Moderate,Very Poor,Very Poor,Moderate,Moderate,Moderate
191.5,410.8,134.3,39.5,248.8,47.0,3.87,4.3,141.6,Very Poor,Very Poor,Poor,Very Poor,Very Poor,Very Poor
306.8,86.5,173.0,26.2,135.3,14.2,4.66,82.2,100.6,Severe,Very Poor,Moderate,Severe,Severe,Severe
105.3,413.3,197.0,146.4,196.0,2.3,8.61,86.2,5.1,Very Poor,Very Poor,Very Poor,Very Poor,Very Poor,Very Poor
145.5,106.9,185.0,33.0,4.1,45.5,5.36,62.4,129.9,Very Poor,Very Poor,Poor,Very Poor,Very Poor,Very Poor
494.5,265.5,184.9,60.7,58.9,33.9,9.5,91.3,23.7,Poor,Very Poor,Moderate,Poor,Poor,Poor
408.8,51.5,136.6,97.1,184.6,37.0,3.82,6.5,58.0,Moderate,Very Poor,Moderate,Moderate,Moderate,Moderate
141.1,47.6,49.7,14.5,65.3,14.0,6.61,82.3,97.2,Very Poor,Very Poor,Moderate,Very Poor,Very Poor,Poor
63.3,485.8,75.5,69.7,107.2,22.0,9.65,91.8,179.9,Severe,Very Poor,Poor,Severe,Severe,Severe
418.2,49.0,137.9,125.3,12.6,10.5,3.88,19.9,96.5,Moderate,Very Poor,Moderate,Moderate,Moderate,Moderate
232.3,258.0,2.5,12.6,101.7,19.2,6.64,75.5,9.2,Very Poor,Very Poor,Moderate,Very Poor,Very Poor,Very Poor
306.5,524.5,119.2,13.0,157.0,21.0,0.47,3.6,63.5,Severe,Very Poor,Satisfactory,Severe,Severe,Severe
493.6,522.5,155.7,133.7,24.7,5.2,8.65,64.4,116.6,Moderate,Very Poor,Severe,Moderate,Moderate,Moderate
179.4,412.3,116.7,54.9,94.5,1.3,8.97,83.1,182.0,Very Poor,Very Poor,Poor,Very Poor,Very Poor,Very Poor
420.1,323.4,70.5,45.4,163.9,10.0,0.3,86.1,21.0,Poor,Very Poor,Satisfactory,Moderate,Poor,Poor
141.0,365.8,139.0,94.5,54.9,40.1,0.74,32.3,178.8,Very Poor,Very Poor,Poor,Very Poor,Very Poor,Very Poor
275.4,189.6,54.4,125.2,105.9,25.0,9.98,64.8,134.1,Severe,Very Poor,Moderate,Severe,Severe,Severe
295.4,549.1,119.0,59.7,30.1,1.1,0.76,91.1,187.8,Severe,Very Poor,Severe,Severe,Severe,Severe
84.8,29.8,17.9,58.6,208.2,5.0,0.19,41.7,78.6,Moderate,Very Poor,Satisfactory,Moderate,Moderate,Poor
314.3,427.1,165.8,54.1,97.8,2.6,3.08,28.6,82.2,Severe,Very Poor,Severe,Severe,Severe,Severe
336.4,164.0,134.4,43.5,170.4,45.1,2.56,71.4,97.0,Severe,Very Poor,Moderate,Severe,Severe,Severe
42.9,595.5,21.6,34.0,3.1,41.3,0.78,65.9,136.9,Moderate,Very Poor,Very Poor,Moderate,Moderate,Satisfactory
373.1,592.1,169.6,147.6,169.7,24.9,4.71,99.0,98.6,Moderate,Very Poor,Severe,Moderate,Moderate,Moderate
125.9,352.8,198.4,105.1,214.1,23.2,5.24,97.9,34.9,Very Poor,Very Poor,Very Poor,Very Poor,Very Poor,Very Poor
77.3,122.1,189.6,58.7,207.7,39.0,2.66,52.7,10.0,Moderate,Very Poor,Moderate,Moderate,Moderate,Moderate
44.1,30.5,140.0,63.5,70.9,7.8,8.64,19.2,52.7,Moderate,Very Poor,Moderate,Moderate,Moderate,Moderate
361.4,171.4,159.8,52.2,157.9,27.8,1.16,53.4,116.1,Moderate,Very Poor,Satisfactory,Moderate,Moderate,Moderate
437.1,497.5,155.6,24.2,47.4,42.8,7.28,15.8,58.4,Severe,Very Poor,Severe,Severe,Severe,Severe
275.0,594.7,195.9,46.9,185.2,18.3,1.37,32.6,40.1,Severe,Very Poor,Satisfactory,Severe,Severe,Severe
239.4,373.3,81.9,21.5,201.4,38.8,2.68,2.7,136.3,Very Poor,Very Poor,Poor,Very Poor,Very Poor,Very Poor
306.3,61.1,21.1,84.2,79.4,9.3,6.98,42.6,106.5,Severe,Very Poor,Moderate,Severe,Severe,Severe
196.4,435.5,65.2,83.6,163.0,44.1,7.07,44.7,119.4,Severe,Very Poor,Very Poor,Severe,Severe,Severe
85.1,568.9,65.6,2.8,249.0,40.3,4.83,14.6,111.5,Moderate,Very Poor,Very Poor,Moderate,Moderate,Moderate
143.2,321.5,179.7,2.2,20.4,45.1,5.89,32.8,45.9,Very Poor,Very Poor,Very Poor,Very Poor,Very Poor,Very Poor
232.9,177.6,155.7,20.8,192.3,37.4,5.71,41.6,39.2,Very Poor,Very Poor,Moderate,Very Poor,Very Poor,Moderate
317.8,103.1,68.4,87.0,128.9,35.3,4.5,58.9,19.1,Severe,Very Poor,Moderate,Severe,Severe,Severe
178.6,464.0,69.2,21.1,41.2,45.4,5.81,45.0,77.2,Severe,Very Poor,Severe,Severe,Severe,Very Poor
463.5,291.1,181.5,149.0,97.1,41.5,5.4,16.3,115.5,Poor,Very Poor,Severe,Poor,Poor,Poor
34.8,36.6,165.4,36.8,105.3,25.6,8.45,88.7,69.1,Moderate,Very Poor,Very Poor,Moderate,Moderate,Moderate
238.4,391.2,186.6,75.3,79.7,37.5,4.83,17.1,75.9,Very Poor,Very Poor,Severe,Very Poor,Very Poor,Very Poor
280.4,108.7,6.5,96.2,163.5,8.1,8.19,24.6,52.9,Severe,Very Poor,Moderate,Severe,Severe,Severe
13.8,523.2,88.8,120.8,36.8,37.1,6.3,99.7,29.3,Moderate,Very Poor,Very Poor,Moderate,Moderate,Moderate
484.4,523.1,35.9,76.1,152.0,28.9,0.69,61.0,91.8,Satisfactory,Very Poor,Satisfactory,Satisfactory,Satisfactory,Poor
3.7,2.6,127.4,35.2,121.1,47.5,8.94,44.3,115.1,Moderate,Very Poor,Very Poor,Moderate,Moderate,Moderate
18.9,383.2,194.6,86.6,49.7,15.3,5.85,97.2,56.3,Very Poor,Very Poor,Very Poor,Very Poor,Very Poor,Very Poor
426.0,352.7,85.4,92.7,239.4,8.5,0.13,18.5,0.3,Very Poor,Very Poor,Satisfactory,Severe,Very Poor,Very Poor
350.0,193.7,88.9,65.0,208.5,19.5,2.91,76.3,102.5,Severe,Very Poor,Moderate,Severe,Severe,Moderate
444.8,430.2,174.5,98.5,148.7,6.6,2.73,26.3,155.5,Moderate,Very Poor,Severe,Very Poor,Very Poor,Severe
326.5,114.4,132.1,92.6,180.0,23.6,1.74,82.8,35.5,Severe,Very Poor,Moderate,Severe,Severe,Severe
242.9,254.4,154.2,43.4,4.6,4.0,9.9,3.6,75.7,Very Poor,Very Poor,Moderate,Very Poor,Very Poor,Very Poor
416.4,16.4,102.0,16.9,247.6,21.7,0.66,52.7,147.6,Moderate,Very Poor,Satisfactory,Moderate,Moderate,Moderate
277.2,173.0,120.1,32.7,98.2,24.7,3.01,76.1,160.1,Severe,Very Poor,Poor,Severe,Severe,Severe
424.6,502.0,117.0,50.1,246.1,48.6,6.9,44.7,37.1,Moderate,Very Poor,Severe,Moderate,Moderate,Moderate
435.0,6.6,127.8,13.7,228.0,33.1,7.56,42.4,73.1,Moderate,Very Poor,Moderate,Moderate,Moderate,Moderate
449.5,584.7,80.0,37.4,64.7,32.0,6.29,80.0,15.1,Moderate,Very Poor,Severe,Moderate,Moderate,Moderate
330.0,137.6,129.7,73.9,44.6,29.0,8.65,18.5,57.4,Severe,Very Poor,Moderate,Severe,Severe,Severe
14.8,147.0,41.9,117.1,167.5,43.2,2.93,90.1,114.4,Moderate,Very Poor,Very Poor,Moderate,Moderate,Moderate
400.8,81.7,100.8,74.7,177.5,26.3,6.07,17.8,105.1,Moderate,Very Poor,Moderate,Moderate,Moderate,Moderate
347.7,159.1,28.3,125.8,201.7,11.5,6.09,3.9,55.4,Severe,Very Poor,Moderate,Severe,Severe,Severe
261.7,576.7,143.7,101.2,218.7,20.1,5.05,37.7,35.1,Severe,Very Poor,Severe,Severe,Severe,Severe
92.3,572.9,17.0,87.6,210.2,34.5,5.96,84.7,113.8,Poor,Very Poor,Very Poor,Poor,Poor,Poor
433.2,90.6,197.4,105.8,117.2,15.7,6.31,93.5,151.7,Moderate,Very Poor,Moderate,Moderate,Moderate,Moderate
452.6,564.2,88.2,109.7,75.3,4.4,2.43,64.7,40.4,Moderate,Very Poor,Severe,Moderate,Moderate,Moderate
242.8,532.6,66.8,17.3,185.6,15.3,9.91,40.2,63.7,Very Poor,Very Poor,Severe,Very Poor,Very Poor,Very Poor
239.1,549.9,134.9,64.3,120.6,18.1,2.05,17.0,172.5,Very Poor,Very Poor,Poor,Very Poor,Very Poor,Very Poor
47.0,494.0,85.3,121.3,124.0,28.8,4.55,20.3,110.9,Severe,Very Poor,Very Poor,Severe,Severe,Severe
178.6,103.7,112.9,140.3,173.0,28.0,6.01,50.0,111.5,Very Poor,Very Poor,Moderate,Very Poor,Very Poor,Very Poor
66.0,499.6,7.4,7.7,227.2,43.0,9.07,71.9,123.3,Severe,Very Poor,Very Poor,Severe,Severe,Poor
178.6,408.1,74.0,112.4,219.4,14.6,2.91,8.8,21.2,Very Poor,Very Poor,Very Poor,Very Poor,Very Poor,Very Poor
465.8,303.4,111.2,2.9,71.8,2.3,1.24,14.8,193.8,Poor,Very Poor,Satisfactory,Poor,Poor,Poor
302.2,142.1,168.3,20.7,138.0,22.5,3.74,48.0,53.6,Severe,Very Poor,Moderate,Severe,Severe,Severe
443.8,253.1,17.6,122.8,145.5,32.1,8.58,16.2,53.6,Poor,Very Poor,Moderate,Poor,Poor,Poor
142.4,233.8,1.9,41.6,72.0,19.8,6.36,43.4,6.6,Very Poor,Very Poor,Moderate,Very Poor,Very Poor,Very Poor
166.4,158.6,115.9,140.9,19.2,24.4,1.61,29.1,53.5,Very Poor,Very Poor,Moderate,Very Poor,Very Poor,Very Poor
124.9,306.3,187.2,77.9,123.6,36.8,5.73,14.8,109.7,Very Poor,Very Poor,Very Poor,Very Poor,Very Poor,Very Poor
192.7,31.7,6.7,106.1,57.3,29.2,0.17,94.8,43.2,Very Poor,Very Poor,Satisfactory,Very Poor,Very Poor,Very Poor
391.2,508.7,155.0,61.3,218.7,41.1,6.69,82.3,134.5,Moderate,Very Poor,Severe,Moderate,Moderate,Moderate
60.5,74.8,163.2,55.4,85.8,33.9,1.28,79.0,168.7,Satisfactory,Very Poor,Poor,Poor,Moderate,Very Poor
244.2,67.1,180.3,109.1,74.6,2.3,7.61,31.9,53.4,Very Poor,Very Poor,Moderate,Very Poor,Very Poor,Very Poor
43.5,409.9,56.2,17.8,243.8,39.7,8.48,91.3,14.9,Very Poor,Very Poor,Very Poor,Very Poor,Very Poor,Poor
338.9,375.9,98.0,128.8,237.3,28.6,2.25,1.7,89.2,Severe,Very Poor,Severe,Severe,Severe,Severe
355.5,507.5,162.8,113.0,183.4,26.0,0.59,73.7,104.5,Moderate,Very Poor,Severe,Moderate,Moderate,Moderate
65.0,309.2,23.9,34.1,138.6,28.5,2.02,83.6,175.3,Poor,Very Poor,Poor,Poor,Poor,Poor
491.1,311.8,77.6,21.3,25.2,25.9,3.16,23.2,124.3,Poor,Very Poor,Severe,Poor,Poor,Severe
480.5,177.7,141.7,74.8,74.2,20.9,9.48,84.2,87.2,Moderate,Very Poor,Moderate,Moderate,Moderate,Moderate
341.2,409.6,113.7,59.3,235.4,3.0,9.16,30.6,194.5,Severe,Very Poor,Poor,Severe,Severe,Severe
75.3,116.1,130.0,13.9,226.6,4.9,3.55,21.2,77.1,Moderate,Very Poor,Very Poor,Moderate,Moderate,Moderate
327.5,459.1,34.7,30.0,46.2,24.4,0.48,49.5,133.8,Severe,Very Poor,Satisfactory,Severe,Severe,Severe
342.6,320.8,16.9,22.0,77.4,26.0,8.4,78.5,39.7,Severe,Very Poor,Moderate,Severe,Severe,Severe
243.7,447.8,42.2,144.4,105.2,18.7,5.88,65.1,175.3,Severe,Very Poor,Poor,Severe,Severe,Severe
365.6,423.0,160.9,65.8,75.5,12.6,0.61,54.6,153.9,Very Poor,Very Poor,Severe,Moderate,Very Poor,Severe
72.1,397.9,76.2,71.3,81.8,13.0,2.88,31.6,106.7,Very Poor,Very Poor,Very Poor,Very Poor,Very Poor,Very Poor
2.3,445.5,23.9,146.7,193.3,9.6,6.4,1.3,28.5,Severe,Very Poor,Very Poor,Severe,Severe,Severe
45.6,518.9,139.8,35.0,14.2,36.6,5.56,99.1,40.7,Moderate,Very Poor,Very Poor,Moderate,Moderate,Moderate
478.3,325.5,101.7,43.9,142.9,47.4,7.17,65.9,161.5,Poor,Very Poor,Severe,Poor,Poor,Poor
382.9,25.3,81.8,12.1,22.6,31.9,8.62,3.8,175.5,Poor,Very Poor,Poor,Poor,Poor,Moderate
387.4,136.9,80.3,95.0,23.3,12.8,4.91,96.0,172.5,Poor,Very Poor,Poor,Poor,Poor,Poor
377.2,359.8,22.9,86.5,151.8,13.3,3.49,34.4,156.9,Very Poor,Very Poor,Severe,Very Poor,Very Poor,Very Poor
274.5,521.7,188.7,119.3,10.3,2.1,4.43,93.1,149.5,Severe,Very Poor,Severe,Severe,Severe,Severe
305.8,21.5,23.7,41.5,244.5,38.1,3.72,79.2,197.1,Severe,Very Poor,Poor,Severe,Severe,Severe
258.0,29.6,116.0,134.8,118.7,30.1,3.53,27.7,8.9,Severe,Very Poor,Moderate,Severe,Severe,Severe
443.1,102.6,51.2,127.1,11.8,12.4,5.0,64.2,103.3,Moderate,Very Poor,Moderate,Moderate,Moderate,Moderate
135.0,198.8,69.2,148.5,213.8,3.7,6.74,55.0,111.3,Very Poor,Very Poor,Very Poor,Very Poor,Very Poor,Very Poor
11.1,405.5,149.8,79.2,122.5,11.5,7.82,32.6,91.2,Very Poor,Very Poor,Very Poor,Very Poor,Very Poor,Very Poor
60.4,362.9,188.5,70.7,168.2,31.2,7.86,53.3,125.1,Very Poor,Very Poor,Very Poor,Very Poor,Very Poor,Very Poor
383.7,477.2,0.2,115.3,192.5,27.0,7.1,91.2,105.1,Severe,Very Poor,Severe,Severe,Severe,Severe
152.9,563.1,75.2,8.8,66.8,20.5,6.12,83.6,98.9,Very Poor,Very Poor,Severe,Very Poor,Very Poor,Very Poor
281.0,497.4,6.8,71.0,105.9,18.2,5.46,66.0,93.8,Severe,Very Poor,Severe,Severe,Severe,Severe
279.5,244.2,75.1,17.9,245.5,27.0,3.37,80.9,148.6,Severe,Very Poor,Poor,Severe,Severe,Severe
413.8,236.9,48.4,64.5,217.8,31.5,9.46,21.6,96.6,Moderate,Very Poor,Moderate,Moderate,Moderate,Moderate
166.6,60.1,55.4,6.9,171.5,29.8,3.03,77.5,65.3,Very Poor,Very Poor,Moderate,Very Poor,Very Poor,Very Poor
269.4,17.8,61.3,11.4,47.9,27.9,6.7,7.6,14.6,Severe,Very Poor,Moderate,Severe,Severe,Moderate
170.1,273.5,29.2,26.5,57.8,28.8,7.62,51.8,166.2,Very Poor,Very Poor,Poor,Very Poor,Very Poor,Very Poor
59.0,376.9,138.4,129.7,66.0,46.1,5.24,99.2,23.7,Very Poor,Very Poor,Very Poor,Very Poor,Very Poor,Very Poor
494.5,43.7,159.5,89.8,6.7,1.2,4.1,40.8,37.5,Moderate,Very Poor,Moderate,Moderate,Moderate,Moderate
180.4,14.2,39.8,131.0,70.9,25.4,0.65,6.9,57.6,Very Poor,Very Poor,Moderate,Very Poor,Very Poor,Very Poor
199.5,3.8,55.6,59.4,170.7,49.1,1.55,81.1,109.5,Very Poor,Very Poor,Poor,Very Poor,Very Poor,Very Poor
480.5,101.2,189.6,15.8,52.8,28.1,7.53,5.4,145.1,Moderate,Very Poor,Moderate,Moderate,Moderate,Moderate
302.0,185.2,38.2,67.6,231.3,35.0,0.61,63.0,27.1,Severe,Very Poor,Satisfactory,Severe,Severe,Severe
3.6,355.6,80.6,12.2,126.5,39.7,4.04,40.9,123.4,Very Poor,Very Poor,Very Poor,Very Poor,Very Poor,Moderate
424.2,107.9,194.0,123.6,165.7,1.0,8.18,82.3,174.2,Poor,Very Poor,Poor,Poor,Poor,Poor
144.5,342.7,89.4,53.9,29.7,7.5,8.4,11.9,157.5,Very Poor,Very Poor,Poor,Very Poor,Very Poor,Very Poor
485.9,217.2,28.2,105.7,222.4,22.0,8.81,83.3,52.5,Moderate,Very Poor,Moderate,Moderate,Moderate,Moderate
408.5,288.2,98.6,85.8,233.6,33.5,7.33,3.6,63.2,Poor,Very Poor,Moderate,Poor,Poor,Poor
174.3,561.1,91.2,147.1,112.4,4.6,4.29,12.8,5.0,Very Poor,Very Poor,Severe,Very Poor,Very Poor,Very Poor
274.7,55.4,31.8,104.7,181.8,7.8,1.77,54.9,133.7,Severe,Very Poor,Poor,Severe,Severe,Severe
109.0,451.8,139.7,70.6,79.9,24.1,3.13,86.0,130.8,Severe,Very Poor,Very Poor,Severe,Severe,Severe
75.8,399.1,29.8,106.4,179.3,34.5,7.76,45.6,68.7,Very Poor,Very Poor,Very Poor,Very Poor,Very Poor,Very Poor
138.0,406.9,45.3,0.6,158.7,21.0,1.36,73.4,194.2,Very Poor,Very Poor,Poor,Very Poor,Very Poor,Very Poor
31.3,146.6,123.5,113.4,145.6,23.6,3.85,52.1,13.7,Moderate,Very Poor,Very Poor,Moderate,Moderate,Moderate
23.6,545.7,138.2,49.9,85.5,45.5,1.05,42.8,161.8,Moderate,Very Poor,Poor,Poor,Moderate,Moderate
67.7,254.2,85.3,48.1,165.5,15.2,1.19,39.5,60.7,Poor,Very Poor,Satisfactory,Moderate,Poor,Severe
203.8,512.4,67.7,38.6,183.9,1.7,4.08,14.1,178.1,Very Poor,Very Poor,Poor,Very Poor,Very Poor,Very Poor
49.5,87.9,90.4,72.4,141.0,21.5,1.04,41.7,17.3,Satisfactory,Very Poor,Satisfactory,Satisfactory,Moderate,Moderate
452.9,195.1,111.0,48.7,4.8,11.8,6.78,88.7,35.8,Moderate,Very Poor,Moderate,Moderate,Moderate,Moderate
471.9,5.0,138.9,35.5,92.8,18.2,8.79,27.7,145.3,Moderate,Very Poor,Moderate,Moderate,Moderate,Moderate
376.6,190.9,163.5,19.6,204.2,28.8,0.28,15.7,141.1,Moderate,Very Poor,Satisfactory,Moderate,Moderate,Moderate
239.2,484.5,187.8,131.7,71.9,35.7,9.11,12.5,132.8,Severe,Very Poor,Severe,Severe,Severe,Severe
151.0,223.6,196.8,12.7,246.1,49.5,9.68,40.3,196.1,Very Poor,Very Poor,Poor,Very Poor,Very Poor,Very Poor
411.6,495.3,133.6,146.4,16.5,30.0,2.73,37.0,12.9,Severe,Very Poor,Severe,Severe,Severe,Severe
343.4,434.6,176.7,119.2,237.7,18.5,5.71,5.7,85.3,Severe,Very Poor,Severe,Severe,Severe,Severe
494.7,8.9,18.9,81.1,129.2,3.1,6.33,10.2,119.3,Moderate,Very Poor,Moderate,Moderate,Moderate,Moderate
392.9,83.5,63.3,109.3,206.6,33.8,7.83,2.0,179.3,Poor,Very Poor,Poor,Poor,Poor,Poor
476.3,335.9,78.6,94.0,231.5,33.1,8.41,28.7,79.8,Poor,Very Poor,Moderate,Poor,Poor,Poor
108.3,420.6,46.8,73.0,14.0,13.8,5.78,44.4,100.6,Very Poor,Very Poor,Very Poor,Very Poor,Very Poor,Very Poor
373.2,505.1,198.6,140.3,105.5,39.2,5.18,77.8,177.9,Poor,Very Poor,Severe,Poor,Poor,Poor
401.1,141.4,2.8,60.2,158.1,16.2,6.96,53.8,95.2,Moderate,Very Poor,Moderate,Moderate,Moderate,Moderate
0.8,313.7,157.0,22.6,210.5,21.1,7.62,39.8,126.6,Poor,Very Poor,Very Poor,Poor,Poor,Poor
0.7,576.7,39.5,34.8,84.6,20.9,1.39,89.9,83.4,Moderate,Very Poor,Very Poor,Poor,Moderate,Moderate
124.0,512.4,51.7,16.9,180.5,8.9,8.34,66.9,176.4,Very Poor,Very Poor,Poor,Very Poor,Very Poor,Very Poor
278.7,432.5,73.6,68.2,69.1,21.6,3.06,73.8,64.4,Severe,Very Poor,Severe,Severe,Severe,Severe
458.5,86.4,170.1,6.9,154.9,24.2,7.5,53.8,186.7,Poor,Very Poor,Poor,Poor,Poor,Poor
160.7,189.5,197.6,82.2,249.5,14.3,0.04,13.3,189.5,Very Poor,Very Poor,Poor,Very Poor,Very Poor,Very Poor
299.7,320.8,197.6,46.4,117.4,39.4,1.28,49.3,61.2,Severe,Very Poor,Satisfactory,Severe,Severe,Poor
427.8,75.6,152.4,32.4,54.7,21.3,9.76,44.9,183.4,Poor,Very Poor,Poor,Poor,Poor,Poor
383.5,514.6,28.8,8.0,112.1,3.5,6.82,52.8,2.2,Moderate,Very Poor,Severe,Moderate,Moderate,Severe
293.2,435.5,15.8,24.5,216.3,5.3,4.43,18.4,188.3,Severe,Very Poor,Poor,Severe,Severe,Severe
389.3,412.5,71.4,85.3,167.1,27.1,9.15,60.6,41.6,Very Poor,Very Poor,Severe,Very Poor,Very Poor,Very Poor
444.4,179.5,174.8,113.8,16.6,33.1,3.38,14.9,195.8,Poor,Very Poor,Poor,Poor,Poor,Poor
294.9,137.9,114.8,0.4,58.3,5.1,4.14,54.5,163.7,Severe,Very Poor,Poor,Severe,Severe,Severe
51.3,68.3,23.0,53.4,93.7,4.3,2.6,13.5,25.4,Moderate,Very Poor,Satisfactory,Moderate,Moderate,Moderate
288.6,316.7,151.2,60.0,17.7,24.0,4.91,11.9,87.2,Severe,Very Poor,Severe,Severe,Severe,Severe
75.7,560.5,125.1,19.9,26.2,42.3,4.7,26.9,109.3,Moderate,Very Poor,Very Poor,Moderate,Moderate,Moderate
187.6,474.1,60.5,5.3,51.7,29.0,5.45,10.6,168.4,Severe,Very Poor,Poor,Severe,Severe,Severe
62.8,438.7,45.5,0.1,224.3,24.5,2.39,59.5,29.3,Severe,Very Poor,Satisfactory,Severe,Severe,Severe
172.8,174.0,69.0,60.6,249.3,0.3,5.67,27.8,199.0,Very Poor,Very Poor,Poor,Very Poor,Very Poor,Very Poor
81.7,225.7,44.9,101.7,121.7,37.8,0.46,51.2,171.9,Poor,Very Poor,Poor,Poor,Poor,Poor
481.8,549.3,2.4,14.5,55.4,36.3,8.06,43.2,36.5,Moderate,Very Poor,Severe,Moderate,Moderate,Moderate
244.5,543.3,100.2,124.4,243.0,43.3,8.31,9.5,162.0,Very Poor,Very Poor,Severe,Very Poor,Very Poor,Very Poor
251.3,387.1,76.6,121.0,13.5,40.0,9.5,32.5,24.5,Severe,Very Poor,Moderate,Severe,Severe,Severe
62.7,393.7,98.9,131.4,163.2,33.4,7.71,82.9,77.2,Very Poor,Very Poor,Very Poor,Very Poor,Very Poor,Very Poor
349.1,104.9,87.7,104.5,19.6,24.2,6.22,88.0,19.2,Severe,Very Poor,Moderate,Severe,Severe,Severe
157.0,399.2,120.9,82.2,76.7,15.7,2.16,84.5,121.3,Very Poor,Very Poor,Very Poor,Very Poor,Very Poor,Very Poor
141.4,541.1,30.4,31.2,193.8,40.3,4.54,82.5,120.5,Very Poor,Very Poor,Very Poor,Very Poor,Very Poor,Very Poor
244.2,351.8,17.2,103.1,17.4,23.8,5.33,63.0,46.7,Very Poor,Very Poor,Moderate,Very Poor,Very Poor,Very Poor
285.6,190.6,147.3,94.0,51.6,19.0,3.49,40.6,130.1,Severe,Very Poor,Poor,Severe,Severe,Severe
484.6,476.3,54.7,55.0,144.7,7.0,2.71,32.4,15.3,Severe,Very Poor,Satisfactory,Severe,Severe,Severe
461.3,93.5,11.7,103.1,33.1,8.7,7.59,70.0,143.7,Moderate,Very Poor,Moderate,Moderate,Moderate,Moderate
351.7,425.4,122.2,130.3,55.7,29.7,4.09,37.8,119.7,Very Poor,Very Poor,Severe,Very Poor,Very Poor,Very Poor
306.5,514.8,157.0,138.0,88.0,32.9,0.67,13.0,36.3,Severe,Very Poor,Severe,Severe,Severe,Severe
309.5,322.7,145.7,143.1,167.6,33.6,1.54,53.2,116.2,Severe,Very Poor,Severe,Severe,Severe,Severe
447.4,230.7,181.0,87.0,183.1,43.4,8.58,41.8,134.0,Moderate,Very Poor,Moderate,Moderate,Moderate,Moderate
310.5,497.0,17.8,47.6,73.6,12.1,1.98,96.0,40.8,Severe,Very Poor,Satisfactory,Severe,Severe,Severe
391.2,229.2,128.2,134.6,15.6,13.2,5.74,24.9,137.9,Moderate,Very Poor,Moderate,Moderate,Moderate,Moderate
248.8,147.8,59.9,95.1,238.4,7.5,9.2,21.5,141.0,Very Poor,Very Poor,Poor,Very Poor,Very Poor,Very Poor
238.2,48.9,57.9,51.6,1.3,5.6,1.77,29.0,104.3,Very Poor,Very Poor,Moderate,Very Poor,Very Poor,Very Poor
375.0,507.1,133.4,128.8,200.6,21.0,9.76,65.0,177.0,Poor,Very Poor,Severe,Poor,Poor,Poor
144.0,423.4,180.1,53.3,204.5,18.8,9.38,70.5,51.2,Very Poor,Very Poor,Very Poor,Very Poor,Very Poor,Very Poor
35.8,584.9,46.9,85.7,102.1,26.1,5.98,26.2,96.1,Moderate,Very Poor,Very Poor,Moderate,Moderate,Moderate
310.7,54.1,65.9,58.8,114.6,9.6,9.4,8.3,138.0,Severe,Very Poor,Moderate,Severe,Severe,Severe
467.5,398.8,19.6,147.9,224.3,22.4,1.31,38.0,112.8,Very Poor,Very Poor,Severe,Very Poor,Very Poor,Very Poor
470.7,559.4,6.5,13.0,198.5,38.1,9.83,20.2,112.9,Moderate,Very Poor,Severe,Moderate,Moderate,Severe
493.3,567.3,64.2,8.9,173.3,5.6,2.08,57.4,85.2,Satisfactory,Very Poor,Satisfactory,Satisfactory,Moderate,Very Poor
123.9,29.2,54.2,8.1,89.1,15.7,8.98,31.5,55.0,Very Poor,Very Poor,Moderate,Very Poor,Very Poor,Severe
303.4,54.0,27.5,46.3,107.3,35.6,0.53,27.9,150.8,Severe,Very Poor,Satisfactory,Severe,Severe,Severe
100.0,499.7,37.8,114.8,175.5,26.9,6.76,29.7,57.4,Severe,Very Poor,Very Poor,Severe,Severe,Severe
423.4,303.1,144.8,50.9,61.1,23.6,3.23,43.0,100.2,Poor,Very Poor,Severe,Poor,Poor,Poor
457.5,375.6,162.7,5.6,58.0,5.7,9.71,22.5,79.7,Very Poor,Very Poor,Severe,Very Poor,Very Poor,Very Poor
412.0,243.1,97.4,117.1,79.0,21.7,9.44,20.5,43.0,Moderate,Very Poor,Moderate,Moderate,Moderate,Moderate
76.0,263.9,158.6,62.0,235.7,47.7,9.16,30.2,99.0,Poor,Very Poor,Very Poor,Poor,Poor,Poor
321.8,191.8,33.6,43.9,83.9,18.8,6.47,84.3,41.2,Severe,Very Poor,Moderate,Severe,Severe,Severe
357.0,544.7,124.7,149.0,70.6,42.5,5.74,32.2,96.5,Moderate,Very Poor,Severe,Moderate,Moderate,Moderate
169.3,459.5,142.7,32.1,73.5,16.4,3.32,17.2,42.0,Severe,Very Poor,Very Poor,Severe,Severe,Severe
73.1,106.0,189.4,84.9,92.6,14.8,3.29,95.7,185.1,Poor,Very Poor,Poor,Poor,Poor,Poor
203.2,31.4,104.9,12.6,130.1,31.6,6.65,76.5,127.8,Very Poor,Very Poor,Poor,Very Poor,Very Poor,Very Poor
39.8,541.1,78.6,106.7,109.6,10.5,6.32,51.6,147.7,Moderate,Very Poor,Very Poor,Moderate,Moderate,Moderate
11.4,560.1,52.0,27.5,175.5,38.7,3.22,81.4,113.1,Moderate,Very Poor,Very Poor,Moderate,Moderate,Moderate
463.8,340.1,95.1,23.4,189.5,24.9,8.31,25.7,77.5,Poor,Very Poor,Severe,Poor,Poor,Poor
243.9,402.8,66.5,129.6,105.2,23.3,0.04,82.5,77.5,Very Poor,Very Poor,Severe,Very Poor,Very Poor,Very Poor
376.7,232.5,114.7,48.1,185.8,16.2,3.14,69.9,143.1,Moderate,Very Poor,Poor,Moderate,Moderate,Moderate
344.8,438.3,31.5,72.9,72.1,37.9,0.7,23.0,161.3,Severe,Very Poor,Severe,Severe,Severe,Severe
23.2,323.2,52.4,36.9,71.2,42.6,2.27,25.9,52.0,Poor,Very Poor,Very Poor,Poor,Poor,Poor
378.0,38.9,57.6,8.3,41.7,17.6,1.83,35.4,165.2,Moderate,Very Poor,Poor,Moderate,Moderate,Moderate
180.6,220.1,164.2,36.8,48.7,45.5,8.51,87.9,84.1,Very Poor,Very Poor,Very Poor,Very Poor,Very Poor,Very Poor
295.0,566.7,82.9,31.1,45.9,2.0,3.16,4.5,51.8,Severe,Very Poor,Satisfactory,Severe,Severe,Severe
36.7,441.6,42.8,3.9,48.6,23.4,3.86,84.2,160.0,Severe,Very Poor,Poor,Severe,Severe,Severe
472.5,515.0,59.9,14.8,26.1,26.4,5.5,11.9,61.0,Moderate,Very Poor,Severe,Moderate,Moderate,Moderate
411.2,319.7,173.1,94.3,96.5,35.3,7.73,72.1,109.0,Poor,Very Poor,Severe,Poor,Poor,Poor
292.4,492.9,47.8,22.5,24.8,48.6,1.57,11.3,10.0,Severe,Very Poor,Satisfactory,Severe,Severe,Severe
452.8,258.6,85.9,81.1,25.4,42.4,7.4,60.3,170.9,Poor,Very Poor,Poor,Poor,Poor,Poor
99.4,438.2,107.8,101.6,84.9,15.1,1.26,85.5,56.3,Severe,Very Poor,Very Poor,Poor,Severe,Very Poor
339.4,128.2,184.9,140.3,249.9,2.6,6.37,79.7,79.9,Severe,Very Poor,Moderate,Severe,Severe,Severe
93.6,406.2,99.5,119.2,150.3,40.3,7.66,77.9,183.2,Very Poor,Very Poor,Poor,Very Poor,Very Poor,Very Poor
352.5,234.4,88.4,73.4,231.3,37.2,2.51,28.9,143.0,Moderate,Very Poor,Poor,Moderate,Moderate,Moderate
168.0,529.7,144.0,81.6,186.8,0.1,4.34,59.8,153.6,Very Poor,Very Poor,Severe,Very Poor,Very Poor,Very Poor
146.0,168.9,80.8,37.0,189.8,1.6,4.38,64.1,119.0,Very Poor,Very Poor,Poor,Very Poor,Very Poor,Very Poor
309.5,95.5,34.4,73.4,173.3,2.9,0.83,63.5,162.0,Severe,Very Poor,Poor,Severe,Severe,Severe
489.1,513.2,164.3,27.6,110.9,23.0,4.57,62.6,107.5,Moderate,Very Poor,Severe,Moderate,Moderate,Moderate
477.2,241.6,14.3,19.7,87.9,35.5,0.58,49.1,2.2,Moderate,Very Poor,Satisfactory,Moderate,Moderate,Poor
47.4,365.4,38.7,0.6,63.0,3.9,3.28,2.5,113.7,Very Poor,Very Poor,Very Poor,Very Poor,Very Poor,Very Poor
268.9,209.7,184.4,118.5,130.1,27.3,9.84,12.3,74.1,Severe,Very Poor,Moderate,Severe,Severe,Severe
345.9,395.1,129.9,17.6,127.2,40.8,0.01,28.1,173.9,Severe,Very Poor,Satisfactory,Severe,Severe,Severe
88.8,391.7,173.7,107.8,175.1,24.2,4.37,14.2,45.0,Very Poor,Very Poor,Very Poor,Very Poor,Very Poor,Very Poor
240.9,42.2,114.5,141.1,56.9,29.4,6.88,33.6,3.1,Very Poor,Very Poor,Moderate,Very Poor,Very Poor,Very Poor
475.6,89.0,166.4,119.9,31.6,26.5,3.82,68.2,155.9,Moderate,Very Poor,Moderate,Moderate,Moderate,Moderate
356.8,43.4,103.2,148.4,5.9,17.4,4.7,65.2,26.3,Moderate,Very Poor,Moderate,Moderate,Moderate,Moderate
262.2,106.7,168.4,70.9,244.1,11.1,6.92,28.4,89.3,Severe,Very Poor,Moderate,Severe,Severe,Severe
442.3,237.0,92.4,65.2,71.0,5.2,1.23,51.1,148.5,Moderate,Very Poor,Poor,Moderate,Moderate,Severe
83.2,308.0,109.8,91.7,134.1,21.7,0.17,98.5,43.0,Poor,Very Poor,Satisfactory,Poor,Poor,Poor
270.3,112.9,118.1,80.4,226.4,27.9,5.15,42.4,171.0,Severe,Very Poor,Poor,Severe,Severe,Severe
92.1,293.4,179.4,134.9,248.7,6.7,2.19,73.0,146.0,Poor,Very Poor,Poor,Poor,Poor,Poor
443.6,393.2,193.8,140.5,1.9,23.3,2.58,85.3,2.8,Very Poor,Very Poor,Moderate,Very Poor,Very Poor,Very Poor
46.2,148.2,100.2,90.4,21.3,24.6,3.07,93.7,49.7,Moderate,Very Poor,Very Poor,Moderate,Moderate,Moderate
439.8,77.3,81.0,100.4,250.0,34.0,2.89,54.4,101.3,Moderate,Very Poor,Moderate,Moderate,Moderate,Moderate
324.3,355.3,76.4,149.8,227.5,37.8,6.18,4.2,141.8,Severe,Very Poor,Severe,Severe,Severe,Severe
135.7,257.6,161.0,25.6,163.6,28.0,3.54,68.5,197.7,Very Poor,Very Poor,Poor,Very Poor,Very Poor,Very Poor
185.9,213.2,60.8,38.5,78.2,15.9,0.95,30.1,31.8,Very Poor,Very Poor,Satisfactory,Very Poor,Very Poor,Very Poor
481.5,89.8,74.7,109.4,172.5,39.5,4.36,45.7,51.1,Moderate,Very Poor,Moderate,Moderate,Moderate,Moderate
129.6,478.7,183.8,118.3,17.2,14.5,8.01,11.1,38.4,Severe,Very Poor,Very Poor,Severe,Severe,Severe
295.2,234.0,21.9,75.8,147.2,18.9,2.65,27.9,182.8,Severe,Very Poor,Poor,Severe,Severe,Severe
235.5,123.8,196.8,96.9,7.4,42.0,0.74,48.1,134.3,Very Poor,Very Poor,Poor,Very Poor,Very Poor,Very Poor
110.2,123.1,188.0,18.1,233.0,2.3,7.8,3.1,40.6,Poor,Very Poor,Moderate,Poor,Poor,Poor
456.0,161.9,158.2,3.3,122.8,47.1,8.37,26.9,111.6,Moderate,Very Poor,Moderate,Moderate,Moderate,Moderate
195.1,568.8,103.1,119.5,239.9,34.5,6.27,59.8,139.0,Very Poor,Very Poor,Severe,Very Poor,Very Poor,Very Poor
180.1,155.1,64.3,118.9,86.3,49.3,6.34,97.7,184.2,Very Poor,Very Poor,Poor,Very Poor,Very Poor,Very Poor
92.7,93.4,99.3,125.4,45.3,25.1,2.86,74.2,186.1,Poor,Very Poor,Poor,Poor,Poor,Poor
424.9,348.8,173.0,129.4,141.8,30.3,4.3,95.4,40.2,Poor,Very Poor,Moderate,Poor,Poor,Poor
6.8,559.1,105.4,141.9,197.0,39.9,2.77,12.7,23.6,Moderate,Very Poor,Very Poor,Moderate,Moderate,Moderate
174.7,398.9,189.1,32.2,47.7,7.3,3.76,82.6,89.7,Very Poor,Very Poor,Very Poor,Very Poor,Very Poor,Very Poor
30.8,155.5,13.0,0.7,26.5,30.3,8.68,94.8,42.7,Moderate,Very Poor,Very Poor,Moderate,Moderate,Moderate
434.3,422.6,113.8,117.9,76.4,27.8,1.07,17.8,123.4,Very Poor,Very Poor,Severe,Very Poor,Very Poor,Very Poor
462.3,111.8,83.3,71.1,62.5,33.3,6.51,66.6,59.7,Moderate,Very Poor,Moderate,Moderate,Moderate,Moderate
425.6,290.7,166.2,78.8,172.1,37.1,4.36,48.9,100.1,Poor,Very Poor,Severe,Poor,Poor,Poor
97.3,484.8,154.2,137.5,130.7,0.2,2.01,22.6,152.3,Severe,Very Poor,Poor,Poor,Severe,Severe
398.6,248.0,58.7,69.5,132.5,14.7,2.68,15.2,92.1,Moderate,Very Poor,Moderate,Moderate,Moderate,Moderate
261.4,600.0,18.3,113.0,237.7,11.0,3.51,69.6,4.6,Severe,Very Poor,Severe,Severe,Severe,Severe
172.2,550.6,0.8,113.5,102.7,43.8,4.38,41.4,40.5,Very Poor,Very Poor,Severe,Very Poor,Very Poor,Very Poor
99.5,418.1,53.7,102.7,193.1,24.5,2.72,88.1,112.9,Very Poor,Very Poor,Very Poor,Very Poor,Very Poor,Very Poor
220.5,311.9,84.2,91.1,170.9,8.5,9.55,99.4,34.8,Very Poor,Very Poor,Moderate,Very Poor,Very Poor,Very Poor
328.3,462.3,75.8,76.5,2.5,14.4,5.18,17.8,124.7,Severe,Very Poor,Severe,Severe,Severe,Severe
304.8,41.6,73.4,7.5,76.7,19.9,2.94,76.7,174.4,Severe,Very Poor,Poor,Severe,Severe,Severe
187.8,467.9,37.6,40.8,171.4,34.6,9.8,21.3,0.1,Severe,Very Poor,Severe,Severe,Severe,Very Poor
385.5,188.1,88.9,55.6,200.8,1.0,4.87,14.8,30.8,Moderate,Very Poor,Moderate,Moderate,Moderate,Moderate
357.7,147.9,95.5,100.6,38.6,19.6,0.63,40.3,168.2,Moderate,Very Poor,Poor,Moderate,Moderate,Moderate
435.9,374.9,83.7,79.3,78.8,23.1,5.62,33.3,101.9,Very Poor,Very Poor,Severe,Very Poor,Very Poor,Very Poor
416.0,63.3,73.7,16.1,104.5,17.8,3.97,9.6,184.4,Poor,Very Poor,Poor,Poor,Poor,Poor
253.5,219.2,97.2,39.3,223.5,40.1,3.53,16.8,122.6,Severe,Very Poor,Poor,Severe,Severe,Severe
271.5,76.0,139.5,140.4,229.4,48.4,7.94,25.7,86.3,Severe,Very Poor,Moderate,Severe,Severe,Severe
67.3,574.2,157.5,139.7,53.8,8.0,7.1,46.6,66.2,Moderate,Very Poor,Very Poor,Moderate,Moderate,Moderate
75.5,533.3,101.8,135.0,67.3,19.2,3.01,0.4,26.1,Moderate,Very Poor,Very Poor,Moderate,Moderate,Moderate
398.0,454.2,198.2,54.0,160.9,10.1,5.94,89.6,191.3,Severe,Very Poor,Severe,Severe,Severe,Severe
6.0,121.4,199.3,80.5,20.6,42.5,2.6,76.7,26.2,Moderate,Very Poor,Very Poor,Moderate,Moderate,Moderate
57.2,599.4,47.5,139.0,111.4,36.4,1.32,88.7,159.6,Moderate,Very Poor,Very Poor,Moderate,Moderate,Very Poor
437.8,293.9,76.3,47.2,161.6,25.7,2.92,41.0,19.5,Poor,Very Poor,Satisfactory,Poor,Poor,Poor
246.4,21.5,121.8,122.3,182.4,19.0,4.14,5.4,180.0,Very Poor,Very Poor,Poor,Very Poor,Very Poor,Very Poor
188.4,329.8,6.2,126.8,195.0,28.6,5.55,43.8,172.0,Very Poor,Very Poor,Poor,Very Poor,Very Poor,Very Poor
295.7,153.0,14.8,83.1,134.9,1.3,9.98,8.3,16.8,Severe,Very Poor,Moderate,Severe,Severe,Severe
349.4,129.2,111.8,99.5,173.4,32.1,4.19,6.5,79.7,Severe,Very Poor,Moderate,Severe,Severe,Moderate
157.7,384.4,173.2,105.2,138.6,17.7,7.66,20.7,24.6,Very Poor,Very Poor,Very Poor,Very Poor,Very Poor,Very Poor
95.8,184.5,132.9,89.4,36.7,5.8,7.15,21.0,80.7,Poor,Very Poor,Very Poor,Poor,Poor,Poor
118.1,431.1,100.5,139.7,69.1,22.0,6.8,19.5,111.4,Severe,Very Poor,Very Poor,Severe,Severe,Severe
91.6,222.3,73.4,69.3,79.7,26.1,2.67,42.7,69.5,Poor,Very Poor,Very Poor,Poor,Poor,Poor
392.7,47.2,120.5,64.9,87.4,41.0,1.63,96.8,77.3,Moderate,Very Poor,Moderate,Moderate,Moderate,Moderate
394.2,225.4,176.8,28.5,198.7,30.6,0.35,92.2,172.4,Poor,Very Poor,Satisfactory,Moderate,Poor,Poor
268.2,586.4,153.9,55.2,139.1,18.5,3.64,43.7,122.6,Severe,Very Poor,Severe,Severe,Severe,Severe
191.4,31.0,180.4,91.8,26.4,39.3,0.15,57.1,175.2,Very Poor,Very Poor,Poor,Very Poor,Very Poor,Very Poor
130.2,573.3,84.0,63.1,138.9,0.8,7.29,92.2,170.6,Very Poor,Very Poor,Severe,Very Poor,Very Poor,Very Poor
256.5,80.1,156.5,119.7,72.4,47.1,5.18,78.9,81.3,Severe,Very Poor,Moderate,Severe,Severe,Severe
373.4,458.5,54.6,148.4,147.3,25.0,1.41,73.0,64.5,Severe,Very Poor,Severe,Severe,Severe,Severe
122.5,298.9,7.8,25.5,61.7,38.2,3.13,48.5,60.8,Very Poor,Very Poor,Very Poor,Very Poor,Very Poor,Very Poor
42.1,596.7,76.9,8.9,42.2,4.5,1.2,62.8,83.5,Satisfactory,Very Poor,Satisfactory,Satisfactory,Satisfactory,Very Poor
357.7,468.5,171.9,83.2,151.8,17.0,6.97,9.0,105.1,Severe,Very Poor,Severe,Severe,Severe,Severe
145.0,564.4,105.4,115.8,49.6,22.3,8.93,40.6,54.8,Very Poor,Very Poor,Severe,Very Poor,Very Poor,Very Poor
233.3,249.0,127.9,88.8,184.3,14.4,2.24,12.0,82.0,Very Poor,Very Poor,Moderate,Very Poor,Very Poor,Very Poor
88.6,350.0,3.0,63.8,227.3,22.9,7.86,81.1,35.8,Poor,Very Poor,Very Poor,Very Poor,Poor,Poor
457.4,590.3,172.9,111.8,240.7,23.5,7.42,72.1,65.1,Moderate,Very Poor,Severe,Moderate,Moderate,Moderate
322.9,586.9,23.2,128.1,28.2,12.3,8.1,60.9,181.8,Severe,Very Poor,Severe,Severe,Severe,Severe
19.7,564.3,80.4,108.6,106.3,10.4,8.42,4.1,56.6,Moderate,Very Poor,Very Poor,Moderate,Moderate,Moderate
156.6,80.2,72.2,137.2,211.2,47.1,1.03,52.9,116.2,Very Poor,Very Poor,Poor,Very Poor,Very Poor,Very Poor
307.6,406.2,79.5,30.2,228.9,48.4,9.3,29.8,198.4,Severe,Very Poor,Poor,Severe,Severe,Severe
77.1,514.7,131.6,146.2,14.3,2.3,0.63,18.4,67.9,Moderate,Very Poor,Very Poor,Moderate,Moderate,Moderate
328.4,234.1,30.8,55.5,201.7,25.0,9.06,23.0,172.7,Severe,Very Poor,Poor,Severe,Severe,Severe
452.8,339.1,35.8,101.2,57.2,2.3,2.63,39.0,57.3,Poor,Very Poor,Severe,Poor,Poor,Poor
487.2,69.2,45.3,124.2,101.4,25.7,8.54,5.7,157.1,Moderate,Very Poor,Moderate,Moderate,Moderate,Moderate
485.4,595.8,194.2,38.0,168.4,46.6,2.62,35.4,0.1,Moderate,Very Poor,Satisfactory,Moderate,Moderate,Very Poor
341.5,588.2,47.7,100.0,28.3,37.1,5.71,25.8,75.1,Severe,Very Poor,Severe,Severe,Severe,Severe
130.1,342.7,130.1,104.8,175.3,48.0,6.11,0.3,92.5,Very Poor,Very Poor,Very Poor,Very Poor,Very Poor,Very Poor
103.3,546.0,43.1,39.6,206.6,12.8,5.73,34.3,154.6,Poor,Very Poor,Very Poor,Poor,Poor,Poor
330.6,7.1,120.5,96.5,14.5,41.9,8.86,50.9,63.3,Severe,Very Poor,Moderate,Severe,Severe,Severe
179.1,284.6,194.2,116.6,38.8,14.7,9.15,38.5,90.9,Very Poor,Very Poor,Very Poor,Very Poor,Very Poor,Very Poor
345.5,176.5,187.5,50.8,118.8,49.6,2.53,10.3,145.2,Severe,Very Poor,Poor,Severe,Severe,Severe
245.7,175.0,27.2,7.1,122.0,45.1,8.63,84.4,144.4,Very Poor,Very Poor,Poor,Very Poor,Very Poor,Very Poor
340.3,457.5,116.0,148.7,159.7,9.2,6.18,60.6,59.5,Severe,Very Poor,Severe,Severe,Severe,Severe
378.0,421.6,118.8,123.0,124.9,8.9,8.38,50.2,96.5,Very Poor,Very Poor,Severe,Very Poor,Very Poor,Very Poor
37.8,195.0,28.5,119.9,24.2,48.8,3.09,55.8,99.0,Moderate,Very Poor,Very Poor,Moderate,Moderate,Moderate
74.6,468.3,0.1,21.0,204.6,3.0,6.37,29.1,114.9,Severe,Very Poor,Very Poor,Severe,Severe,Severe
388.0,364.0,60.3,90.1,7.9,42.2,0.73,93.1,136.0,Very Poor,Very Poor,Severe,Very Poor,Very Poor,Severe
457.4,546.5,81.8,1.5,65.5,50.0,4.34,17.1,199.0,Poor,Very Poor,Severe,Poor,Poor,Poor
272.9,203.8,117.5,78.3,150.2,43.9,7.06,21.5,166.8,Severe,Very Poor,Poor,Severe,Severe,Severe
403.8,423.9,106.4,41.3,106.2,23.0,8.67,68.2,135.0,Very Poor,Very Poor,Severe,Very Poor,Very Poor,Very Poor
434.6,442.9,81.4,130.8,191.7,18.4,4.29,67.1,69.2,Severe,Very Poor,Severe,Severe,Severe,Severe
404.2,464.1,87.3,19.2,7.7,41.5,2.44,92.1,186.3,Severe,Very Poor,Severe,Severe,Severe,Severe
403.4,352.5,129.2,121.7,112.9,11.9,5.58,1.5,105.1,Very Poor,Very Poor,Severe,Very Poor,Very Poor,Very Poor
91.5,542.1,110.7,11.3,101.4,9.2,6.89,80.4,26.7,Poor,Very Poor,Very Poor,Poor,Poor,Very Poor
33.9,57.3,170.4,144.3,196.9,28.1,6.33,16.3,198.5,Poor,Very Poor,Poor,Poor,Poor,Poor
288.7,414.1,51.0,6.3,42.6,49.8,4.32,76.2,82.0,Severe,Very Poor,Severe,Severe,Severe,Severe
17.0,181.0,121.0,56.2,33.1,28.4,6.72,49.5,57.7,Moderate,Very Poor,Very Poor,Moderate,Moderate,Moderate
356.7,350.7,139.1,107.7,170.9,13.4,9.19,1.3,1.9,Moderate,Very Poor,Moderate,Very Poor,Very Poor,Very Poor
465.8,185.2,172.6,75.5,71.7,2.2,6.13,49.3,127.4,Moderate,Very Poor,Moderate,Moderate,Moderate,Moderate
87.8,376.8,130.1,0.1,173.4,18.9,6.73,66.6,190.2,Very Poor,Very Poor,Poor,Very Poor,Very Poor,Very Poor
175.8,556.5,97.7,77.1,19.7,0.9,0.9,40.4,184.8,Very Poor,Very Poor,Poor,Very Poor,Very Poor,Very Poor
353.4,244.8,24.0,141.4,47.2,30.2,6.84,82.1,137.9,Moderate,Very Poor,Poor,Moderate,Moderate,Moderate
285.8,150.8,1.4,142.5,31.9,3.7,7.31,65.5,198.9,Severe,Very Poor,Poor,Severe,Severe,Severe
53.1,286.2,106.3,72.2,226.3,29.1,6.37,77.1,167.6,Poor,Very Poor,Poor,Poor,Poor,Poor
459.9,193.7,141.3,112.7,124.9,38.0,8.07,18.9,121.0,Moderate,Very Poor,Moderate,Moderate,Moderate,Moderate
5.5,424.5,49.3,81.1,225.6,24.1,4.12,40.6,9.3,Very Poor,Very Poor,Very Poor,Very Poor,Very Poor,Very Poor
435.5,477.0,138.2,33.3,51.9,6.2,7.02,27.9,125.9,Severe,Very Poor,Severe,Severe,Severe,Severe
178.4,436.1,167.2,129.4,168.1,6.5,6.06,0.6,50.2,Severe,Very Poor,Very Poor,Severe,Severe,Severe
180.0,326.1,168.8,36.1,180.5,7.1,6.82,92.7,111.5,Very Poor,Very Poor,Very Poor,Very Poor,Very Poor,Very Poor
15.2,125.4,133.2,28.2,177.8,45.7,3.46,0.7,57.9,Moderate,Very Poor,Very Poor,Moderate,Moderate,Moderate
459.5,98.6,21.9,102.5,11.0,47.1,9.64,62.8,175.6,Poor,Very Poor,Poor,Poor,Poor,Poor
219.0,19.6,154.9,14.4,47.0,5.4,5.23,77.3,58.6,Very Poor,Very Poor,Moderate,Very Poor,Very Poor,Poor
447.9,262.1,45.9,14.3,11.1,29.2,2.94,17.1,65.1,Poor,Very Poor,Satisfactory,Poor,Poor,Moderate
226.8,327.8,1.9,98.6,8.5,41.1,9.34,92.3,36.1,Very Poor,Very Poor,Moderate,Very Poor,Very Poor,Very Poor
197.1,242.8,176.8,78.2,148.2,16.9,8.23,58.2,121.6,Very Poor,Very Poor,Poor,Very Poor,Very Poor,Very Poor
18.8,134.2,48.4,101.6,7.9,1.6,4.14,77.0,72.6,Moderate,Very Poor,Very Poor,Moderate,Moderate,Moderate
26.5,60.3,166.8,28.1,86.6,14.3,2.19,52.9,68.9,Moderate,Very Poor,Very Poor,Moderate,Moderate,Moderate
227.9,123.9,139.5,124.2,183.4,5.8,9.71,28.3,39.0,Very Poor,Very Poor,Moderate,Very Poor,Very Poor,Very Poor
221.0,395.5,134.2,16.8,201.0,31.4,7.42,34.5,70.8,Very Poor,Very Poor,Very Poor,Very Poor,Very Poor,Very Poor
388.5,276.9,34.5,47.0,214.1,15.5,4.56,77.1,198.5,Poor,Very Poor,Poor,Poor,Poor,Poor
285.6,493.7,152.7,32.0,58.6,16.8,5.27,67.9,144.3,Severe,Very Poor,Severe,Severe,Severe,Severe
235.7,65.1,44.2,79.7,172.8,33.1,7.42,18.5,40.6,Very Poor,Very Poor,Moderate,Very Poor,Very Poor,Very Poor
395.3,574.1,31.6,27.5,105.8,1.3,8.97,59.7,142.3,Moderate,Very Poor,Severe,Moderate,Moderate,Moderate
405.1,411.4,112.7,105.3,23.8,47.1,3.01,50.0,103.7,Very Poor,Very Poor,Severe,Very Poor,Very Poor,Very Poor
206.1,338.7,176.8,47.1,56.3,41.4,3.78,70.2,108.6,Very Poor,Very Poor,Very Poor,Very Poor,Very Poor,Very Poor
413.2,13.7,63.7,114.6,9.4,36.3,7.69,55.4,177.2,Poor,Very Poor,Poor,Poor,Poor,Poor
469.2,378.4,35.6,64.5,67.4,17.2,8.4,49.7,61.8,Very Poor,Very Poor,Severe,Very Poor,Very Poor,Very Poor
37.7,216.8,75.7,37.6,19.0,24.7,2.39,93.1,184.3,Poor,Very Poor,Poor,Poor,Poor,Poor
416.3,242.5,101.1,57.6,217.0,15.1,5.28,0.1,65.2,Moderate,Very Poor,Moderate,Moderate,Moderate,Moderate
353.8,314.9,130.5,90.4,57.4,26.7,1.87,6.3,28.3,Poor,Very Poor,Satisfactory,Poor,Poor,Poor
140.2,440.7,79.7,45.7,161.0,47.6,4.49,74.6,119.8,Severe,Very Poor,Very Poor,Severe,Severe,Severe
265.1,454.2,60.9,53.6,232.4,27.6,8.92,63.2,191.2,Severe,Very Poor,Poor,Severe,Severe,Severe
406.9,492.7,135.8,71.6,121.8,11.6,0.27,95.5,42.0,Severe,Very Poor,Satisfactory,Satisfactory,Severe,Severe
257.5,508.2,172.6,42.9,227.5,33.8,7.21,56.4,148.5,Severe,Very Poor,Severe,Severe,Severe,Severe
117.9,540.0,154.3,140.3,79.9,40.5,3.15,59.9,79.1,Poor,Very Poor,Very Poor,Poor,Poor,Poor
5.6,433.2,132.6,113.3,18.3,0.2,7.21,47.9,135.1,Severe,Very Poor,Very Poor,Severe,Severe,Severe
194.9,553.6,162.7,58.0,24.3,23.7,3.74,78.8,151.6,Very Poor,Very Poor,Severe,Very Poor,Very Poor,Very Poor
245.3,291.4,80.4,126.5,180.9,16.1,6.17,43.7,23.8,Very Poor,Very Poor,Moderate,Very Poor,Very Poor,Very Poor
23.3,18.5,163.0,83.6,203.1,33.1,7.56,24.6,123.9,Moderate,Very Poor,Poor,Moderate,Moderate,Moderate
11.4,261.5,120.0,70.2,2.9,23.6,7.79,21.0,104.0,Poor,Very Poor,Very Poor,Poor,Poor,Poor
86.4,248.3,189.2,101.3,166.0,44.7,8.97,56.7,43.0,Moderate,Very Poor,Very Poor,Moderate,Moderate,Moderate
493.3,227.1,45.3,139.0,156.8,37.0,7.1,99.6,61.4,Moderate,Very Poor,Moderate,Moderate,Moderate,Moderate
478.2,270.8,117.0,61.9,143.0,3.9,1.89,40.6,105.3,Poor,Very Poor,Satisfactory,Poor,Poor,Poor
383.5,299.3,29.4,36.5,99.9,43.2,2.47,43.4,45.0,Poor,Very Poor,Satisfactory,Poor,Poor,Poor
215.8,149.4,164.5,138.4,146.3,49.5,0.08,56.2,154.9,Very Poor,Very Poor,Poor,Very Poor,Very Poor,Very Poor
393.3,517.8,155.4,25.8,186.1,26.2,5.29,2.2,146.0,Moderate,Very Poor,Severe,Moderate,Moderate,Moderate
306.3,133.6,59.8,86.1,141.1,36.7,3.99,12.4,101.3,Severe,Very Poor,Moderate,Severe,Severe,Severe
459.6,596.6,14.6,126.5,170.3,49.9,5.4,14.5,43.8,Moderate,Very Poor,Severe,Moderate,Moderate,Moderate
432.0,111.9,168.2,24.3,52.7,33.8,9.67,84.9,147.8,Moderate,Very Poor,Moderate,Moderate,Moderate,Moderate
400.5,9.5,71.3,116.1,103.4,15.6,6.66,96.4,32.6,Moderate,Very Poor,Moderate,Moderate,Moderate,Moderate
217.0,150.5,38.3,94.6,66.1,5.2,3.37,49.2,112.6,Very Poor,Very Poor,Poor,Very Poor,Very Poor,Very Poor
101.0,265.7,32.7,144.2,81.7,6.3,8.21,39.4,173.0,Poor,Very Poor,Poor,Poor,Poor,Poor
427.5,315.4,54.9,90.4,164.8,3.1,5.26,59.9,120.6,Poor,Very Poor,Severe,Poor,Poor,Poor
298.3,225.6,102.9,113.2,85.4,31.8,1.73,25.4,1.4,Severe,Very Poor,Moderate,Severe,Severe,Severe
204.4,440.4,89.6,90.7,19.5,19.6,8.86,60.9,91.2,Severe,Very Poor,Severe,Severe,Severe,Severe
499.5,454.3,102.1,127.4,11.4,19.3,3.63,97.1,156.2,Severe,Very Poor,Severe,Severe,Severe,Severe
400.7,113.4,94.5,134.9,115.4,3.0,6.47,84.9,8.8,Moderate,Very Poor,Moderate,Moderate,Moderate,Moderate
472.2,143.3,76.3,63.2,147.0,47.1,8.6,54.9,20.5,Moderate,Very Poor,Moderate,Moderate,Moderate,Moderate
17.2,409.8,25.7,125.9,33.2,32.0,6.43,67.7,102.3,Very Poor,Very Poor,Very Poor,Very Poor,Very Poor,Very Poor
111.6,221.1,193.5,47.9,203.4,34.3,2.03,92.9,185.4,Poor,Very Poor,Poor,Poor,Poor,Poor
474.1,123.6,65.7,106.4,43.4,17.2,1.06,64.1,137.2,Moderate,Very Poor,Moderate,Moderate,Moderate,Moderate
275.7,150.7,184.9,48.1,195.4,32.4,7.5,85.4,150.0,Severe,Very Poor,Poor,Severe,Severe,Severe
110.9,402.7,195.1,139.0,229.5,9.3,1.53,16.6,69.6,Very Poor,Very Poor,Very Poor,Poor,Very Poor,Very Poor
297.5,26.6,95.6,133.1,19.1,29.3,9.54,9.7,147.6,Severe,Very Poor,Moderate,Severe,Severe,Severe
182.8,111.6,131.8,94.9,123.1,18.3,4.62,24.8,41.2,Very Poor,Very Poor,Moderate,Very Poor,Very Poor,Very Poor
78.2,88.7,172.4,28.9,128.8,3.3,7.53,64.1,199.1,Poor,Very Poor,Poor,Poor,Poor,Poor
260.6,155.9,17.5,137.6,148.7,26.2,6.09,1.4,49.1,Severe,Very Poor,Moderate,Severe,Severe,Severe
249.5,148.3,51.9,58.2,47.6,44.9,3.33,65.1,127.8,Very Poor,Very Poor,Poor,Very Poor,Very Poor,Very Poor
241.2,470.7,110.4,148.6,119.5,15.2,4.96,13.6,125.5,Severe,Very Poor,Severe,Severe,Severe,Severe
319.5,160.4,87.0,15.4,225.5,42.7,5.96,39.3,9.5,Severe,Very Poor,Moderate,Severe,Severe,Severe
393.6,488.7,33.2,99.9,197.8,9.9,6.91,32.4,143.8,Severe,Very Poor,Severe,Severe,Severe,Severe
463.3,3.0,71.7,132.1,161.8,34.2,1.65,7.0,188.3,Poor,Very Poor,Poor,Poor,Poor,Poor
406.3,219.0,117.0,41.0,187.2,32.2,7.62,17.3,124.6,Moderate,Very Poor,Moderate,Moderate,Moderate,Moderate
327.5,62.5,124.8,67.7,54.1,33.3,6.51,21.8,6.9,Severe,Very Poor,Moderate,Severe,Severe,Severe
142.4,237.3,133.1,105.4,169.8,16.9,7.66,84.8,190.9,Very Poor,Very Poor,Poor,Very Poor,Very Poor,Very Poor
262.4,277.7,21.7,28.6,69.2,2.6,4.75,63.5,77.8,Severe,Very Poor,Moderate,Severe,Severe,Severe
375.7,269.7,4.4,67.7,25.3,41.3,8.65,8.6,73.7,Poor,Very Poor,Moderate,Poor,Poor,Poor
39.1,25.1,44.4,1.9,186.0,0.2,5.93,97.4,196.4,Poor,Very Poor,Poor,Poor,Poor,Poor
305.8,471.2,15.0,28.9,43.8,46.8,2.17,52.3,115.7,Severe,Very Poor,Severe,Severe,Severe,Severe
108.6,408.3,155.0,34.2,177.7,40.9,1.58,75.1,120.7,Very Poor,Very Poor,Very Poor,Very Poor,Very Poor,Very Poor
162.1,221.8,37.5,86.4,192.7,40.5,0.23,56.6,55.4,Very Poor,Very Poor,Satisfactory,Very Poor,Very Poor,Very Poor
181.3,493.6,141.6,102.8,88.0,19.1,2.23,43.9,24.1,Severe,Very Poor,Severe,Severe,Severe,Severe
53.4,119.3,2.0,47.8,131.2,25.9,1.66,38.8,110.9,Moderate,Very Poor,Very Poor,Moderate,Moderate,Moderate
367.0,568.8,13.2,28.7,75.3,24.5,1.87,27.2,27.4,Satisfactory,Very Poor,Satisfactory,Satisfactory,Satisfactory,Satisfactory
430.0,400.3,150.4,39.7,168.0,0.5,4.79,45.2,81.9,Very Poor,Very Poor,Severe,Very Poor,Very Poor,Very Poor
302.7,315.7,177.9,114.4,244.2,41.8,9.8,2.8,129.0,Severe,Very Poor,Poor,Severe,Severe,Severe
142.0,220.0,23.0,23.5,20.2,3.4,3.83,34.7,94.1,Very Poor,Very Poor,Very Poor,Very Poor,Very Poor,Severe
483.4,102.9,100.9,129.2,62.9,34.5,4.21,38.4,87.9,Moderate,Very Poor,Moderate,Moderate,Moderate,Moderate
133.4,450.0,74.1,27.9,119.4,25.9,3.35,73.0,109.0,Severe,Very Poor,Very Poor,Severe,Severe,Severe
388.7,493.1,129.1,110.1,21.2,49.4,1.89,9.2,120.3,Severe,Very Poor,Severe,Very Poor,Severe,Severe
227.4,470.6,105.2,17.3,118.5,2.5,0.93,98.8,165.0,Severe,Very Poor,Poor,Severe,Severe,Very Poor
363.1,96.1,177.4,54.2,78.5,10.7,2.27,32.8,151.4,Moderate,Very Poor,Poor,Moderate,Moderate,Moderate
445.0,117.3,120.5,136.2,230.4,26.6,6.9,0.7,6.6,Moderate,Very Poor,Moderate,Moderate,Moderate,Moderate
189.6,80.9,4.2,85.6,158.4,36.4,4.18,24.0,144.7,Very Poor,Very Poor,Poor,Very Poor,Very Poor,Very Poor
348.4,325.9,179.2,84.3,164.9,15.3,1.36,19.3,176.8,Severe,Very Poor,Poor,Severe,Severe,Severe
424.7,125.4,42.4,8.6,197.9,38.7,8.37,7.0,5.2,Moderate,Very Poor,Moderate,Moderate,Moderate,Severe
350.2,540.3,178.7,129.7,34.6,12.3,5.19,19.5,113.7,Moderate,Very Poor,Severe,Moderate,Moderate,Moderate
179.5,291.0,48.5,45.9,156.8,11.0,3.88,56.5,127.6,Very Poor,Very Poor,Poor,Very Poor,Very Poor,Very Poor
206.7,85.5,118.9,113.3,237.6,15.3,7.26,64.8,23.6,Very Poor,Very Poor,Moderate,Very Poor,Very Poor,Very Poor
384.8,336.1,153.1,8.9,142.6,36.1,7.96,95.1,199.4,Poor,Very Poor,Poor,Poor,Poor,Very Poor
190.3,388.7,135.2,75.4,65.5,22.8,1.79,28.6,34.3,Very Poor,Very Poor,Satisfactory,Very Poor,Very Poor,Very Poor
325.1,511.8,109.1,41.2,48.3,15.0,1.46,29.7,131.7,Severe,Very Poor,Severe,Severe,Severe,Severe
68.6,479.0,165.3,28.4,200.3,14.9,1.08,81.7,166.4,Severe,Very Poor,Poor,Poor,Severe,Severe
278.9,333.1,73.8,49.0,178.0,46.7,6.65,54.1,56.2,Severe,Very Poor,Moderate,Severe,Severe,Severe
75.6,370.3,19.4,43.1,161.1,23.8,9.34,71.4,131.3,Very Poor,Very Poor,Very Poor,Very Poor,Very Poor,Very Poor
448.6,41.0,46.4,134.7,141.6,17.5,4.54,70.1,187.3,Poor,Very Poor,Poor,Poor,Poor,Poor
136.4,118.6,14.1,137.7,246.7,15.7,4.06,36.7,190.1,Very Poor,Very Poor,Poor,Very Poor,Very Poor,Very Poor
365.1,139.9,151.3,71.1,197.5,11.7,5.82,20.1,174.8,Poor,Very Poor,Poor,Poor,Poor,Poor
117.0,279.8,50.0,24.0,72.3,38.9,2.19,99.5,78.1,Poor,Very Poor,Very Poor,Poor,Poor,Poor
374.0,138.3,123.5,108.3,151.8,12.6,9.4,80.5,192.8,Poor,Very Poor,Poor,Poor,Poor,Poor
208.6,442.3,90.0,39.6,156.7,9.7,9.54,2.3,79.0,Severe,Very Poor,Severe,Severe,Severe,Severe
84.4,497.4,2.6,102.9,102.3,22.6,4.08,98.7,150.6,Severe,Very Poor,Very Poor,Severe,Severe,Severe
199.6,307.3,27.4,30.7,188.0,27.1,1.24,99.9,4.0,Very Poor,Very Poor,Satisfactory,Very Poor,Very Poor,Severe
361.7,282.6,2.9,75.9,125.2,48.4,2.53,18.1,153.1,Poor,Very Poor,Poor,Poor,Poor,Poor
247.3,482.4,141.6,142.3,80.4,2.7,8.61,46.3,148.2,Severe,Very Poor,Severe,Severe,Severe,Severe
336.7,442.9,19.6,37.5,144.5,37.8,5.3,55.3,127.2,Severe,Very Poor,Severe,Severe,Severe,Severe
78.7,526.7,192.0,136.5,47.0,29.4,5.39,34.5,90.7,Moderate,Very Poor,Very Poor,Moderate,Moderate,Moderate
255.3,287.8,159.8,115.8,38.8,29.5,6.29,42.9,48.9,Severe,Very Poor,Moderate,Severe,Severe,Severe
211.7,175.3,28.6,0.6,42.0,26.3,7.16,84.8,182.4,Very Poor,Very Poor,Poor,Very Poor,Very Poor,Very Poor
64.9,31.3,166.9,26.7,130.7,10.6,1.66,74.4,94.7,Moderate,Very Poor,Very Poor,Poor,Moderate,Moderate
279.0,448.9,123.1,111.5,186.0,22.4,6.12,7.1,187.5,Severe,Very Poor,Poor,Severe,Severe,Severe
19.6,430.0,9.6,74.9,32.1,23.0,0.92,4.8,95.7,Very Poor,Very Poor,Very Poor,Satisfactory,Very Poor,Poor
11.6,503.8,29.3,11.8,237.8,47.2,8.69,69.6,186.8,Poor,Very Poor,Poor,Poor,Poor,Poor
117.2,560.8,172.4,92.5,122.5,36.3,9.82,19.9,148.1,Poor,Very Poor,Very Poor,Poor,Poor,Poor
80.8,173.6,126.2,55.3,129.0,4.7,3.12,36.3,37.3,Moderate,Very Poor,Very Poor,Moderate,Moderate,Moderate
7.6,530.4,177.5,30.0,31.6,18.1,2.46,10.7,190.6,Poor,Very Poor,Poor,Poor,Poor,Poor
167.0,126.0,57.1,48.3,227.4,28.5,4.53,49.2,140.2,Very Poor,Very Poor,Poor,Very Poor,Very Poor,Very Poor
107.7,13.9,164.3,61.4,190.6,5.0,8.91,93.1,3.6,Poor,Very Poor,Moderate,Poor,Poor,Poor
115.8,514.8,184.9,24.1,26.4,37.3,2.44,79.4,60.5,Poor,Very Poor,Very Poor,Poor,Poor,Poor
48.1,581.0,79.1,140.6,155.0,22.4,5.2,54.4,194.4,Poor,Very Poor,Poor,Poor,Poor,Poor
432.0,164.6,44.0,16.2,24.1,48.5,2.86,24.8,186.4,Poor,Very Poor,Poor,Poor,Poor,Poor
364.1,172.6,99.6,138.2,99.9,35.4,1.54,48.6,173.9,Poor,Very Poor,Poor,Poor,Poor,Poor
35.7,496.0,4.8,121.1,199.8,49.9,8.83,57.8,76.5,Severe,Very Poor,Very Poor,Severe,Severe,Severe
361.4,241.8,156.6,40.4,60.4,36.2,4.76,24.1,80.1,Moderate,Very Poor,Moderate,Moderate,Moderate,Moderate
1.8,10.2,124.1,131.2,97.5,5.0,0.69,50.4,67.7,Moderate,Very Poor,Very Poor,Moderate,Moderate,Moderate
45.6,457.7,60.9,143.2,243.1,4.5,8.88,86.5,64.8,Severe,Very Poor,Very Poor,Severe,Severe,Severe
122.0,536.6,70.0,142.8,202.0,35.3,9.97,39.5,99.3,Very Poor,Very Poor,Very Poor,Very Poor,Very Poor,Very Poor
198.4,401.0,175.3,115.7,89.8,0.5,8.15,65.1,26.4,Very Poor,Very Poor,Moderate,Very Poor,Very Poor,Very Poor
306.2,436.0,58.2,53.4,74.2,48.8,3.87,54.4,51.9,Severe,Very Poor,Severe,Severe,Severe,Severe
113.2,13.0,19.5,112.0,156.6,33.3,9.41,22.3,77.9,Poor,Very Poor,Moderate,Poor,Poor,Poor
90.3,129.7,68.6,108.6,132.3,45.7,7.43,1.9,122.8,Moderate,Very Poor,Very Poor,Moderate,Moderate,Moderate
240.1,573.6,108.9,81.7,195.2,38.7,1.67,2.5,16.7,Very Poor,Very Poor,Satisfactory,Very Poor,Very Poor,Very Poor
408.1,489.0,110.1,41.8,248.4,44.2,0.85,16.4,7.7,Severe,Very Poor,Satisfactory,Satisfactory,Severe,Very Poor
160.5,41.1,1.4,146.5,56.8,34.3,9.25,84.9,44.0,Very Poor,Very Poor,Moderate,Very Poor,Very Poor,Very Poor
34.8,125.2,119.5,121.0,193.2,20.8,8.3,48.6,184.0,Poor,Very Poor,Poor,Poor,Poor,Poor
477.1,323.6,144.7,24.3,139.4,38.1,4.72,42.0,9.9,Poor,Very Poor,Moderate,Poor,Poor,Poor
129.7,417.0,24.9,79.6,20.1,7.5,5.79,32.1,114.8,Very Poor,Very Poor,Very Poor,Very Poor,Very Poor,Very Poor
493.2,412.6,101.1,70.3,221.5,28.6,1.06,99.9,75.2,Very Poor,Very Poor,Satisfactory,Moderate,Very Poor,Very Poor
260.4,195.4,99.8,145.6,135.6,18.9,3.9,87.0,17.2,Severe,Very Poor,Moderate,Severe,Severe,Severe
372.2,70.2,54.9,130.4,117.1,47.3,3.09,98.8,122.0,Moderate,Very Poor,Moderate,Moderate,Moderate,Moderate
155.1,327.1,33.2,46.0,176.9,19.6,0.06,28.4,44.2,Very Poor,Very Poor,Satisfactory,Very Poor,Very Poor,Very Poor
100.1,490.2,103.9,34.1,94.0,49.5,2.14,25.0,146.5,Severe,Very Poor,Poor,Severe,Severe,Severe
416.8,80.3,11.9,61.2,248.6,46.6,2.57,11.0,191.7,Poor,Very Poor,Poor,Poor,Poor,Poor
48.0,470.4,68.5,121.1,71.0,38.4,1.84,20.9,139.7,Severe,Very Poor,Very Poor,Severe,Severe,Severe
233.0,1.3,162.2,110.2,211.5,2.2,6.88,39.3,121.9,Very Poor,Very Poor,Moderate,Very Poor,Very Poor,Moderate
250.6,555.3,73.3,122.4,223.6,32.8,1.7,70.4,119.6,Moderate,Very Poor,Severe,Severe,Severe,Severe
360.7,295.8,15.6,135.6,186.2,13.7,9.16,76.4,62.3,Poor,Very Poor,Moderate,Poor,Poor,Poor
287.7,36.7,1.9,64.0,233.6,40.5,4.41,81.0,162.0,Severe,Very Poor,Poor,Severe,Severe,Severe
136.9,159.9,110.1,94.9,87.0,29.3,7.52,66.3,148.5,Very Poor,Very Poor,Poor,Very Poor,Very Poor,Very Poor
418.0,209.6,161.9,38.5,152.9,2.8,0.12,60.4,177.8,Poor,Very Poor,Satisfactory,Moderate,Poor,Poor
404.7,348.9,44.6,114.0,227.0,31.1,6.26,32.4,158.7,Poor,Very Poor,Severe,Poor,Poor,Poor
14.9,505.0,106.7,119.5,115.4,27.6,3.27,97.9,56.5,Moderate,Very Poor,Very Poor,Moderate,Moderate,Moderate
481.5,101.6,130.1,54.9,124.0,5.2,0.18,94.6,165.5,Moderate,Very Poor,Satisfactory,Moderate,Moderate,Moderate
353.1,550.8,18.2,112.8,229.3,26.5,4.32,25.8,173.6,Poor,Very Poor,Severe,Poor,Poor,Poor
264.8,188.8,186.4,7.4,181.0,2.6,8.61,19.4,171.5,Severe,Very Poor,Poor,Severe,Severe,Severe
104.9,51.1,3.1,101.8,176.5,47.9,6.19,65.0,43.0,Poor,Very Poor,Moderate,Poor,Poor,Poor
175.5,34.6,9.6,83.1,228.9,44.0,3.66,42.1,43.0,Very Poor,Very Poor,Moderate,Very Poor,Very Poor,Very Poor
36.1,4.7,134.2,27.9,102.9,23.4,0.83,51.2,35.2,Satisfactory,Very Poor,Good,Poor,Moderate,Very Poor
334.8,240.2,69.1,127.4,119.8,22.8,3.2,65.9,105.1,Severe,Very Poor,Moderate,Severe,Severe,Severe
65.6,11.8,198.1,23.8,1.9,22.5,2.34,89.4,152.4,Moderate,Very Poor,Poor,Moderate,Moderate,Moderate
415.2,60.9,175.3,1.5,200.8,38.9,7.32,79.4,74.8,Moderate,Very Poor,Moderate,Moderate,Moderate,Moderate
89.4,24.8,9.4,47.2,18.1,30.5,6.64,34.1,96.7,Moderate,Very Poor,Very Poor,Moderate,Moderate,Moderate
79.8,287.3,30.7,142.4,31.6,32.4,0.01,15.7,125.2,Poor,Very Poor,Very Poor,Poor,Poor,Poor
42.8,96.2,77.3,118.3,155.4,45.8,3.6,68.7,111.4,Moderate,Very Poor,Very Poor,Moderate,Moderate,Moderate
58.4,386.7,62.4,71.2,119.7,35.4,8.99,5.9,198.7,Very Poor,Very Poor,Poor,Very Poor,Very Poor,Very Poor
110.1,423.7,163.4,129.3,39.2,30.2,6.59,93.1,11.3,Very Poor,Very Poor,Very Poor,Very Poor,Very Poor,Very Poor
403.7,28.2,112.0,10.0,47.6,45.5,7.12,90.8,105.1,Moderate,Very Poor,Moderate,Moderate,Moderate,Poor
305.4,337.9,16.9,56.4,55.9,13.9,5.57,32.8,72.3,Severe,Very Poor,Severe,Severe,Severe,Severe
468.5,6.5,63.8,106.4,164.2,42.9,3.6,71.8,100.7,Moderate,Very Poor,Moderate,Moderate,Moderate,Moderate
418.0,253.7,110.2,1.3,83.2,44.8,5.64,30.2,119.1,Poor,Very Poor,Severe,Poor,Poor,Poor
21.3,294.9,134.7,140.4,121.3,31.3,2.12,95.8,20.8,Poor,Very Poor,Very Poor,Poor,Poor,Poor
114.4,79.4,27.0,22.2,135.7,14.1,7.43,43.0,4.4,Poor,Very Poor,Moderate,Poor,Poor,Very Poor
314.2,20.3,180.5,130.5,74.3,2.9,8.25,62.3,156.3,Severe,Very Poor,Poor,Severe,Severe,Severe
444.5,312.5,175.0,30.3,81.6,10.1,6.26,51.5,123.7,Poor,Very Poor,Severe,Poor,Poor,Poor
171.4,440.5,187.1,136.0,112.3,39.8,5.18,63.7,37.6,Severe,Very Poor,Very Poor,Severe,Severe,Severe
449.0,530.8,160.7,146.6,129.5,3.0,8.44,18.6,142.6,Moderate,Very Poor,Severe,Moderate,Moderate,Moderate
15.1,311.2,155.8,14.6,124.5,18.2,9.91,69.5,155.4,Poor,Very Poor,Poor,Poor,Poor,Poor
168.6,71.3,90.6,5.9,22.9,46.3,7.88,2.2,199.5,Very Poor,Very Poor,Poor,Very Poor,Very Poor,Very Poor
171.4,283.5,39.0,10.6,74.4,20.1,8.0,46.9,147.9,Very Poor,Very Poor,Poor,Very Poor,Very Poor,Very Poor
130.3,192.6,133.2,99.8,144.0,43.3,4.88,13.6,14.5,Very Poor,Very Poor,Moderate,Very Poor,Very Poor,Very Poor
364.0,405.4,35.9,141.6,204.8,40.0,3.83,77.1,73.5,Very Poor,Very Poor,Severe,Very Poor,Very Poor,Very Poor
31.9,565.1,37.2,2.7,239.9,29.4,5.85,17.0,19.5,Moderate,Very Poor,Very Poor,Moderate,Moderate,Moderate
444.3,596.3,150.4,66.9,193.6,16.0,9.59,18.6,20.3,Moderate,Very Poor,Severe,Moderate,Moderate,Moderate
99.1,595.6,99.5,111.6,222.4,32.8,1.46,54.3,116.6,Poor,Very Poor,Very Poor,Poor,Poor,Poor
23.5,304.7,40.4,147.2,30.4,26.6,2.7,3.9,99.4,Poor,Very Poor,Very Poor,Poor,Poor,Poor
90.6,476.4,157.4,21.7,72.0,9.3,4.95,71.1,191.3,Severe,Very Poor,Poor,Severe,Severe,Very Poor
494.9,68.2,166.4,116.9,224.2,17.9,6.25,44.1,98.5,Moderate,Very Poor,Moderate,Moderate,Moderate,Moderate
188.4,261.7,182.4,136.9,169.8,2.2,3.05,44.6,138.3,Very Poor,Very Poor,Poor,Very Poor,Very Poor,Very Poor
465.8,13.6,112.5,144.4,244.5,10.0,0.26,54.8,159.4,Moderate,Very Poor,Poor,Moderate,Moderate,Moderate
347.0,29.2,136.1,128.8,226.5,42.5,4.24,3.9,93.8,Severe,Very Poor,Moderate,Severe,Severe,Severe
486.6,2.3,7.2,130.8,213.7,4.5,6.25,13.9,107.3,Moderate,Very Poor,Moderate,Moderate,Moderate,Severe
462.4,438.2,49.2,63.4,58.6,35.2,5.4,17.9,91.0,Severe,Very Poor,Severe,Severe,Severe,Severe
94.9,139.2,157.0,31.6,221.2,2.4,2.81,16.2,101.0,Poor,Very Poor,Very Poor,Poor,Poor,Poor
204.8,277.9,177.7,108.1,198.4,25.3,6.91,14.4,13.4,Very Poor,Very Poor,Moderate,Very Poor,Very Poor,Very Poor
333.9,375.0,17.0,44.1,243.2,29.1,8.27,18.2,76.0,Severe,Very Poor,Severe,Severe,Severe,Severe
295.5,322.7,134.8,10.1,178.8,41.6,7.4,71.5,46.5,Severe,Very Poor,Moderate,Severe,Severe,Severe
198.4,109.2,140.7,57.9,105.8,20.9,1.84,6.5,118.5,Very Poor,Very Poor,Poor,Very Poor,Very Poor,Very Poor
470.0,500.9,181.1,81.6,172.0,7.6,1.23,74.6,73.5,Moderate,Very Poor,Satisfactory,Moderate,Moderate,Very Poor
322.8,88.2,161.5,90.7,162.3,9.1,5.55,44.8,44.4,Severe,Very Poor,Moderate,Severe,Severe,Severe
334.8,291.9,194.3,67.2,94.3,18.1,4.51,40.4,97.6,Severe,Very Poor,Severe,Severe,Severe,Severe
334.0,90.1,33.3,144.8,25.5,3.5,6.7,25.8,131.7,Severe,Very Poor,Moderate,Severe,Severe,Severe
40.2,365.3,96.8,140.1,235.8,26.1,4.8,48.7,174.7,Very Poor,Very Poor,Poor,Very Poor,Very Poor,Very Poor
262.1,121.4,142.5,29.5,91.4,15.7,3.67,95.9,122.3,Severe,Very Poor,Poor,Severe,Severe,Severe
399.1,370.8,123.4,111.9,246.0,41.6,9.62,5.4,171.8,Very Poor,Very Poor,Poor,Very Poor,Very Poor,Very Poor
41.0,150.0,54.3,67.8,120.4,13.6,5.09,77.8,103.4,Moderate,Very Poor,Very Poor,Moderate,Moderate,Moderate
452.6,61.9,80.4,63.1,70.9,41.7,8.56,16.9,65.2,Moderate,Very Poor,Moderate,Moderate,Moderate,Moderate
86.9,480.9,30.3,20.4,233.6,20.6,2.62,73.2,23.1,Severe,Very Poor,Satisfactory,Severe,Severe,Severe
376.6,34.7,99.2,84.2,208.1,22.1,3.35,56.6,108.1,Moderate,Very Poor,Moderate,Moderate,Moderate,Moderate
410.7,281.3,72.0,44.8,170.4,23.7,2.5,43.9,156.2,Poor,Very Poor,Poor,Poor,Poor,Poor
355.3,136.3,13.0,25.4,227.3,25.9,7.7,25.6,4.5,Moderate,Very Poor,Moderate,Moderate,Moderate,Moderate
468.3,395.6,193.6,113.1,67.2,16.2,8.65,1.8,157.1,Very Poor,Very Poor,Severe,Very Poor,Very Poor,Very Poor
346.1,111.4,74.7,6.6,123.4,19.1,3.01,14.6,34.1,Severe,Very Poor,Satisfactory,Severe,Severe,Severe
340.9,324.7,124.3,136.1,36.5,2.1,2.88,26.5,83.4,Severe,Very Poor,Severe,Severe,Severe,Severe
119.5,58.8,75.1,140.1,110.1,21.5,0.52,8.5,86.5,Poor,Very Poor,Very Poor,Very Poor,Poor,Moderate
377.9,190.9,165.1,10.1,221.4,24.6,10.0,37.9,7.6,Moderate,Very Poor,Moderate,Moderate,Moderate,Poor
323.4,303.5,179.8,53.3,68.4,36.7,6.71,61.1,172.5,Severe,Very Poor,Poor,Severe,Severe,Severe
81.2,163.2,19.9,131.3,120.6,48.7,3.72,50.8,2.1,Moderate,Very Poor,Moderate,Moderate,Moderate,Moderate
183.0,4.0,68.7,89.4,161.0,30.7,0.2,43.8,102.3,Very Poor,Very Poor,Satisfactory,Very Poor,Very Poor,Very Poor
32.2,286.7,171.6,113.9,41.1,20.0,6.3,63.2,130.1,Poor,Very Poor,Very Poor,Poor,Poor,Poor
89.3,464.8,104.8,134.4,6.6,27.0,1.22,40.3,197.6,Severe,Very Poor,Poor,Poor,Severe,Very Poor
346.4,88.8,77.1,59.8,151.5,24.1,4.62,9.0,33.9,Severe,Very Poor,Moderate,Severe,Severe,Severe
83.6,127.7,25.7,6.0,105.0,8.2,7.42,13.0,2.6,Moderate,Very Poor,Moderate,Moderate,Moderate,Moderate
120.4,436.6,98.9,17.6,26.4,27.1,2.77,49.5,60.2,Severe,Very Poor,Very Poor,Severe,Severe,Very Poor
284.4,519.3,2.5,102.9,173.2,4.1,0.5,56.7,27.6,Severe,Very Poor,Satisfactory,Severe,Severe,Severe
381.4,7.9,189.9,41.2,192.0,37.7,7.59,79.3,40.0,Moderate,Very Poor,Moderate,Moderate,Moderate,Moderate
256.8,153.3,126.5,124.5,59.9,25.4,1.11,62.3,61.6,Severe,Very Poor,Moderate,Severe,Severe,Severe
412.1,496.7,98.2,38.1,87.1,41.2,3.41,16.1,96.9,Severe,Very Poor,Severe,Severe,Severe,Severe
406.9,378.9,171.6,4.3,170.8,22.7,4.92,18.2,12.4,Very Poor,Very Poor,Moderate,Very Poor,Very Poor,Very Poor
440.6,511.3,115.4,80.0,76.2,38.5,5.75,49.2,25.4,Moderate,Very Poor,Severe,Moderate,Moderate,Moderate
174.9,32.8,69.6,56.4,194.3,33.9,5.8,75.8,50.8,Very Poor,Very Poor,Moderate,Very Poor,Very Poor,Very Poor
86.2,497.6,47.1,106.3,225.6,4.8,6.72,97.9,154.4,Severe,Very Poor,Very Poor,Severe,Severe,Severe
396.5,53.9,172.4,149.0,226.4,47.7,4.42,59.8,41.1,Moderate,Very Poor,Moderate,Moderate,Moderate,Moderate
254.9,557.8,153.8,119.4,128.1,9.9,2.24,26.9,184.4,Severe,Very Poor,Severe,Severe,Severe,Severe
367.5,104.3,69.5,3.7,69.7,13.0,5.08,85.7,169.7,Poor,Very Poor,Poor,Poor,Poor,Poor
497.0,199.0,138.6,15.1,45.1,32.2,4.71,49.5,91.8,Moderate,Very Poor,Moderate,Moderate,Moderate,Moderate
172.8,543.3,54.8,34.1,211.4,30.2,6.37,17.9,153.6,Very Poor,Very Poor,Poor,Very Poor,Very Poor,Very Poor
261.2,75.1,84.7,67.9,83.4,5.4,9.72,16.2,121.5,Severe,Very Poor,Moderate,Severe,Severe,Severe
187.4,382.3,52.9,72.7,15.6,27.2,4.04,36.8,137.6,Very Poor,Very Poor,Poor,Very Poor,Very Poor,Very Poor
66.7,403.5,110.2,19.3,166.6,10.9,4.41,50.2,135.0,Very Poor,Very Poor,Very Poor,Very Poor,Very Poor,Very Poor
95.3,347.4,146.3,13.8,14.1,18.5,2.48,74.8,113.5,Poor,Very Poor,Very Poor,Poor,Poor,Poor
269.6,28.2,165.7,131.0,172.0,16.7,1.98,59.8,108.9,Severe,Very Poor,Moderate,Severe,Severe,Severe
354.4,336.6,16.3,114.8,108.9,4.4,7.65,56.9,28.8,Poor,Very Poor,Moderate,Poor,Poor,Poor
262.6,567.9,152.1,113.8,1.6,31.1,9.55,65.5,180.3,Severe,Very Poor,Severe,Severe,Severe,Severe
295.4,36.8,78.7,123.7,51.5,48.0,8.74,95.5,106.3,Severe,Very Poor,Moderate,Severe,Severe,Severe
25.5,308.0,190.4,85.9,126.8,1.2,8.84,84.1,61.9,Poor,Very Poor,Very Poor,Poor,Poor,Poor
484.1,499.3,193.2,43.8,184.6,18.5,2.4,53.6,84.1,Severe,Very Poor,Severe,Severe,Severe,Severe
364.5,164.8,195.5,125.8,193.8,19.1,8.91,59.6,49.4,Moderate,Very Poor,Moderate,Moderate,Moderate,Moderate
121.2,45.9,33.2,52.3,193.5,45.7,4.69,41.4,88.5,Very Poor,Very Poor,Very Poor,Very Poor,Very Poor,Very Poor
273.0,103.2,91.9,96.1,89.0,22.5,8.27,58.7,58.4,Severe,Very Poor,Moderate,Severe,Severe,Severe
36.2,144.4,3.2,133.9,249.0,48.6,6.14,45.3,0.0,Moderate,Very Poor,Moderate,Moderate,Moderate,Moderate
128.1,156.3,80.4,143.7,72.0,32.1,0.59,95.9,112.2,Very Poor,Very Poor,Poor,Very Poor,Very Poor,Very Poor
20.6,14.8,91.8,92.9,108.3,8.9,0.81,100.0,75.8,Moderate,Very Poor,Very Poor,Moderate,Moderate,Very Poor
147.4,186.0,112.6,145.4,20.7,45.4,6.2,15.8,84.2,Very Poor,Very Poor,Very Poor,Very Poor,Very Poor,Very Poor
263.5,435.0,22.7,82.1,130.1,48.0,4.63,66.2,184.4,Severe,Very Poor,Poor,Severe,Severe,Severe
409.0,530.0,95.2,82.2,203.6,13.6,7.54,59.2,187.8,Poor,Very Poor,Severe,Poor,Poor,Poor
127.5,112.4,179.7,99.5,46.5,6.8,5.39,92.9,77.1,Very Poor,Very Poor,Moderate,Very Poor,Very Poor,Very Poor
240.7,167.9,95.2,80.3,57.4,26.0,8.91,94.4,39.1,Very Poor,Very Poor,Moderate,Very Poor,Very Poor,Very Poor
256.4,357.0,145.7,122.0,208.3,11.4,0.59,57.8,127.3,Severe,Very Poor,Poor,Severe,Severe,Severe
444.0,523.3,71.4,123.7,179.9,38.9,8.78,80.3,106.6,Moderate,Very Poor,Severe,Moderate,Moderate,Moderate
197.2,20.8,116.2,78.2,56.6,10.7,1.21,36.9,143.9,Very Poor,Very Poor,Poor,Very Poor,Very Poor,Very Poor
90.2,395.0,119.6,7.0,110.7,19.7,1.14,56.8,162.2,Very Poor,Very Poor,Poor,Poor,Very Poor,Very Poor
363.7,41.0,4.6,27.8,44.6,35.3,7.82,50.0,78.1,Moderate,Very Poor,Moderate,Moderate,Moderate,Moderate
0.2,204.2,146.7,43.0,61.1,21.7,5.19,88.4,27.7,Moderate,Very Poor,Very Poor,Moderate,Moderate,Moderate
255.4,291.0,194.9,52.2,35.7,46.0,9.2,28.5,58.6,Severe,Very Poor,Moderate,Severe,Severe,Severe
47.2,104.0,186.8,27.8,10.0,33.3,5.77,59.7,37.2,Moderate,Very Poor,Very Poor,Moderate,Moderate,Moderate
228.5,573.5,85.3,76.2,152.1,28.5,0.35,6.6,129.6,Very Poor,Very Poor,Satisfactory,Very Poor,Very Poor,Very Poor
324.2,54.8,163.0,33.8,37.2,28.5,3.5,13.8,147.6,Severe,Very Poor,Poor,Severe,Severe,Severe
286.8,220.9,173.6,128.5,96.1,3.0,2.55,40.9,103.5,Severe,Very Poor,Moderate,Severe,Severe,Severe
346.6,234.2,162.4,36.0,139.3,1.8,7.17,23.7,97.9,Severe,Very Poor,Moderate,Severe,Severe,Severe
126.2,470.0,183.4,71.4,121.9,30.5,9.13,71.7,59.2,Severe,Very Poor,Very Poor,Severe,Severe,Severe
174.2,201.6,65.6,99.8,43.2,49.1,6.59,75.8,63.2,Very Poor,Very Poor,Moderate,Very Poor,Very Poor,Very Poor
499.8,489.6,10.8,49.7,245.8,23.1,8.97,53.7,172.0,Severe,Very Poor,Severe,Severe,Severe,Severe
248.5,183.5,29.4,121.7,153.7,15.2,6.6,42.3,108.0,Very Poor,Very Poor,Moderate,Very Poor,Very Poor,Very Poor
443.6,156.5,35.6,120.6,236.9,21.2,5.59,60.3,151.6,Moderate,Very Poor,Moderate,Moderate,Moderate,Moderate
8.2,336.0,111.7,35.4,95.1,47.7,3.99,80.2,112.7,Poor,Very Poor,Very Poor,Poor,Poor,Poor
400.7,426.3,139.5,105.5,62.8,24.7,8.05,20.6,164.3,Very Poor,Very Poor,Severe,Very Poor,Very Poor,Very Poor
74.1,464.9,120.5,150.0,82.0,26.9,6.27,63.4,154.9,Severe,Very Poor,Very Poor,Severe,Severe,Severe
418.4,180.3,16.0,76.3,110.4,28.1,8.43,93.9,58.3,Moderate,Very Poor,Moderate,Moderate,Moderate,Moderate
168.6,313.6,46.7,59.0,108.9,4.0,0.63,36.6,42.0,Very Poor,Very Poor,Satisfactory,Very Poor,Very Poor,Very Poor
283.5,177.0,87.9,147.8,74.7,3.8,4.64,42.4,13.7,Severe,Very Poor,Moderate,Severe,Severe,Severe
118.9,168.9,131.6,119.2,68.9,41.5,4.81,38.2,171.2,Poor,Very Poor,Poor,Poor,Poor,Poor
411.3,433.4,141.6,73.8,39.8,5.8,2.65,34.7,66.1,Severe,Very Poor,Severe,Severe,Severe,Severe
110.8,202.9,137.2,72.1,136.9,6.4,8.93,90.4,102.1,Poor,Very Poor,Very Poor,Poor,Poor,Poor
372.0,489.5,82.3,53.1,8.5,32.1,8.12,16.5,181.1,Severe,Very Poor,Severe,Severe,Severe,Severe
478.7,432.7,115.7,25.2,149.1,30.4,7.28,40.1,116.3,Severe,Very Poor,Severe,Severe,Severe,Severe
163.4,519.6,168.6,141.4,59.6,0.2,6.14,5.9,97.2,Very Poor,Very Poor,Severe,Very Poor,Very Poor,Very Poor
113.1,594.2,169.7,52.4,198.0,47.6,8.92,16.3,83.0,Poor,Very Poor,Very Poor,Poor,Poor,Poor
73.9,345.8,151.3,148.8,152.9,3.5,6.25,87.9,180.6,Poor,Very Poor,Poor,Poor,Poor,Poor
80.6,590.7,35.4,97.9,78.8,20.7,4.94,68.0,40.6,Moderate,Very Poor,Very Poor,Moderate,Moderate,Moderate
277.6,211.3,91.1,140.8,164.2,43.0,1.21,42.7,128.2,Severe,Very Poor,Poor,Severe,Severe,Moderate
479.8,455.8,34.4,59.5,22.5,35.8,3.91,3.0,145.9,Severe,Very Poor,Severe,Severe,Severe,Severe
455.2,578.6,31.4,142.3,84.1,2.0,1.91,31.8,119.9,Moderate,Very Poor,Severe,Moderate,Moderate,Moderate
187.5,549.7,44.7,117.3,147.2,34.5,9.21,98.0,49.7,Very Poor,Very Poor,Severe,Very Poor,Very Poor,Very Poor
267.6,37.4,45.7,123.5,131.4,38.7,3.62,52.8,61.6,Severe,Very Poor,Moderate,Severe,Severe,Severe
152.3,501.3,26.4,130.9,109.8,2.8,3.6,68.8,113.7,Very Poor,Very Poor,Severe,Very Poor,Very Poor,Very Poor
451.1,549.2,182.7,38.0,98.1,32.9,8.89,28.3,33.4,Moderate,Very Poor,Severe,Moderate,Moderate,Moderate
108.1,376.8,43.5,93.8,50.3,3.6,1.22,67.5,143.4,Very Poor,Very Poor,Poor,Poor,Very Poor,Very Poor
87.6,350.9,52.9,28.7,187.4,5.8,5.8,15.2,104.7,Moderate,Very Poor,Very Poor,Very Poor,Very Poor,Poor
332.1,450.0,178.0,147.3,13.2,30.4,1.21,77.5,73.5,Severe,Very Poor,Severe,Severe,Severe,Very Poor
195.6,451.7,95.5,12.7,19.8,34.1,8.99,4.6,124.6,Severe,Very Poor,Severe,Severe,Severe,Severe
179.1,531.4,165.6,30.0,160.3,34.5,6.64,24.5,112.3,Very Poor,Very Poor,Severe,Very Poor,Very Poor,Very Poor
116.5,341.2,158.5,103.5,211.8,13.2,6.63,68.4,133.6,Poor,Very Poor,Very Poor,Poor,Poor,Poor
61.9,379.0,151.1,37.3,7.3,32.8,8.85,66.8,113.4,Very Poor,Very Poor,Very Poor,Very Poor,Very Poor,Very Poor
345.9,203.9,20.9,145.7,117.8,14.3,6.4,38.9,27.6,Severe,Very Poor,Moderate,Severe,Severe,Severe
65.2,328.7,195.9,146.6,211.0,43.2,7.71,65.5,55.4,Poor,Very Poor,Very Poor,Poor,Poor,Poor
149.4,584.9,93.8,141.2,0.8,49.6,6.97,20.1,33.2,Very Poor,Very Poor,Severe,Very Poor,Very Poor,Very Poor
195.2,132.7,146.6,114.2,190.4,35.8,9.78,2.5,13.4,Very Poor,Very Poor,Moderate,Very Poor,Very Poor,Very Poor
86.8,329.0,147.7,147.7,142.2,6.2,8.02,80.5,60.2,Poor,Very Poor,Very Poor,Poor,Poor,Poor
160.1,180.2,23.0,18.7,46.8,8.3,7.58,17.9,7.0,Very Poor,Very Poor,Moderate,Very Poor,Very Poor,Very Poor
162.0,469.3,10.9,92.1,114.2,19.1,6.52,70.1,179.0,Severe,Very Poor,Poor,Severe,Severe,Severe
403.2,10.1,67.2,112.7,113.5,42.1,7.59,13.1,125.7,Moderate,Very Poor,Moderate,Moderate,Moderate,Moderate
427.1,278.2,158.0,108.8,226.7,8.7,5.94,88.5,149.3,Poor,Very Poor,Severe,Poor,Poor,Poor
348.4,484.4,190.1,143.6,4.6,10.9,1.37,73.7,30.1,Severe,Very Poor,Severe,Severe,Severe,Severe
17.2,54.5,48.7,41.7,129.2,30.8,7.63,28.5,63.3,Moderate,Very Poor,Very Poor,Moderate,Moderate,Moderate
423.3,98.6,186.3,25.3,162.9,22.9,6.03,57.1,97.2,Moderate,Very Poor,Moderate,Moderate,Moderate,Moderate
26.7,493.1,122.0,65.5,239.4,36.8,1.81,69.9,170.0,Severe,Very Poor,Poor,Poor,Severe,Severe
56.1,465.2,40.7,120.2,69.9,5.1,5.88,80.1,173.2,Severe,Very Poor,Poor,Severe,Severe,Severe
300.7,579.1,38.9,90.0,68.6,48.6,2.16,95.0,164.9,Severe,Very Poor,Severe,Severe,Severe,Severe
458.5,59.9,175.1,48.7,85.9,13.0,0.52,33.7,179.4,Poor,Very Poor,Poor,Poor,Poor,Satisfactory
98.4,256.4,135.8,31.8,184.3,6.6,6.32,26.8,65.6,Poor,Very Poor,Very Poor,Poor,Poor,Poor
323.7,58.3,197.2,107.1,23.2,4.0,4.88,35.7,190.7,Severe,Very Poor,Poor,Severe,Severe,Severe
427.6,544.6,111.3,21.4,224.4,12.8,4.82,59.7,128.8,Moderate,Very Poor,Severe,Moderate,Moderate,Very Poor
232.9,427.8,18.2,51.5,81.2,49.8,7.15,19.7,183.3,Very Poor,Very Poor,Poor,Very Poor,Very Poor,Very Poor
256.9,282.1,104.4,138.2,146.9,45.0,8.55,34.4,122.3,Severe,Very Poor,Poor,Severe,Severe,Severe
139.9,423.5,143.4,73.9,16.0,21.7,7.97,13.2,139.8,Very Poor,Very Poor,Very Poor,Very Poor,Very Poor,Very Poor
486.8,398.6,179.1,49.0,164.0,8.1,2.28,9.4,175.2,Very Poor,Very Poor,Severe,Very Poor,Very Poor,Very Poor
132.7,298.7,62.0,80.1,7.9,47.0,1.15,18.7,40.4,Very Poor,Very Poor,Satisfactory,Very Poor,Very Poor,Very Poor
488.7,149.5,112.1,132.3,180.6,37.8,1.42,25.7,165.6,Moderate,Very Poor,Poor,Satisfactory,Moderate,Moderate
204.7,268.0,77.6,80.0,144.8,48.7,6.79,28.3,66.3,Very Poor,Very Poor,Very Poor,Very Poor,Very Poor,Very Poor
491.7,542.8,197.4,121.3,49.5,40.0,6.12,91.8,116.2,Moderate,Very Poor,Severe,Moderate,Moderate,Moderate
9.3,194.2,112.7,146.6,193.9,21.2,0.49,30.1,163.1,Moderate,Very Poor,Poor,Moderate,Moderate,Very Poor
274.9,331.7,134.5,17.1,215.1,15.8,5.28,10.6,142.7,Severe,Very Poor,Poor,Severe,Severe,Poor
340.7,506.9,81.8,146.7,43.6,48.6,0.64,34.3,54.1,Severe,Very Poor,Severe,Severe,Severe,Severe
116.9,522.0,46.2,108.5,136.0,8.9,1.32,87.2,100.9,Poor,Very Poor,Very Poor,Poor,Poor,Very Poor
75.6,579.2,14.8,37.2,121.2,24.8,1.49,7.5,166.7,Moderate,Very Poor,Poor,Moderate,Moderate,Moderate
28.1,458.8,134.1,18.0,50.8,40.5,0.61,87.8,52.2,Severe,Very Poor,Satisfactory,Satisfactory,Severe,Severe
195.1,331.7,52.0,103.0,176.0,22.1,4.74,39.8,66.9,Very Poor,Very Poor,Very Poor,Very Poor,Very Poor,Very Poor
441.7,210.4,94.1,108.5,78.3,14.9,4.59,80.6,68.0,Moderate,Very Poor,Moderate,Moderate,Moderate,Moderate
212.2,173.4,196.3,38.3,204.6,10.8,0.42,19.7,9.8,Very Poor,Very Poor,Good,Very Poor,Very Poor,Very Poor
30.6,445.4,17.4,10.6,170.3,3.7,8.19,16.7,81.0,Severe,Very Poor,Very Poor,Severe,Severe,Very Poor
443.6,234.0,117.3,95.0,102.3,5.2,3.11,19.5,126.7,Moderate,Very Poor,Moderate,Moderate,Moderate,Moderate
363.9,327.8,113.5,55.2,182.8,24.6,0.51,5.1,80.1,Poor,Very Poor,Satisfactory,Poor,Poor,Very Poor
392.9,552.5,94.7,67.9,17.4,25.1,9.99,97.8,141.2,Moderate,Very Poor,Severe,Moderate,Moderate,Moderate
229.4,138.6,147.4,144.5,165.0,29.6,0.87,86.3,195.8,Very Poor,Very Poor,Poor,Very Poor,Very Poor,Very Poor
334.5,599.8,86.5,73.6,176.3,14.8,0.63,26.1,48.7,Severe,Very Poor,Satisfactory,Severe,Severe,Satisfactory
324.4,264.3,150.1,4.2,8.2,5.5,8.69,47.8,121.2,Severe,Very Poor,Poor,Severe,Severe,Severe
434.1,294.3,197.5,65.0,111.6,19.6,3.95,8.8,142.0,Poor,Very Poor,Severe,Poor,Poor,Poor
55.9,10.8,91.2,46.7,152.7,37.9,0.67,79.6,110.9,Moderate,Very Poor,Poor,Moderate,Moderate,Moderate
461.5,567.4,166.2,87.4,60.1,31.1,7.17,83.9,42.7,Moderate,Very Poor,Severe,Moderate,Moderate,Moderate
40.1,557.9,183.5,145.3,41.0,37.2,5.26,78.2,8.8,Moderate,Very Poor,Very Poor,Moderate,Moderate,Moderate
234.1,377.6,113.1,111.4,228.2,39.1,0.97,52.8,52.3,Very Poor,Very Poor,Severe,Very Poor,Very Poor,Very Poor
465.8,2.9,46.2,42.3,18.5,10.7,4.26,75.2,37.9,Moderate,Very Poor,Moderate,Moderate,Moderate,Moderate
427.3,197.9,83.8,135.4,58.4,25.3,6.01,37.6,38.0,Moderate,Very Poor,Moderate,Moderate,Moderate,Moderate
31.4,536.4,6.4,26.1,75.7,44.6,7.24,6.5,48.8,Moderate,Very Poor,Very Poor,Moderate,Moderate,Moderate
186.7,427.6,94.6,139.0,39.2,25.8,3.99,67.5,174.5,Very Poor,Very Poor,Poor,Very Poor,Very Poor,Very Poor
189.5,385.2,55.3,75.9,142.2,4.1,3.61,37.2,80.9,Very Poor,Very Poor,Very Poor,Very Poor,Very Poor,Very Poor
74.8,213.4,145.6,5.7,6.8,25.1,7.36,21.4,66.4,Moderate,Very Poor,Very Poor,Moderate,Moderate,Moderate
263.5,535.3,30.6,23.5,153.1,10.5,3.44,9.1,34.0,Severe,Very Poor,Satisfactory,Severe,Severe,Severe
489.2,422.3,5.4,127.7,65.9,37.1,7.96,30.5,96.8,Very Poor,Very Poor,Severe,Very Poor,Very Poor,Very Poor
314.6,412.8,2.5,41.5,0.4,43.9,3.81,100.0,49.5,Severe,Very Poor,Severe,Severe,Severe,Severe
167.0,406.0,96.8,74.0,70.1,43.6,1.3,28.2,57.8,Very Poor,Very Poor,Satisfactory,Very Poor,Very Poor,Very Poor
62.6,381.2,96.5,49.7,57.7,2.4,0.09,59.9,105.3,Very Poor,Very Poor,Satisfactory,Severe,Very Poor,Very Poor
241.9,207.3,143.0,93.8,74.4,7.8,1.76,79.2,126.0,Very Poor,Very Poor,Poor,Very Poor,Very Poor,Very Poor
322.2,23.8,129.4,1.3,66.7,30.3,3.49,65.9,195.7,Severe,Very Poor,Poor,Severe,Severe,Severe
488.3,138.0,162.7,67.7,184.5,9.2,2.25,25.5,7.9,Moderate,Very Poor,Satisfactory,Moderate,Moderate,Moderate
194.6,366.4,60.0,101.3,0.3,0.2,1.75,32.9,43.5,Very Poor,Very Poor,Severe,Very Poor,Very Poor,Very Poor
185.5,408.9,28.6,112.0,104.2,43.6,8.37,67.9,147.5,Very Poor,Very Poor,Poor,Very Poor,Very Poor,Very Poor
156.7,49.0,21.6,117.5,93.7,45.3,8.25,32.9,44.0,Very Poor,Very Poor,Moderate,Very Poor,Very Poor,Very Poor
85.5,387.2,74.7,78.4,220.2,31.3,7.25,26.7,29.4,Very Poor,Very Poor,Very Poor,Very Poor,Very Poor,Very Poor
371.1,227.4,90.0,68.6,203.7,9.7,6.14,70.0,145.8,Moderate,Very Poor,Poor,Moderate,Moderate,Moderate
353.4,62.0,49.8,2.7,44.2,39.5,1.8,52.4,161.9,Moderate,Very Poor,Poor,Moderate,Moderate,Moderate
210.8,560.9,110.3,32.8,121.6,39.8,8.91,48.1,18.1,Very Poor,Very Poor,Severe,Very Poor,Very Poor,Very Poor
205.5,149.3,190.8,38.4,104.5,40.5,0.45,66.1,40.5,Very Poor,Very Poor,Good,Good,Very Poor,Very Poor
230.0,202.2,17.7,1.1,120.2,33.2,3.65,50.3,158.1,Very Poor,Very Poor,Poor,Very Poor,Very Poor,Very Poor
466.1,187.3,116.4,118.9,39.2,0.9,6.58,0.3,68.0,Moderate,Very Poor,Moderate,Moderate,Moderate,Moderate
133.4,411.4,184.4,129.0,102.6,14.4,3.42,25.5,57.5,Very Poor,Very Poor,Very Poor,Very Poor,Very Poor,Very Poor
131.8,222.1,89.3,124.0,151.2,46.9,5.13,70.7,134.2,Very Poor,Very Poor,Poor,Very Poor,Very Poor,Very Poor
186.5,351.3,89.1,92.7,86.0,35.3,1.66,45.5,130.9,Very Poor,Very Poor,Poor,Very Poor,Very Poor,Very Poor
406.6,459.4,173.2,89.8,218.1,18.3,2.37,92.9,44.2,Severe,Very Poor,Severe,Severe,Severe,Severe
488.5,512.9,23.2,55.0,123.0,48.3,1.58,94.1,138.7,Moderate,Very Poor,Severe,Satisfactory,Moderate,Moderate
75.9,394.2,29.1,98.7,96.4,33.2,7.19,86.7,136.3,Very Poor,Very Poor,Very Poor,Very Poor,Very Poor,Very Poor
23.7,96.8,133.4,129.9,168.7,49.2,0.45,67.6,46.5,Moderate,Very Poor,Very Poor,Moderate,Moderate,Very Poor
26.0,554.3,14.1,85.4,73.9,14.0,5.9,12.0,130.3,Moderate,Very Poor,Very Poor,Moderate,Moderate,Moderate
485.1,540.7,0.4,92.1,146.4,47.5,7.31,22.8,61.4,Moderate,Very Poor,Severe,Moderate,Moderate,Moderate
491.1,560.8,8.9,11.6,177.0,42.9,2.42,10.5,149.3,Moderate,Very Poor,Satisfactory,Moderate,Moderate,Severe
346.4,191.3,133.5,81.0,57.1,3.2,3.44,18.4,69.9,Severe,Very Poor,Moderate,Severe,Severe,Severe
410.5,404.0,76.0,46.1,197.9,26.1,4.7,56.9,186.2,Very Poor,Very Poor,Poor,Very Poor,Very Poor,Very Poor
265.7,275.8,132.2,117.1,248.1,17.0,9.42,19.1,102.0,Severe,Very Poor,Moderate,Severe,Severe,Severe
222.7,19.5,124.9,68.7,133.8,48.7,1.55,70.2,100.8,Very Poor,Very Poor,Moderate,Very Poor,Very Poor,Very Poor
63.2,91.9,163.8,26.5,44.7,4.6,6.14,20.3,83.9,Moderate,Very Poor,Very Poor,Moderate,Moderate,Moderate
410.1,61.6,144.2,146.7,72.3,38.0,9.96,33.6,191.7,Poor,Very Poor,Poor,Poor,Poor,Poor
209.3,328.3,179.2,39.5,64.5,35.1,6.58,59.6,180.6,Very Poor,Very Poor,Poor,Very Poor,Very Poor,Very Poor
335.8,410.5,99.1,61.6,160.8,44.0,2.42,76.7,33.7,Severe,Very Poor,Satisfactory,Severe,Severe,Severe
358.0,429.9,80.1,24.7,196.5,1.4,7.39,95.4,134.8,Very Poor,Very Poor,Severe,Very Poor,Very Poor,Very Poor
80.2,503.5,123.5,48.6,25.4,33.6,7.13,69.0,128.1,Moderate,Very Poor,Very Poor,Moderate,Moderate,Moderate
97.1,296.3,188.2,137.9,159.9,41.3,3.72,84.2,40.5,Poor,Very Poor,Very Poor,Poor,Poor,Poor
387.4,539.2,120.7,79.0,34.9,3.0,5.45,93.7,149.6,Moderate,Very Poor,Severe,Moderate,Moderate,Moderate
496.5,211.4,48.1,90.1,229.1,35.4,3.74,77.5,108.9,Moderate,Very Poor,Moderate,Moderate,Moderate,Moderate
292.7,475.5,195.1,89.6,26.6,9.8,7.34,4.1,26.1,Severe,Very Poor,Severe,Severe,Severe,Severe
415.6,135.8,116.1,96.9,158.2,46.3,2.36,37.0,63.8,Moderate,Very Poor,Moderate,Moderate,Moderate,Moderate
313.6,13.4,92.6,36.4,179.6,4.4,7.76,51.8,67.8,Severe,Very Poor,Moderate,Severe,Severe,Severe
108.0,313.5,97.2,18.2,120.0,3.1,8.98,49.2,174.4,Poor,Very Poor,Poor,Poor,Poor,Poor
367.5,161.8,198.6,80.0,187.1,44.8,4.92,71.6,20.9,Moderate,Very Poor,Moderate,Moderate,Moderate,Moderate
405.9,355.9,116.2,88.1,125.4,26.6,6.87,87.6,109.2,Very Poor,Very Poor,Severe,Very Poor,Very Poor,Very Poor
216.2,142.4,104.2,145.3,55.3,0.5,1.57,53.2,136.1,Very Poor,Very Poor,Poor,Very Poor,Very Poor,Very Poor
163.9,161.0,15.3,127.4,108.3,43.6,6.51,11.8,142.0,Very Poor,Very Poor,Poor,Very Poor,Very Poor,Very Poor
205.2,146.1,18.9,57.8,239.9,24.8,4.51,60.8,81.5,Very Poor,Very Poor,Moderate,Very Poor,Very Poor,Satisfactory
131.6,405.1,122.0,55.2,139.4,7.3,7.69,49.1,130.2,Very Poor,Very Poor,Very Poor,Very Poor,Very Poor,Very Poor
404.3,370.3,93.2,3.9,124.9,0.3,1.11,62.1,156.5,Very Poor,Very Poor,Satisfactory,Very Poor,Very Poor,Poor
213.6,477.4,107.3,131.9,187.6,34.8,7.06,62.3,64.2,Severe,Very Poor,Severe,Severe,Severe,Severe
111.1,443.0,95.8,24.6,210.4,6.1,5.73,5.0,26.4,Severe,Very Poor,Very Poor,Severe,Severe,Severe
96.9,312.8,163.4,32.0,6.7,30.9,0.67,93.8,148.8,Poor,Very Poor,Poor,Poor,Poor,Severe
499.3,53.6,182.3,86.8,104.4,40.2,4.76,7.0,155.5,Moderate,Very Poor,Moderate,Moderate,Moderate,Moderate
342.3,336.1,125.6,127.2,247.4,39.1,3.61,54.3,1.0,Severe,Very Poor,Moderate,Severe,Severe,Severe
281.2,436.1,94.3,85.5,139.5,46.3,1.09,60.3,129.9,Severe,Very Poor,Severe,Severe,Severe,Severe
191.2,62.8,41.8,20.0,128.8,20.9,8.05,94.8,76.1,Very Poor,Very Poor,Moderate,Very Poor,Very Poor,Very Poor
497.7,543.7,163.5,5.2,6.8,33.0,2.14,23.3,29.4,Moderate,Very Poor,Good,Moderate,Moderate,Satisfactory
492.9,169.5,114.3,122.5,48.8,15.1,7.83,84.5,64.8,Moderate,Very Poor,Moderate,Moderate,Moderate,Moderate
365.9,412.4,81.2,141.3,241.8,12.9,5.03,99.5,83.9,Very Poor,Very Poor,Severe,Very Poor,Very Poor,Very Poor
491.9,51.1,12.9,120.0,4.6,16.0,6.31,96.1,134.7,Moderate,Very Poor,Moderate,Moderate,Moderate,Moderate
495.5,276.5,4.8,119.9,110.7,24.8,7.23,61.7,28.8,Poor,Very Poor,Moderate,Poor,Poor,Poor
424.2,355.4,75.4,104.7,151.6,31.4,7.79,39.4,178.2,Very Poor,Very Poor,Poor,Very Poor,Very Poor,Very Poor
20.4,360.0,140.6,34.3,190.3,12.3,2.27,50.6,86.7,Very Poor,Very Poor,Very Poor,Very Poor,Very Poor,Very Poor
451.1,366.8,157.3,32.9,95.9,11.3,9.37,18.7,2.7,Very Poor,Very Poor,Moderate,Very Poor,Very Poor,Very Poor
123.7,527.8,110.3,3.4,76.9,34.9,3.32,72.5,39.6,Very Poor,Very Poor,Very Poor,Very Poor,Very Poor,Very Poor
36.6,437.1,60.3,133.1,106.4,23.2,3.96,55.4,40.7,Severe,Very Poor,Very Poor,Severe,Severe,Severe
305.3,246.0,73.7,39.8,192.8,12.8,4.59,3.5,61.9,Severe,Very Poor,Moderate,Severe,Severe,Severe
259.5,18.3,117.6,62.1,205.3,18.5,2.79,96.9,86.8,Severe,Very Poor,Moderate,Severe,Severe,Severe
447.8,119.7,135.4,125.6,124.9,21.7,8.62,62.1,127.5,Moderate,Very Poor,Moderate,Moderate,Moderate,Moderate
95.5,285.0,43.1,8.0,208.8,9.1,9.92,10.9,90.9,Poor,Very Poor,Very Poor,Poor,Poor,Very Poor
425.8,588.8,30.5,7.6,97.3,0.8,1.11,62.5,49.4,Satisfactory,Very Poor,Satisfactory,Satisfactory,Satisfactory,Satisfactory
158.7,74.4,40.9,83.2,139.3,41.1,9.8,35.4,102.0,Very Poor,Very Poor,Moderate,Very Poor,Very Poor,Very Poor
151.9,237.1,68.3,113.4,186.4,8.1,2.17,96.8,194.2,Very Poor,Very Poor,Poor,Very Poor,Very Poor,Very Poor
113.1,460.6,66.5,53.2,129.3,5.6,1.74,73.3,140.8,Severe,Very Poor,Poor,Poor,Severe,Severe
435.3,517.1,20.2,67.6,108.3,19.4,9.92,91.8,52.2,Moderate,Very Poor,Severe,Moderate,Moderate,Moderate
455.0,30.9,197.9,18.9,176.3,20.0,4.8,92.5,76.4,Moderate,Very Poor,Moderate,Moderate,Moderate,Moderate
416.7,139.5,182.7,97.7,10.3,7.5,3.0,83.2,128.1,Moderate,Very Poor,Moderate,Moderate,Moderate,Moderate
394.9,337.7,2.0,20.9,189.7,43.6,8.39,36.2,42.8,Poor,Very Poor,Moderate,Poor,Poor,Poor
482.0,470.1,61.2,130.2,70.3,40.5,6.26,21.6,158.2,Severe,Very Poor,Severe,Severe,Severe,Severe
176.5,585.9,51.0,147.9,27.8,36.1,5.72,61.9,12.1,Very Poor,Very Poor,Severe,Very Poor,Very Poor,Very Poor
69.5,489.9,180.6,87.2,109.1,26.0,6.19,84.3,41.0,Severe,Very Poor,Very Poor,Severe,Severe,Severe
347.9,251.2,11.5,85.8,61.9,41.8,3.91,54.0,133.6,Severe,Very Poor,Poor,Severe,Severe,Severe
1.4,26.4,177.9,47.5,167.3,37.6,9.65,26.4,104.9,Moderate,Very Poor,Very Poor,Moderate,Moderate,Moderate
352.2,258.0,121.3,12.9,42.8,41.3,7.76,77.3,8.8,Poor,Very Poor,Moderate,Poor,Poor,Very Poor
191.6,320.4,193.0,48.9,220.3,37.3,2.38,55.7,171.7,Very Poor,Very Poor,Poor,Very Poor,Very Poor,Very Poor
102.2,394.2,34.0,107.5,204.4,48.4,7.89,10.2,13.9,Very Poor,Very Poor,Very Poor,Very Poor,Very Poor,Very Poor
60.3,119.2,196.3,65.7,176.2,34.9,0.86,28.9,107.6,Moderate,Very Poor,Very Poor,Poor,Moderate,Moderate
464.1,12.0,86.9,137.3,171.0,42.7,4.13,77.5,21.7,Moderate,Very Poor,Moderate,Moderate,Moderate,Moderate
130.0,235.0,56.6,4.6,170.8,25.2,3.19,60.5,189.6,Very Poor,Very Poor,Poor,Very Poor,Very Poor,Very Poor
435.4,494.1,102.9,97.2,198.6,41.5,1.58,33.2,71.0,Severe,Very Poor,Severe,Severe,Severe,Severe
329.1,286.5,41.8,116.1,72.7,9.5,6.73,87.5,192.9,Severe,Very Poor,Poor,Severe,Severe,Severe
430.3,210.2,196.4,81.3,90.6,15.3,3.28,20.9,169.8,Poor,Very Poor,Poor,Poor,Poor,Poor
256.9,329.2,51.8,147.0,50.7,47.9,3.37,73.9,93.2,Severe,Very Poor,Severe,Severe,Severe,Severe
212.5,358.7,101.5,120.3,99.7,4.8,3.55,73.0,104.4,Very Poor,Very Poor,Severe,Very Poor,Very Poor,Very Poor
393.0,422.5,28.9,112.1,149.9,40.6,5.72,3.7,60.8,Very Poor,Very Poor,Severe,Very Poor,Very Poor,Very Poor
331.5,50.0,15.8,72.2,191.1,25.7,6.17,74.8,194.5,Severe,Very Poor,Poor,Severe,Severe,Severe
352.1,306.1,183.0,123.2,188.2,21.9,4.0,36.5,106.4,Poor,Very Poor,Severe,Poor,Poor,Poor
334.1,59.2,14.8,79.4,28.9,42.1,6.98,18.9,18.5,Severe,Very Poor,Moderate,Severe,Severe,Severe
406.8,230.4,99.0,126.1,11.9,2.1,0.53,79.5,105.5,Moderate,Very Poor,Moderate,Moderate,Moderate,Moderate
496.3,147.0,146.6,6.4,225.9,1.1,9.44,31.9,71.6,Moderate,Very Poor,Moderate,Moderate,Moderate,Moderate
157.2,282.5,189.3,55.9,218.9,16.2,8.91,53.6,102.0,Very Poor,Very Poor,Very Poor,Very Poor,Very Poor,Very Poor
190.9,523.5,174.4,131.0,215.4,24.6,8.84,84.0,64.0,Very Poor,Very Poor,Severe,Very Poor,Very Poor,Very Poor
63.2,236.3,151.4,142.6,175.3,0.3,4.58,45.0,86.9,Moderate,Very Poor,Very Poor,Moderate,Moderate,Moderate
343.8,537.4,182.2,97.4,78.5,18.8,3.14,44.8,190.5,Severe,Very Poor,Severe,Severe,Severe,Severe
101.1,85.2,168.7,21.8,64.9,14.3,4.66,96.5,65.8,Poor,Very Poor,Moderate,Poor,Poor,Moderate
461.3,306.6,66.5,73.6,83.8,7.4,3.35,56.4,100.0,Poor,Very Poor,Severe,Poor,Poor,Poor
480.1,26.7,127.7,119.6,93.9,40.0,5.54,18.1,163.1,Moderate,Very Poor,Poor,Moderate,Moderate,Moderate
483.1,25.1,120.0,18.2,163.2,5.4,7.76,70.8,103.3,Moderate,Very Poor,Moderate,Moderate,Moderate,Moderate
472.0,62.1,64.7,48.1,84.9,3.4,0.25,81.3,126.7,Moderate,Very Poor,Satisfactory,Moderate,Moderate,Moderate
365.1,431.7,122.6,87.0,114.3,8.9,8.18,34.4,133.1,Severe,Very Poor,Severe,Severe,Severe,Severe
215.3,543.5,103.6,75.7,247.8,36.6,1.36,35.4,62.9,Very Poor,Very Poor,Satisfactory,Very Poor,Very Poor,Very Poor
68.5,503.3,11.1,77.8,39.4,18.9,5.18,98.1,115.2,Moderate,Very Poor,Very Poor,Moderate,Moderate,Moderate
154.5,186.1,191.3,63.0,105.7,40.3,6.76,49.8,79.0,Very Poor,Very Poor,Very Poor,Very Poor,Very Poor,Very Poor
454.0,336.2,99.6,45.9,200.9,13.4,0.44,84.8,73.4,Poor,Very Poor,Satisfactory,Moderate,Poor,Moderate
2.7,440.6,104.0,138.4,78.3,12.8,6.55,91.9,97.9,Severe,Very Poor,Very Poor,Severe,Severe,Severe
119.2,204.3,32.8,36.5,56.9,28.9,6.9,56.5,142.6,Poor,Very Poor,Poor,Poor,Poor,Poor
374.0,435.1,199.0,96.6,27.5,1.9,5.84,4.6,53.0,Severe,Very Poor,Severe,Severe,Severe,Severe
470.5,17.4,193.4,43.4,29.8,10.7,7.28,76.1,99.4,Moderate,Very Poor,Moderate,Moderate,Moderate,Satisfactory
169.8,113.5,8.1,103.3,203.5,34.3,2.8,74.4,10.6,Very Poor,Very Poor,Moderate,Very Poor,Very Poor,Satisfactory
353.2,166.2,63.3,137.6,240.6,38.4,6.78,85.3,148.0,Moderate,Very Poor,Poor,Moderate,Moderate,Moderate
278.7,541.7,41.0,11.5,191.8,26.7,2.17,60.7,45.3,Severe,Very Poor,Satisfactory,Severe,Severe,Severe
252.8,406.6,155.9,110.7,156.0,33.3,6.41,13.7,157.6,Severe,Very Poor,Poor,Severe,Severe,Severe
205.7,313.5,38.5,123.6,23.5,15.8,1.53,13.0,193.8,Very Poor,Very Poor,Poor,Very Poor,Very Poor,Very Poor
343.1,112.2,11.7,81.4,52.8,46.1,9.79,69.6,120.9,Severe,Very Poor,Moderate,Severe,Severe,Severe
32.1,486.6,104.4,135.0,198.6,10.4,7.74,91.3,132.2,Severe,Very Poor,Very Poor,Severe,Severe,Severe
209.4,254.9,191.8,32.7,146.5,44.3,0.35,55.8,198.9,Very Poor,Very Poor,Poor,Poor,Very Poor,Poor
186.1,245.9,104.9,1.2,196.0,33.1,6.34,21.5,199.2,Very Poor,Very Poor,Poor,Very Poor,Very Poor,Very Poor
95.9,150.8,79.7,128.3,33.3,18.9,6.92,53.8,83.0,Poor,Very Poor,Very Poor,Poor,Poor,Poor
245.1,205.8,27.1,19.1,41.4,38.9,5.11,93.8,38.8,Very Poor,Very Poor,Moderate,Very Poor,Very Poor,Very Poor
477.0,107.1,191.1,69.8,218.8,32.6,9.79,32.4,195.6,Poor,Very Poor,Poor,Poor,Poor,Poor
378.2,565.9,173.1,146.0,146.2,46.0,1.02,22.3,175.3,Poor,Very Poor,Severe,Poor,Poor,Poor
327.9,483.1,163.0,33.3,143.6,19.8,3.07,5.8,167.6,Severe,Very Poor,Severe,Severe,Severe,Severe
8.6,463.1,25.7,19.1,65.8,7.1,3.54,95.7,178.8,Severe,Very Poor,Poor,Severe,Severe,Severe
47.1,490.9,92.2,65.1,234.8,2.0,8.87,4.1,170.6,Severe,Very Poor,Poor,Severe,Severe,Severe
412.3,500.2,150.8,116.5,4.1,32.7,1.83,89.7,1.1,Moderate,Very Poor,Severe,Moderate,Moderate,Moderate
425.8,328.3,86.8,25.3,32.0,42.4,3.86,44.1,91.1,Poor,Very Poor,Severe,Poor,Poor,Poor
312.2,5.5,191.5,36.0,0.4,23.1,4.79,46.3,142.1,Severe,Very Poor,Poor,Severe,Severe,Severe
434.9,54.4,188.5,121.8,13.3,1.8,9.53,53.5,119.9,Moderate,Very Poor,Moderate,Moderate,Moderate,Moderate
469.4,574.5,36.5,122.6,193.3,25.6,5.91,41.8,106.9,Moderate,Very Poor,Severe,Moderate,Moderate,Moderate
296.9,424.1,92.7,120.3,12.2,7.6,2.52,43.0,175.6,Severe,Very Poor,Poor,Severe,Severe,Severe
295.4,466.3,112.9,17.1,192.9,18.2,1.13,36.1,198.7,Severe,Very Poor,Poor,Severe,Severe,Severe
435.7,581.4,167.4,3.2,85.3,33.8,6.52,77.8,94.2,Moderate,Very Poor,Severe,Moderate,Moderate,Moderate
170.5,398.3,139.6,74.4,169.7,40.5,9.87,11.7,184.4,Very Poor,Very Poor,Poor,Very Poor,Very Poor,Very Poor
450.6,218.9,140.1,119.0,92.1,49.5,6.43,45.2,114.7,Moderate,Very Poor,Moderate,Moderate,Moderate,Moderate
376.0,164.2,79.6,136.1,102.2,35.9,0.2,16.6,4.8,Moderate,Very Poor,Satisfactory,Moderate,Moderate,Moderate
479.1,482.4,135.7,109.8,42.7,18.0,9.11,53.0,45.0,Severe,Very Poor,Severe,Severe,Severe,Severe
210.0,53.6,134.7,148.9,243.0,37.2,7.8,71.3,93.6,Very Poor,Very Poor,Moderate,Very Poor,Very Poor,Very Poor
312.3,352.5,195.5,23.1,154.4,47.7,4.12,89.4,179.3,Severe,Very Poor,Poor,Severe,Severe,Very Poor
71.6,180.5,58.5,137.8,141.6,11.2,7.01,30.1,35.7,Moderate,Very Poor,Moderate,Moderate,Moderate,Moderate
297.9,134.1,62.4,32.3,110.7,35.3,2.11,48.1,84.3,Severe,Very Poor,Satisfactory,Severe,Severe,Severe
231.3,344.9,145.6,14.9,95.3,42.6,7.85,26.3,169.2,Very Poor,Very Poor,Poor,Very Poor,Very Poor,Very Poor
110.1,270.1,99.1,46.9,132.9,45.4,9.5,19.1,27.9,Poor,Very Poor,Very Poor,Poor,Poor,Poor
179.7,65.1,117.2,44.1,229.3,37.0,8.26,71.6,4.7,Very Poor,Very Poor,Moderate,Very Poor,Very Poor,Very Poor
245.5,419.0,194.2,124.3,29.0,12.0,3.04,88.9,20.2,Very Poor,Very Poor,Severe,Very Poor,Very Poor,Very Poor
2.4,104.5,154.5,15.4,46.6,46.2,8.42,63.5,62.6,Moderate,Very Poor,Very Poor,Moderate,Moderate,Poor
198.0,335.9,103.4,132.5,160.1,17.2,3.51,7.9,14.3,Very Poor,Very Poor,Moderate,Very Poor,Very Poor,Very Poor
166.7,54.6,199.8,135.8,23.0,11.8,5.22,12.1,17.7,Very Poor,Very Poor,Moderate,Very Poor,Very Poor,Very Poor
266.8,497.9,75.0,126.1,234.0,7.7,7.53,43.9,52.0,Severe,Very Poor,Severe,Severe,Severe,Severe
32.3,594.0,135.7,84.9,55.4,39.2,0.66,81.8,125.7,Moderate,Very Poor,Very Poor,Moderate,Moderate,Poor
316.1,364.5,193.6,29.8,99.3,38.1,0.94,0.5,149.1,Severe,Very Poor,Satisfactory,Very Poor,Severe,Very Poor
455.4,162.7,196.2,71.0,88.0,15.3,6.21,13.3,106.7,Moderate,Very Poor,Moderate,Moderate,Moderate,Moderate
494.8,93.4,54.2,142.7,165.6,30.3,1.0,11.1,185.2,Poor,Very Poor,Poor,Poor,Poor,Very Poor
83.1,542.7,84.9,0.8,55.7,4.4,9.42,27.2,146.3,Moderate,Very Poor,Very Poor,Moderate,Moderate,Moderate
422.1,339.9,142.0,71.6,27.8,23.7,8.32,41.6,169.7,Poor,Very Poor,Severe,Poor,Poor,Poor
223.2,107.8,147.2,41.8,73.5,29.8,9.97,9.1,21.1,Very Poor,Very Poor,Moderate,Very Poor,Very Poor,Very Poor
205.0,562.4,122.4,89.7,16.6,34.4,6.31,96.5,185.7,Very Poor,Very Poor,Poor,Very Poor,Very Poor,Very Poor
140.0,11.4,26.7,115.6,58.0,26.3,6.4,70.8,11.6,Very Poor,Very Poor,Moderate,Very Poor,Very Poor,Very Poor
483.4,450.7,59.3,100.3,245.0,45.9,7.54,64.0,149.7,Severe,Very Poor,Severe,Severe,Severe,Severe
369.4,242.0,0.6,34.1,147.6,41.4,5.44,31.9,196.5,Poor,Very Poor,Poor,Poor,Poor,Poor
40.1,444.5,151.2,43.2,192.5,4.2,3.01,43.4,43.9,Severe,Very Poor,Very Poor,Severe,Severe,Severe
151.9,79.4,175.5,134.3,66.7,10.9,7.56,84.4,159.2,Very Poor,Very Poor,Poor,Very Poor,Very Poor,Very Poor
265.4,573.4,74.2,69.8,156.1,11.3,1.52,62.7,150.1,Severe,Very Poor,Severe,Severe,Severe,Severe
382.2,226.6,27.1,121.3,180.3,11.5,9.8,43.9,125.8,Moderate,Very Poor,Moderate,Moderate,Moderate,Moderate
465.6,364.7,10.0,77.6,142.0,1.6,2.81,98.9,157.9,Very Poor,Very Poor,Severe,Very Poor,Very Poor,Very Poor
269.0,250.0,91.3,49.2,134.7,11.8,3.41,91.9,103.6,Severe,Very Poor,Moderate,Severe,Severe,Severe
165.3,160.7,35.4,78.8,84.0,28.4,7.46,20.1,192.8,Very Poor,Very Poor,Poor,Very Poor,Very Poor,Very Poor
121.7,341.7,20.3,126.2,144.8,43.3,5.32,62.6,8.0,Very Poor,Very Poor,Very Poor,Very Poor,Very Poor,Very Poor
112.3,110.5,126.5,0.8,38.9,2.4,9.28,58.9,191.2,Poor,Very Poor,Poor,Poor,Poor,Poor
82.0,362.3,76.8,27.0,75.2,48.1,8.86,31.7,33.7,Very Poor,Very Poor,Very Poor,Very Poor,Very Poor,Very Poor
424.7,348.0,51.4,125.6,181.3,40.6,9.71,84.5,108.4,Poor,Very Poor,Severe,Poor,Poor,Poor
151.3,402.5,142.4,129.8,77.0,26.6,4.83,48.7,15.8,Very Poor,Very Poor,Very Poor,Very Poor,Very Poor,Very Poor
76.8,206.6,145.7,39.4,100.9,39.7,5.52,90.4,53.9,Moderate,Very Poor,Very Poor,Moderate,Moderate,Moderate
156.4,400.2,199.6,82.8,137.6,5.9,1.92,59.3,134.6,Very Poor,Very Poor,Poor,Very Poor,Very Poor,Very Poor
361.0,23.8,1.0,29.6,73.7,33.8,7.74,61.9,146.6,Moderate,Very Poor,Poor,Moderate,Moderate,Moderate
424.6,590.4,96.6,133.3,118.6,34.0,8.0,11.8,87.2,Moderate,Very Poor,Severe,Moderate,Moderate,Moderate
425.0,131.1,99.9,80.2,155.6,18.8,8.29,85.7,110.0,Moderate,Very Poor,Moderate,Moderate,Moderate,Moderate
89.7,25.2,74.4,102.3,35.2,2.2,6.48,51.7,64.8,Moderate,Very Poor,Moderate,Moderate,Moderate,Moderate
302.2,497.8,143.6,78.5,154.9,22.2,2.33,32.7,165.7,Severe,Very Poor,Severe,Severe,Severe,Severe
337.5,389.2,59.3,140.0,126.5,2.5,2.08,7.3,53.3,Severe,Very Poor,Severe,Severe,Severe,Severe
284.7,192.7,179.7,94.8,225.8,27.1,1.92,7.3,57.3,Severe,Very Poor,Moderate,Severe,Severe,Severe
311.7,231.7,180.6,139.9,71.1,47.4,6.47,22.3,21.0,Severe,Very Poor,Moderate,Severe,Severe,Severe
368.6,178.6,32.2,112.7,238.2,7.2,3.54,52.2,169.7,Poor,Very Poor,Poor,Poor,Poor,Poor
267.0,140.4,166.5,55.5,76.4,33.9,3.05,15.1,2.5,Severe,Very Poor,Moderate,Severe,Severe,Severe
420.7,533.0,71.3,142.6,60.5,8.9,4.3,1.1,56.1,Moderate,Very Poor,Severe,Moderate,Moderate,Moderate
9.8,594.9,42.4,111.5,45.6,37.3,6.7,45.1,42.5,Moderate,Very Poor,Very Poor,Moderate,Moderate,Moderate
86.7,515.6,105.0,39.0,60.5,7.9,8.45,6.8,116.0,Moderate,Very Poor,Very Poor,Moderate,Moderate,Moderate
491.7,242.3,166.0,29.7,97.0,16.0,3.93,84.1,138.3,Moderate,Very Poor,Severe,Moderate,Moderate,Moderate
130.3,225.4,17.4,15.4,111.3,29.7,3.35,96.4,150.6,Very Poor,Very Poor,Poor,Very Poor,Very Poor,Very Poor
46.5,447.5,146.6,80.8,85.2,2.3,3.68,41.1,23.5,Severe,Very Poor,Very Poor,Severe,Severe,Severe
83.1,194.9,117.1,149.6,162.6,14.2,6.6,29.9,68.6,Moderate,Very Poor,Very Poor,Moderate,Moderate,Moderate
79.7,189.6,2.8,140.0,200.6,27.0,5.99,52.6,57.2,Moderate,Very Poor,Very Poor,Moderate,Moderate,Moderate
219.8,557.5,85.9,117.9,84.2,32.9,9.52,44.5,147.2,Very Poor,Very Poor,Severe,Very Poor,Very Poor,Very Poor
165.0,330.2,10.2,39.5,113.3,41.2,4.36,96.7,167.4,Very Poor,Very Poor,Poor,Very Poor,Very Poor,Very Poor
433.2,38.5,56.2,67.4,170.3,36.2,8.91,86.4,71.2,Moderate,Very Poor,Moderate,Moderate,Moderate,Moderate
293.8,599.8,166.2,95.3,128.4,11.5,7.41,37.2,155.1,Severe,Very Poor,Severe,Severe,Severe,Satisfactory
299.8,26.0,62.2,142.1,19.6,5.6,6.55,89.9,98.7,Severe,Very Poor,Moderate,Severe,Severe,Severe
368.6,491.4,1.8,74.3,205.0,10.2,5.57,74.3,186.6,Severe,Very Poor,Severe,Severe,Severe,Severe
262.0,472.7,19.8,96.0,22.2,48.3,9.86,99.3,190.3,Severe,Very Poor,Poor,Severe,Severe,Severe
11.0,93.3,53.4,34.4,147.3,12.3,7.02,99.6,164.8,Moderate,Very Poor,Poor,Moderate,Moderate,Moderate
62.5,101.1,147.2,52.7,73.4,18.3,8.94,31.3,174.9,Poor,Very Poor,Poor,Poor,Poor,Poor
451.8,64.4,68.7,121.2,114.7,46.3,3.96,47.0,110.0,Moderate,Very Poor,Moderate,Moderate,Moderate,Moderate
290.2,253.3,174.1,20.4,126.8,21.3,0.19,97.5,181.3,Severe,Very Poor,Poor,Severe,Severe,Poor
277.3,12.8,59.0,11.1,53.7,31.8,9.06,57.1,22.6,Severe,Very Poor,Moderate,Severe,Severe,Moderate
122.8,592.1,55.4,133.0,40.3,3.6,1.51,58.0,182.1,Very Poor,Very Poor,Poor,Very Poor,Very Poor,Very Poor
59.7,451.6,11.6,8.6,101.5,15.4,3.68,95.5,167.8,Severe,Very Poor,Poor,Severe,Severe,Very Poor
34.6,39.0,25.2,127.8,128.4,49.7,0.9,54.0,182.7,Poor,Very Poor,Poor,Poor,Poor,Poor
63.7,347.4,37.1,81.7,177.9,38.3,6.97,20.3,164.2,Poor,Very Poor,Poor,Poor,Poor,Poor
285.5,299.7,93.6,23.6,168.5,27.8,4.52,67.9,123.6,Severe,Very Poor,Poor,Severe,Severe,Severe
423.9,348.2,77.8,84.9,14.4,34.4,3.28,39.7,131.2,Poor,Very Poor,Severe,Poor,Poor,Poor
416.3,565.2,71.5,141.2,0.4,42.6,6.51,18.1,93.6,Moderate,Very Poor,Severe,Moderate,Moderate,Moderate
457.8,162.1,78.0,106.9,75.1,33.0,4.27,48.3,131.2,Moderate,Very Poor,Moderate,Moderate,Moderate,Moderate
368.5,280.7,121.0,16.6,67.8,35.0,2.86,64.5,40.6,Poor,Very Poor,Satisfactory,Poor,Poor,Poor
49.7,133.9,59.0,82.8,201.2,45.2,8.38,7.4,127.3,Moderate,Very Poor,Very Poor,Moderate,Moderate,Moderate
202.5,402.5,56.8,0.9,194.7,32.0,6.49,90.3,107.3,Very Poor,Very Poor,Very Poor,Very Poor,Very Poor,Very Poor
389.2,110.0,89.7,103.8,127.7,12.7,5.62,84.3,88.1,Moderate,Very Poor,Moderate,Moderate,Moderate,Moderate
361.1,513.0,26.3,61.7,233.0,45.8,3.23,43.7,12.2,Moderate,Very Poor,Satisfactory,Moderate,Moderate,Moderate
289.9,126.2,21.5,53.0,233.8,2.4,6.99,44.1,18.9,Severe,Very Poor,Moderate,Severe,Severe,Severe
141.4,293.9,90.1,122.6,204.4,35.3,9.48,35.5,104.6,Very Poor,Very Poor,Very Poor,Very Poor,Very Poor,Very Poor
317.2,534.0,189.4,123.2,230.8,13.7,3.41,11.4,32.4,Severe,Very Poor,Severe,Severe,Severe,Severe
404.2,161.8,23.1,130.8,45.7,12.4,4.11,99.3,132.0,Moderate,Very Poor,Moderate,Moderate,Moderate,Moderate
225.7,302.8,160.9,85.9,216.0,11.8,9.6,36.8,152.9,Very Poor,Very Poor,Poor,Very Poor,Very Poor,Very Poor
249.4,103.6,117.3,19.0,178.1,5.4,9.88,70.8,42.5,Very Poor,Very Poor,Moderate,Very Poor,Very Poor,Very Poor
92.7,17.8,14.5,76.5,197.9,4.1,8.59,40.9,51.5,Poor,Very Poor,Moderate,Poor,Poor,Poor
413.7,389.4,66.1,129.5,148.8,10.2,1.54,35.1,106.8,Very Poor,Very Poor,Severe,Very Poor,Very Poor,Very Poor
312.6,58.9,66.1,111.5,116.7,27.9,8.37,54.1,42.2,Severe,Very Poor,Moderate,Severe,Severe,Severe
333.7,240.2,128.8,99.2,144.2,8.6,1.12,23.0,20.7,Severe,Very Poor,Satisfactory,Severe,Severe,Severe
61.8,42.1,29.6,146.7,15.7,32.1,8.49,33.6,150.2,Moderate,Very Poor,Poor,Moderate,Moderate,Moderate
133.3,346.0,80.7,29.5,24.3,39.8,5.88,66.5,139.2,Very Poor,Very Poor,Poor,Very Poor,Very Poor,Very Poor
293.6,87.9,136.9,98.3,226.1,25.5,1.58,7.1,150.1,Severe,Very Poor,Poor,Severe,Severe,Severe
409.8,446.4,122.9,16.7,56.2,30.7,0.55,68.5,82.3,Severe,Very Poor,Satisfactory,Satisfactory,Severe,Severe
49.4,500.0,63.6,69.9,218.6,48.8,9.55,48.2,98.9,Severe,Very Poor,Very Poor,Severe,Severe,Severe
186.9,291.0,132.2,5.8,48.4,30.8,1.49,59.8,66.1,Very Poor,Very Poor,Satisfactory,Poor,Very Poor,Very Poor
16.3,344.8,77.5,10.5,97.7,48.0,4.61,46.4,144.0,Poor,Very Poor,Very Poor,Poor,Poor,Moderate
387.1,479.7,167.6,104.8,23.8,0.8,2.75,24.8,71.3,Severe,Very Poor,Severe,Severe,Severe,Severe
182.4,585.1,164.3,91.9,144.6,16.8,5.72,42.7,72.7,Very Poor,Very Poor,Severe,Very Poor,Very Poor,Very Poor
301.7,455.6,124.0,28.2,25.4,0.5,4.48,98.8,32.1,Severe,Very Poor,Severe,Severe,Severe,Severe
466.4,10.0,151.9,36.6,113.5,38.7,7.37,21.1,51.4,Moderate,Very Poor,Moderate,Moderate,Moderate,Moderate
16.0,64.8,165.2,24.9,155.1,4.9,2.32,14.0,34.7,Moderate,Very Poor,Good,Moderate,Moderate,Moderate
314.0,5.8,38.6,103.5,141.8,28.5,1.37,74.3,108.8,Severe,Very Poor,Moderate,Severe,Severe,Severe
480.5,326.7,120.0,26.5,99.8,32.0,4.27,35.7,188.9,Poor,Very Poor,Poor,Poor,Poor,Poor
380.5,335.1,94.2,116.1,202.0,4.6,9.86,78.5,11.3,Poor,Very Poor,Moderate,Poor,Poor,Satisfactory
200.0,353.8,132.4,22.5,23.8,20.6,0.38,58.2,77.3,Very Poor,Very Poor,Satisfactory,Very Poor,Very Poor,Very Poor
236.8,241.2,53.5,136.8,190.8,47.3,1.36,78.5,167.6,Very Poor,Very Poor,Poor,Very Poor,Very Poor,Severe
363.2,463.8,6.9,22.0,20.4,2.0,0.85,58.0,76.7,Severe,Very Poor,Satisfactory,Satisfactory,Severe,Very Poor
44.7,426.3,53.7,139.2,14.9,49.2,1.35,67.0,108.2,Very Poor,Very Poor,Very Poor,Severe,Very Poor,Very Poor
8.6,266.9,170.9,69.7,118.3,50.0,6.14,31.6,84.8,Poor,Very Poor,Very Poor,Poor,Poor,Poor
428.7,239.6,8.8,22.4,174.8,6.7,7.17,16.0,76.8,Moderate,Very Poor,Moderate,Moderate,Moderate,Severe
49.2,324.4,76.2,97.5,234.0,46.3,6.06,21.4,184.3,Poor,Very Poor,Poor,Poor,Poor,Poor
393.7,157.2,31.4,9.2,55.4,31.1,4.44,97.0,132.8,Moderate,Very Poor,Poor,Moderate,Moderate,Moderate
499.0,80.6,77.2,6.8,96.3,3.3,3.68,53.5,194.7,Poor,Very Poor,Poor,Poor,Poor,Moderate
132.3,495.9,98.3,40.8,91.9,13.3,8.01,95.9,183.1,Severe,Very Poor,Poor,Severe,Severe,Severe
346.3,230.6,189.9,42.5,202.8,41.5,5.86,67.0,152.6,Severe,Very Poor,Poor,Severe,Severe,Severe
177.4,383.7,100.1,5.5,185.8,5.6,3.56,42.7,11.1,Very Poor,Very Poor,Satisfactory,Very Poor,Very Poor,Very Poor
167.8,394.1,190.8,146.7,159.9,32.9,9.36,56.6,149.7,Very Poor,Very Poor,Poor,Very Poor,Very Poor,Very Poor
83.8,568.5,140.0,134.3,181.5,30.2,9.14,71.3,141.7,Moderate,Very Poor,Very Poor,Moderate,Moderate,Moderate
225.3,594.7,67.5,25.8,33.3,18.4,0.52,41.6,145.3,Very Poor,Very Poor,Satisfactory,Very Poor,Very Poor,Very Poor
422.6,101.9,65.7,76.8,136.6,17.5,4.88,72.6,116.5,Moderate,Very Poor,Moderate,Moderate,Moderate,Moderate
178.6,463.1,187.7,89.9,7.5,36.1,4.9,74.9,112.0,Severe,Very Poor,Severe,Severe,Severe,Severe
146.6,271.5,51.7,116.3,155.1,17.2,9.81,85.4,169.2,Very Poor,Very Poor,Poor,Very Poor,Very Poor,Very Poor
424.1,222.4,101.9,100.8,209.0,9.1,4.32,11.6,29.5,Moderate,Very Poor,Moderate,Moderate,Moderate,Moderate
261.0,41.7,192.6,99.0,16.7,6.0,9.5,80.6,129.0,Severe,Very Poor,Moderate,Severe,Severe,Satisfactory
319.0,505.4,167.4,46.3,219.8,17.1,2.85,96.2,82.3,Severe,Very Poor,Severe,Severe,Severe,Severe
403.9,264.5,126.7,99.1,207.1,40.8,1.72,50.7,19.5,Poor,Very Poor,Satisfactory,Poor,Poor,Poor
359.8,185.0,104.4,71.5,92.2,45.8,1.08,94.7,174.0,Poor,Very Poor,Poor,Poor,Poor,Moderate
144.3,586.5,53.2,28.7,165.5,26.9,1.65,36.7,11.7,Very Poor,Very Poor,Satisfactory,Very Poor,Very Poor,Very Poor
234.2,237.7,8.6,134.6,106.8,16.1,2.23,28.2,75.1,Very Poor,Very Poor,Moderate,Very Poor,Very Poor,Very Poor
475.5,282.5,179.7,30.4,163.9,49.6,2.91,46.8,15.8,Poor,Very Poor,Satisfactory,Poor,Poor,Poor
365.3,278.6,116.3,117.8,155.8,9.1,8.78,88.7,136.4,Poor,Very Poor,Severe,Poor,Poor,Poor
403.7,35.4,48.6,60.7,157.7,29.7,6.47,3.1,58.8,Moderate,Very Poor,Moderate,Moderate,Moderate,Moderate
365.3,353.5,190.7,51.2,36.0,0.4,5.68,81.6,5.8,Very Poor,Very Poor,Moderate,Very Poor,Very Poor,Very Poor
199.2,497.5,171.3,41.1,227.7,0.9,0.08,46.2,137.3,Severe,Very Poor,Satisfactory,Very Poor,Severe,Severe
337.5,85.3,92.1,16.7,207.3,21.0,4.86,44.5,132.5,Severe,Very Poor,Poor,Severe,Severe,Severe
187.0,76.6,135.7,130.0,162.9,19.4,9.15,58.0,188.6,Very Poor,Very Poor,Poor,Very Poor,Very Poor,Very Poor
322.7,264.6,156.1,1.0,246.3,48.2,8.26,75.4,94.7,Severe,Very Poor,Moderate,Severe,Severe,Severe
252.5,163.9,113.7,85.4,217.3,34.6,6.07,42.5,13.7,Severe,Very Poor,Moderate,Severe,Severe,Severe
225.9,40.6,59.1,51.1,28.4,0.9,4.5,11.1,19.8,Very Poor,Very Poor,Moderate,Very Poor,Very Poor,Very Poor
205.7,492.9,126.9,72.0,137.2,48.1,0.83,0.3,82.3,Severe,Very Poor,Satisfactory,Very Poor,Severe,Very Poor
280.8,368.3,149.9,102.1,143.4,33.0,3.1,43.5,13.6,Severe,Very Poor,Moderate,Severe,Severe,Severe
102.8,406.1,33.6,139.3,100.0,46.4,8.79,88.4,50.6,Very Poor,Very Poor,Very Poor,Very Poor,Very Poor,Very Poor
343.9,161.4,132.0,61.1,81.3,10.3,5.63,68.4,153.0,Severe,Very Poor,Poor,Severe,Severe,Severe
405.6,220.9,44.6,91.2,188.6,49.5,2.51,21.2,77.2,Moderate,Very Poor,Moderate,Moderate,Moderate,Moderate
85.0,459.3,105.5,53.1,16.7,12.0,1.02,99.1,175.6,Severe,Very Poor,Poor,Poor,Severe,Severe
114.3,189.6,176.0,135.8,233.2,30.5,0.31,65.2,145.3,Poor,Very Poor,Poor,Poor,Poor,Poor
390.6,37.1,24.7,76.8,239.5,1.2,5.4,81.8,12.2,Moderate,Very Poor,Moderate,Moderate,Moderate,Moderate
180.1,58.6,138.3,79.1,87.7,16.7,5.25,98.5,167.5,Very Poor,Very Poor,Poor,Very Poor,Very Poor,Very Poor
168.3,416.6,105.3,84.4,179.6,38.2,5.5,2.3,139.7,Very Poor,Very Poor,Poor,Very Poor,Very Poor,Very Poor
136.6,538.5,15.5,3.8,25.6,32.6,4.42,5.8,195.1,Very Poor,Very Poor,Poor,Very Poor,Very Poor,Very Poor
225.4,538.1,63.6,58.0,190.1,1.5,1.53,57.8,134.1,Very Poor,Very Poor,Severe,Very Poor,Very Poor,Very Poor
451.5,230.7,120.2,106.5,145.1,6.5,4.96,61.6,167.7,Moderate,Very Poor,Poor,Moderate,Moderate,Moderate
99.8,16.8,157.3,30.6,184.2,43.2,4.02,90.0,156.8,Poor,Very Poor,Poor,Poor,Poor,Poor
65.3,492.1,171.8,85.4,236.6,18.3,7.69,5.2,142.5,Severe,Very Poor,Very Poor,Severe,Severe,Severe
55.1,528.4,135.4,46.3,195.8,24.6,7.4,41.3,162.5,Moderate,Very Poor,Very Poor,Moderate,Moderate,Moderate
209.6,27.9,7.1,47.6,60.6,3.4,8.19,69.7,104.0,Very Poor,Very Poor,Moderate,Very Poor,Very Poor,Very Poor
244.5,366.6,194.9,47.3,206.7,49.5,9.2,58.5,70.4,Very Poor,Very Poor,Very Poor,Very Poor,Very Poor,Very Poor
38.0,105.4,68.3,43.1,79.3,30.9,3.7,82.8,52.6,Moderate,Very Poor,Very Poor,Moderate,Moderate,Moderate
92.0,251.6,146.9,146.6,127.5,43.5,2.35,52.6,183.2,Poor,Very Poor,Poor,Poor,Poor,Poor
164.2,131.4,82.4,101.2,192.4,29.7,7.61,51.5,75.1,Very Poor,Very Poor,Moderate,Very Poor,Very Poor,Very Poor
43.6,34.5,118.7,15.0,161.3,4.3,8.45,64.7,61.9,Moderate,Very Poor,Moderate,Moderate,Moderate,Moderate
57.0,519.6,48.2,91.6,248.7,30.3,9.27,79.7,72.0,Moderate,Very Poor,Very Poor,Moderate,Moderate,Moderate
364.0,88.9,109.2,95.7,61.4,12.1,1.23,44.2,60.6,Moderate,Very Poor,Moderate,Moderate,Moderate,Moderate
340.2,30.4,84.7,38.9,144.4,29.1,1.94,73.5,105.5,Severe,Very Poor,Moderate,Severe,Severe,Severe
343.2,332.9,126.7,35.6,107.3,25.8,8.89,68.3,50.9,Severe,Very Poor,Moderate,Severe,Severe,Severe
322.8,260.0,187.9,144.9,112.2,15.6,9.81,36.9,51.6,Severe,Very Poor,Moderate,Severe,Severe,Severe
66.9,313.6,73.5,117.8,74.2,39.1,3.08,27.5,177.2,Poor,Very Poor,Poor,Poor,Poor,Poor
338.6,587.9,186.3,85.8,236.3,11.4,5.94,53.0,156.4,Severe,Very Poor,Severe,Severe,Severe,Severe
73.4,186.1,58.1,54.4,52.6,23.1,4.39,78.2,43.1,Moderate,Very Poor,Very Poor,Moderate,Moderate,Moderate
387.5,573.8,185.9,91.3,194.3,7.9,9.7,78.1,162.7,Moderate,Very Poor,Severe,Moderate,Moderate,Moderate
49.3,375.2,50.4,22.8,118.6,25.5,4.14,82.7,177.6,Very Poor,Very Poor,Poor,Very Poor,Very Poor,Very Poor
495.5,42.0,85.5,139.9,248.9,23.8,2.53,5.0,108.4,Moderate,Very Poor,Moderate,Moderate,Moderate,Moderate
119.4,593.3,6.4,12.8,164.2,20.7,7.41,86.0,108.4,Poor,Very Poor,Severe,Poor,Poor,Very Poor
452.3,367.2,23.7,136.6,161.7,48.0,5.21,79.4,135.3,Very Poor,Very Poor,Severe,Very Poor,Very Poor,Very Poor
389.9,397.8,152.0,136.1,74.1,19.5,3.99,82.4,97.0,Very Poor,Very Poor,Severe,Very Poor,Very Poor,Very Poor
87.3,316.2,172.4,48.3,58.5,21.7,3.14,62.3,66.1,Poor,Very Poor,Very Poor,Poor,Poor,Poor
470.9,432.0,125.8,148.3,129.0,10.1,0.28,59.9,87.0,Severe,Very Poor,Severe,Severe,Severe,Moderate
18.5,228.2,191.3,142.0,101.2,41.2,5.01,94.5,29.5,Moderate,Very Poor,Very Poor,Moderate,Moderate,Moderate
24.7,418.2,21.3,80.7,80.3,22.3,0.09,70.1,173.7,Very Poor,Very Poor,Poor,Poor,Very Poor,Very Poor
97.0,302.5,14.6,148.8,105.5,43.7,1.8,32.9,141.4,Poor,Very Poor,Poor,Poor,Poor,Poor
399.2,338.2,90.0,111.2,147.8,3.1,1.7,65.7,181.5,Poor,Very Poor,Poor,Poor,Poor,Poor
110.5,413.2,181.2,4.4,185.1,30.4,4.54,90.7,118.9,Very Poor,Very Poor,Very Poor,Very Poor,Very Poor,Very Poor
114.3,527.7,180.3,4.3,99.3,39.1,3.15,53.7,29.8,Poor,Very Poor,Very Poor,Poor,Poor,Poor
238.5,112.5,114.9,105.5,152.1,22.8,7.0,92.4,17.8,Very Poor,Very Poor,Moderate,Very Poor,Very Poor,Very Poor
231.7,89.1,74.8,59.3,198.5,15.1,1.93,79.0,77.3,Very Poor,Very Poor,Moderate,Very Poor,Very Poor,Very Poor
347.8,95.7,75.1,2.5,146.3,46.5,8.07,85.2,83.9,Severe,Very Poor,Moderate,Severe,Severe,Severe
215.7,471.7,42.1,88.7,97.9,33.3,3.84,97.7,141.5,Severe,Very Poor,Severe,Severe,Severe,Severe
51.1,421.4,178.1,108.7,160.1,11.6,4.32,16.9,0.8,Very Poor,Very Poor,Very Poor,Very Poor,Very Poor,Very Poor
165.0,431.6,134.3,101.9,208.0,19.7,4.92,70.2,115.2,Severe,Very Poor,Very Poor,Severe,Severe,Severe
126.1,116.7,152.0,23.6,232.8,9.8,4.14,84.3,124.7,Very Poor,Very Poor,Poor,Very Poor,Very Poor,Very Poor
366.4,525.5,152.0,112.8,8.7,45.2,0.12,12.9,163.9,Moderate,Very Poor,Severe,Moderate,Moderate,Moderate
107.0,169.8,180.8,125.5,229.3,48.4,9.67,14.9,3.7,Poor,Very Poor,Moderate,Poor,Poor,Poor
343.0,395.5,115.7,25.0,117.6,34.8,0.21,12.8,13.0,Severe,Very Poor,Good,Severe,Severe,Severe
315.2,249.1,189.5,149.9,45.3,10.7,1.47,96.8,178.4,Severe,Very Poor,Poor,Severe,Severe,Severe
199.5,375.2,5.8,98.6,170.7,7.2,9.02,20.2,17.9,Very Poor,Very Poor,Moderate,Very Poor,Very Poor,Very Poor
212.4,333.8,31.3,130.1,81.7,33.0,0.35,58.5,89.2,Very Poor,Very Poor,Very Poor,Very Poor,Very Poor,Very Poor
69.4,515.0,180.1,112.2,35.3,25.7,4.62,49.0,78.9,Moderate,Very Poor,Very Poor,Moderate,Moderate,Moderate
275.1,402.5,111.9,105.8,69.4,16.2,4.32,83.8,38.7,Severe,Very Poor,Severe,Severe,Severe,Severe
136.6,278.2,74.7,84.9,79.0,1.9,0.22,74.7,125.9,Very Poor,Very Poor,Poor,Very Poor,Very Poor,Very Poor
300.9,420.9,166.0,38.4,114.8,26.6,3.11,55.4,103.7,Severe,Very Poor,Severe,Severe,Severe,Severe
135.2,538.8,105.7,77.1,115.7,47.1,4.19,39.0,189.8,Very Poor,Very Poor,Poor,Very Poor,Very Poor,Very Poor
458.7,145.6,54.3,135.5,66.7,45.7,7.06,66.0,197.9,Poor,Very Poor,Poor,Poor,Poor,Poor
489.6,493.6,22.9,116.3,16.3,37.9,9.67,44.1,60.3,Severe,Very Poor,Severe,Severe,Severe,Severe
61.2,341.6,67.7,144.4,28.9,37.8,4.93,0.6,123.6,Poor,Very Poor,Very Poor,Poor,Poor,Poor
325.7,593.6,171.4,72.1,221.0,45.8,4.41,77.9,148.4,Severe,Very Poor,Severe,Severe,Severe,Severe
483.0,590.1,176.7,13.9,40.2,26.5,1.44,34.1,147.4,Moderate,Very Poor,Satisfactory,Satisfactory,Moderate,Poor
138.2,341.6,173.7,124.4,246.1,46.0,8.81,48.6,28.7,Very Poor,Very Poor,Very Poor,Very Poor,Very Poor,Very Poor
143.1,181.9,77.7,50.5,153.7,48.0,8.77,59.7,191.7,Very Poor,Very Poor,Poor,Very Poor,Very Poor,Very Poor
416.1,488.7,147.7,55.6,94.4,39.8,7.93,20.7,8.7,Severe,Very Poor,Severe,Severe,Severe,Severe
170.9,43.2,41.7,29.9,166.4,42.3,9.57,8.2,23.5,Very Poor,Very Poor,Moderate,Very Poor,Very Poor,Very Poor
100.6,222.6,32.6,22.0,203.3,17.7,9.95,28.8,28.5,Poor,Very Poor,Moderate,Poor,Poor,Very Poor
297.2,500.1,38.3,142.3,73.2,30.1,1.54,76.1,49.9,Severe,Very Poor,Severe,Severe,Severe,Severe
471.2,236.8,77.2,138.9,41.2,40.6,6.52,90.2,165.8,Moderate,Very Poor,Poor,Moderate,Moderate,Moderate
184.7,444.8,110.3,29.4,20.0,17.3,6.28,20.9,112.2,Severe,Very Poor,Severe,Severe,Severe,Severe
145.4,326.1,104.5,7.8,231.4,14.4,9.58,89.1,17.3,Very Poor,Very Poor,Moderate,Very Poor,Very Poor,Very Poor
123.1,599.5,107.4,94.0,150.5,33.2,5.28,98.4,164.2,Very Poor,Very Poor,Severe,Very Poor,Very Poor,Satisfactory
75.0,189.6,183.6,142.2,163.6,29.7,9.32,67.0,78.1,Moderate,Very Poor,Very Poor,Moderate,Moderate,Moderate
71.7,273.4,195.9,44.6,80.9,39.4,1.1,24.1,117.9,Poor,Very Poor,Very Poor,Poor,Poor,Poor
348.9,125.8,19.8,106.7,99.0,43.4,8.37,15.5,134.4,Severe,Very Poor,Moderate,Severe,Severe,Severe
5.8,59.6,144.4,108.8,232.0,39.3,3.2,29.9,56.6,Moderate,Very Poor,Very Poor,Moderate,Moderate,Moderate
331.9,111.7,124.9,143.7,204.7,1.6,3.29,7.0,1.2,Severe,Very Poor,Moderate,Severe,Severe,Severe
277.7,43.1,162.0,123.1,212.7,0.2,6.78,51.6,51.5,Severe,Very Poor,Moderate,Severe,Severe,Severe
244.1,292.7,18.6,31.7,166.3,39.1,5.08,32.8,76.8,Very Poor,Very Poor,Very Poor,Very Poor,Very Poor,Very Poor
343.6,159.8,82.3,98.2,18.6,46.0,9.83,40.9,135.6,Severe,Very Poor,Moderate,Severe,Severe,Severe
446.9,586.6,75.8,137.4,180.9,7.0,2.03,35.3,103.4,Moderate,Very Poor,Severe,Moderate,Moderate,Moderate
23.8,271.5,173.0,71.4,87.7,24.6,6.11,5.5,156.8,Poor,Very Poor,Poor,Poor,Poor,Poor
320.2,229.1,58.1,12.5,91.3,41.9,7.96,77.3,155.3,Severe,Very Poor,Poor,Severe,Severe,Severe
96.1,350.6,152.4,107.7,28.2,6.9,7.51,16.2,37.7,Poor,Very Poor,Very Poor,Poor,Poor,Poor
408.6,554.9,30.1,139.1,235.6,3.6,6.66,55.2,38.9,Moderate,Very Poor,Severe,Moderate,Moderate,Moderate
346.2,548.9,198.7,125.9,202.1,39.3,8.62,72.8,73.7,Severe,Very Poor,Severe,Severe,Severe,Severe
485.6,158.0,144.1,120.7,244.6,11.0,6.28,65.0,32.8,Moderate,Very Poor,Moderate,Moderate,Moderate,Moderate
164.0,368.5,186.5,56.1,3.1,3.8,5.31,18.6,195.8,Very Poor,Very Poor,Poor,Very Poor,Very Poor,Very Poor
289.1,436.4,103.5,97.9,109.2,42.3,1.06,62.1,156.0,Severe,Very Poor,Poor,Severe,Severe,Severe
342.7,410.9,53.9,91.3,128.0,36.5,4.63,89.6,18.8,Severe,Very Poor,Severe,Severe,Severe,Severe
133.4,426.3,195.5,48.7,233.5,39.3,4.27,26.7,36.4,Very Poor,Very Poor,Very Poor,Very Poor,Very Poor,Very Poor
353.5,28.0,31.8,127.4,185.3,25.0,0.7,8.0,80.5,Moderate,Very Poor,Moderate,Moderate,Moderate,Moderate
102.8,295.1,43.0,133.8,140.0,14.2,0.63,25.0,67.4,Poor,Very Poor,Very Poor,Poor,Poor,Poor
306.4,507.8,161.0,140.0,231.3,4.2,4.88,53.4,121.1,Severe,Very Poor,Severe,Severe,Severe,Severe
144.8,415.7,7.8,68.3,250.0,38.0,2.79,32.9,119.2,Very Poor,Very Poor,Very Poor,Very Poor,Very Poor,Very Poor
361.9,488.5,105.6,130.1,88.9,35.8,9.08,83.9,138.9,Severe,Very Poor,Severe,Severe,Severe,Severe
427.9,457.9,154.9,48.7,184.3,12.8,4.18,18.0,150.1,Severe,Very Poor,Severe,Severe,Severe,Severe
259.1,393.4,181.1,81.5,106.0,49.2,0.54,38.3,120.8,Severe,Very Poor,Severe,Severe,Severe,Moderate
330.8,210.0,188.6,10.7,180.7,19.6,6.73,87.0,161.1,Severe,Very Poor,Poor,Severe,Severe,Severe
4.9,240.8,53.1,1.5,226.0,37.1,4.19,19.5,27.0,Moderate,Very Poor,Very Poor,Moderate,Moderate,Moderate
205.1,581.6,187.2,79.0,105.0,41.3,7.16,21.7,132.3,Very Poor,Very Poor,Severe,Very Poor,Very Poor,Very Poor
165.6,46.5,193.1,120.5,88.0,33.1,1.6,35.9,177.9,Very Poor,Very Poor,Poor,Very Poor,Very Poor,Satisfactory
280.0,363.8,99.9,123.0,57.7,43.4,3.68,72.4,67.8,Severe,Very Poor,Severe,Severe,Severe,Severe
49.9,218.6,42.3,117.0,57.0,38.7,6.53,35.7,52.7,Moderate,Very Poor,Very Poor,Moderate,Moderate,Moderate
480.1,321.4,3.2,70.1,224.8,38.3,3.39,46.6,150.8,Poor,Very Poor,Severe,Poor,Poor,Poor
20.2,514.5,39.6,26.3,208.9,13.2,9.17,40.3,73.8,Moderate,Very Poor,Very Poor,Moderate,Moderate,Moderate
177.9,308.1,184.7,127.0,209.7,39.0,9.75,10.9,22.2,Very Poor,Very Poor,Moderate,Very Poor,Very Poor,Very Poor
430.9,273.2,99.2,22.6,165.5,38.0,5.53,73.6,165.4,Poor,Very Poor,Poor,Poor,Poor,Poor
369.2,257.0,71.0,109.3,114.9,2.4,6.73,9.6,84.9,Poor,Very Poor,Moderate,Poor,Poor,Poor
92.7,294.6,136.7,32.2,235.9,19.5,3.97,85.0,40.1,Poor,Very Poor,Very Poor,Poor,Poor,Poor
77.5,231.4,178.5,10.0,35.0,35.1,1.63,56.5,80.7,Moderate,Very Poor,Good,Very Poor,Moderate,Poor
250.9,238.3,48.1,78.2,108.9,35.6,0.69,45.4,46.6,Moderate,Very Poor,Satisfactory,Severe,Severe,Severe
479.9,132.8,168.3,33.8,67.3,25.0,2.14,92.7,124.4,Moderate,Very Poor,Moderate,Moderate,Moderate,Moderate
255.6,451.7,36.3,7.4,209.6,11.1,8.29,71.8,77.4,Severe,Very Poor,Severe,Severe,Severe,Severe
490.1,552.5,170.2,57.0,45.1,15.3,2.93,78.7,82.8,Moderate,Very Poor,Severe,Moderate,Moderate,Moderate
411.7,423.5,195.7,6.3,76.0,21.2,3.71,92.1,102.6,Very Poor,Very Poor,Severe,Very Poor,Very Poor,Very Poor
137.9,201.6,183.0,18.5,118.2,27.0,1.33,27.4,149.4,Very Poor,Very Poor,Poor,Very Poor,Very Poor,Moderate
452.4,236.2,17.3,27.0,64.2,34.6,6.71,75.1,44.4,Moderate,Very Poor,Moderate,Moderate,Moderate,Moderate
439.1,6.5,73.1,85.9,77.0,9.9,9.79,99.0,43.2,Moderate,Very Poor,Moderate,Moderate,Moderate,Moderate
273.4,545.2,57.5,101.0,176.7,39.3,9.43,79.8,138.8,Severe,Very Poor,Severe,Severe,Severe,Severe
347.4,581.7,8.1,129.6,14.2,45.3,4.35,99.0,91.3,Severe,Very Poor,Severe,Severe,Severe,Severe
81.1,23.7,100.5,78.8,50.5,49.8,2.75,73.7,98.5,Moderate,Very Poor,Very Poor,Moderate,Moderate,Satisfactory
220.1,435.8,0.1,73.5,56.9,0.3,6.7,96.7,43.2,Severe,Very Poor,Severe,Severe,Severe,Severe
169.6,165.0,70.4,58.1,10.2,27.7,9.65,54.6,73.9,Very Poor,Very Poor,Moderate,Very Poor,Very Poor,Very Poor
200.3,304.6,155.9,132.0,213.8,25.6,1.29,16.2,36.0,Very Poor,Very Poor,Moderate,Very Poor,Very Poor,Very Poor
156.6,329.4,161.9,115.7,178.5,38.3,4.73,82.5,136.3,Very Poor,Very Poor,Poor,Very Poor,Very Poor,Very Poor
372.5,178.6,192.5,32.3,32.8,16.7,5.25,76.9,19.7,Moderate,Very Poor,Moderate,Moderate,Moderate,Moderate
5.0,557.4,32.1,130.0,99.7,9.4,4.94,47.2,156.7,Moderate,Very Poor,Very Poor,Moderate,Moderate,Moderate
461.2,202.2,27.4,36.5,63.5,37.1,5.71,90.3,50.4,Moderate,Very Poor,Moderate,Moderate,Moderate,Moderate
328.3,14.8,166.2,121.0,44.2,42.4,4.29,39.4,141.0,Severe,Very Poor,Poor,Severe,Severe,Severe
332.1,333.5,2.4,92.7,249.0,21.2,1.18,14.6,55.0,Severe,Very Poor,Satisfactory,Severe,Severe,Severe
71.2,8.6,79.4,25.3,90.7,35.9,2.13,93.3,116.1,Moderate,Very Poor,Poor,Moderate,Moderate,Moderate
304.2,324.7,10.0,106.8,5.3,13.7,0.99,35.4,122.0,Severe,Very Poor,Severe,Severe,Severe,Very Poor
320.6,425.8,184.0,130.1,194.5,31.0,3.21,77.5,151.3,Severe,Very Poor,Severe,Severe,Severe,Severe
430.9,40.1,96.9,20.1,178.6,31.7,5.64,83.8,41.6,Moderate,Very Poor,Moderate,Moderate,Moderate,Moderate
482.7,423.1,13.1,99.8,47.9,20.6,7.54,20.8,106.6,Very Poor,Very Poor,Severe,Very Poor,Very Poor,Very Poor
327.0,217.5,160.9,12.9,34.8,30.5,6.49,97.4,60.2,Severe,Very Poor,Moderate,Severe,Severe,Severe
333.7,92.0,9.2,118.9,110.3,31.2,2.86,8.0,9.3,Severe,Very Poor,Moderate,Severe,Severe,Severe
268.2,103.3,81.4,130.8,98.9,18.9,3.31,46.0,109.4,Severe,Very Poor,Moderate,Severe,Severe,Severe
209.7,548.9,55.4,30.6,161.7,23.0,6.81,44.4,45.6,Very Poor,Very Poor,Severe,Very Poor,Very Poor,Very Poor
203.1,508.6,15.1,131.3,245.1,4.2,0.58,17.5,45.3,Very Poor,Very Poor,Satisfactory,Very Poor,Very Poor,Very Poor
95.6,550.4,157.3,61.2,209.8,15.8,9.96,24.6,82.8,Poor,Very Poor,Very Poor,Poor,Poor,Poor
178.4,522.7,98.3,82.4,243.6,42.7,0.38,5.8,79.5,Very Poor,Very Poor,Satisfactory,Very Poor,Very Poor,Very Poor
328.9,73.7,66.4,47.5,224.6,24.4,0.0,73.0,121.1,Severe,Very Poor,Satisfactory,Severe,Severe,Severe
457.4,278.0,18.4,40.5,191.4,9.8,6.71,94.3,35.4,Poor,Very Poor,Moderate,Poor,Poor,Poor
275.4,25.3,11.3,53.4,215.0,31.6,0.17,90.6,63.0,Severe,Very Poor,Satisfactory,Severe,Severe,Severe
381.3,454.3,116.7,106.2,157.9,13.1,5.46,81.5,148.5,Severe,Very Poor,Severe,Severe,Severe,Severe
465.3,351.3,153.3,108.3,149.6,24.2,1.02,10.0,176.8,Very Poor,Very Poor,Poor,Poor,Poor,Poor
488.1,338.4,175.6,84.7,205.0,26.4,5.77,42.2,131.6,Poor,Very Poor,Severe,Poor,Poor,Poor
43.0,229.6,0.6,130.3,108.6,37.8,5.95,33.4,5.1,Moderate,Very Poor,Very Poor,Moderate,Moderate,Moderate
303.1,484.7,63.8,56.3,28.9,11.5,6.4,64.9,190.3,Severe,Very Poor,Poor,Severe,Severe,Severe
207.1,288.6,197.7,66.6,80.7,49.8,0.73,71.2,51.0,Very Poor,Very Poor,Satisfactory,Very Poor,Very Poor,Very Poor
323.6,297.3,11.2,75.0,178.7,34.0,1.72,68.7,73.7,Severe,Very Poor,Satisfactory,Severe,Severe,Severe
392.5,41.2,159.2,10.0,249.0,38.8,0.88,40.4,147.2,Moderate,Very Poor,Satisfactory,Moderate,Moderate,Very Poor
396.9,369.9,137.8,64.6,33.2,46.2,5.81,69.0,95.5,Very Poor,Very Poor,Severe,Very Poor,Very Poor,Very Poor
348.2,58.1,85.9,82.9,8.7,4.1,1.88,80.4,159.4,Severe,Very Poor,Poor,Severe,Severe,Severe
233.8,146.0,139.8,125.9,57.2,14.4,8.34,79.2,111.2,Very Poor,Very Poor,Moderate,Very Poor,Very Poor,Very Poor
302.4,390.8,127.0,98.9,226.1,45.6,0.85,95.9,2.2,Severe,Very Poor,Satisfactory,Severe,Severe,Very Poor
137.9,267.7,73.3,81.7,35.9,13.2,5.51,65.0,125.9,Very Poor,Very Poor,Poor,Very Poor,Very Poor,Very Poor
309.1,1.7,76.4,45.5,231.3,44.7,3.65,60.9,182.5,Severe,Very Poor,Poor,Severe,Severe,Very Poor
401.3,0.2,164.6,10.1,124.1,31.7,1.21,82.2,51.1,Moderate,Very Poor,Good,Moderate,Moderate,Poor
400.7,50.6,24.2,105.4,103.1,18.7,0.04,27.0,70.9,Moderate,Very Poor,Satisfactory,Moderate,Moderate,Moderate
73.6,416.0,168.8,120.8,192.4,15.5,2.58,92.0,85.0,Very Poor,Very Poor,Very Poor,Very Poor,Very Poor,Very Poor
40.4,57.3,52.6,73.2,58.8,0.7,0.29,38.9,7.1,Satisfactory,Very Poor,Satisfactory,Satisfactory,Moderate,Moderate
143.9,258.7,137.5,59.3,227.0,2.5,8.75,84.3,133.2,Very Poor,Very Poor,Poor,Very Poor,Very Poor,Very Poor
215.6,57.1,179.7,123.8,93.9,47.2,3.88,55.0,39.4,Very Poor,Very Poor,Moderate,Very Poor,Very Poor,Very Poor
128.7,205.3,95.0,120.7,50.9,10.3,8.24,2.7,126.1,Very Poor,Very Poor,Poor,Very Poor,Very Poor,Very Poor
472.3,399.8,59.7,73.5,45.0,49.7,6.47,85.6,199.7,Very Poor,Very Poor,Poor,Very Poor,Very Poor,Very Poor
373.4,295.3,10.0,106.9,178.0,25.3,9.37,19.7,156.9,Poor,Very Poor,Poor,Poor,Poor,Poor
383.7,16.6,55.6,10.5,89.5,46.6,4.04,27.7,131.3,Moderate,Very Poor,Poor,Moderate,Moderate,Moderate
316.1,400.0,136.4,46.3,101.1,7.8,1.2,18.8,59.1,Severe,Very Poor,Satisfactory,Severe,Severe,Very Poor
423.3,125.5,49.7,18.8,202.0,9.1,3.03,85.2,133.0,Moderate,Very Poor,Moderate,Moderate,Moderate,Moderate
305.5,247.0,29.8,95.7,53.8,12.6,1.64,5.1,70.8,Severe,Very Poor,Satisfactory,Severe,Severe,Severe
497.6,460.6,25.1,142.4,194.3,44.4,7.97,92.4,34.9,Severe,Very Poor,Severe,Severe,Severe,Severe
150.2,320.8,114.6,141.8,130.9,21.6,7.83,24.5,96.0,Very Poor,Very Poor,Very Poor,Very Poor,Very Poor,Very Poor
386.7,418.6,60.5,101.2,171.9,25.5,8.95,70.4,118.2,Very Poor,Very Poor,Severe,Very Poor,Very Poor,Very Poor
222.0,354.6,192.0,43.8,162.4,18.6,6.87,43.8,25.7,Very Poor,Very Poor,Moderate,Very Poor,Very Poor,Very Poor
88.8,499.0,163.7,128.2,117.8,38.6,2.94,11.5,100.7,Severe,Very Poor,Very Poor,Severe,Severe,Moderate
133.7,452.1,197.3,108.1,162.6,31.4,1.55,66.9,12.6,Severe,Very Poor,Very Poor,Very Poor,Severe,Severe
20.3,539.8,72.9,129.9,218.2,11.4,3.66,73.5,60.3,Moderate,Very Poor,Very Poor,Moderate,Moderate,Moderate
479.8,428.7,21.6,141.9,231.8,18.1,8.69,40.2,191.1,Very Poor,Very Poor,Severe,Very Poor,Very Poor,Very Poor
379.4,429.3,29.9,54.5,73.1,31.4,1.81,51.0,150.5,Very Poor,Very Poor,Severe,Very Poor,Very Poor,Very Poor
306.9,116.3,178.6,135.1,39.2,24.2,6.29,13.6,140.7,Severe,Very Poor,Poor,Severe,Severe,Severe
238.9,357.9,87.9,82.0,114.9,37.6,7.17,97.6,34.8,Very Poor,Very Poor,Moderate,Very Poor,Very Poor,Very Poor
436.8,274.8,109.5,106.0,216.2,34.2,2.88,17.4,152.2,Poor,Very Poor,Poor,Poor,Poor,Poor
349.0,293.9,28.3,69.3,216.5,8.3,8.3,84.0,136.0,Severe,Very Poor,Severe,Severe,Severe,Severe
408.6,446.2,141.1,96.0,90.3,43.0,7.63,67.8,11.2,Severe,Very Poor,Severe,Severe,Severe,Severe
418.6,509.5,28.9,103.7,202.7,37.6,7.39,78.5,68.1,Moderate,Very Poor,Severe,Moderate,Moderate,Moderate
474.5,464.5,84.6,77.6,176.8,43.3,7.7,51.2,13.0,Severe,Very Poor,Severe,Severe,Severe,Severe
87.8,204.3,73.7,38.3,151.2,9.0,6.65,5.1,70.1,Moderate,Very Poor,Very Poor,Moderate,Moderate,Moderate
188.8,585.6,76.4,94.3,95.3,14.8,8.94,33.3,55.8,Very Poor,Very Poor,Severe,Very Poor,Very Poor,Very Poor
133.9,188.0,77.2,127.4,93.4,3.3,9.09,57.5,56.7,Very Poor,Very Poor,Moderate,Very Poor,Very Poor,Very Poor
210.7,329.5,6.7,43.0,162.4,29.6,2.23,5.9,157.6,Very Poor,Very Poor,Poor,Very Poor,Very Poor,Very Poor
411.3,295.8,144.3,30.8,112.0,1.2,5.1,19.8,11.3,Poor,Very Poor,Moderate,Poor,Poor,Poor
308.8,358.4,147.4,92.0,191.2,35.7,9.61,87.3,87.7,Severe,Very Poor,Severe,Severe,Severe,Severe
2.4,175.9,99.6,85.0,69.2,33.5,3.96,35.2,33.9,Moderate,Very Poor,Very Poor,Moderate,Moderate,Moderate
83.6,261.8,81.9,32.4,114.5,14.0,1.5,55.8,68.8,Poor,Very Poor,Satisfactory,Moderate,Poor,Poor
373.7,572.0,171.7,49.0,30.4,22.8,5.93,66.0,144.1,Moderate,Very Poor,Severe,Moderate,Moderate,Moderate
460.6,256.6,105.5,10.4,157.9,14.1,9.54,44.4,104.9,Poor,Very Poor,Moderate,Poor,Poor,Poor
153.5,231.1,189.6,63.3,201.3,22.7,0.54,99.1,69.1,Very Poor,Very Poor,Satisfactory,Very Poor,Very Poor,Very Poor
64.6,95.6,74.7,47.8,43.9,33.6,3.51,55.7,68.2,Moderate,Very Poor,Very Poor,Moderate,Moderate,Moderate
433.4,371.7,119.5,143.4,39.2,50.0,3.72,6.3,183.8,Very Poor,Very Poor,Poor,Very Poor,Very Poor,Satisfactory
444.5,351.9,126.4,1.4,0.4,9.4,4.33,80.7,186.9,Very Poor,Very Poor,Poor,Poor,Very Poor,Moderate
178.3,403.2,34.9,32.7,155.9,14.5,1.18,70.2,114.3,Very Poor,Very Poor,Satisfactory,Very Poor,Very Poor,Very Poor
211.3,87.2,87.9,12.9,19.5,17.4,3.08,67.1,94.5,Very Poor,Very Poor,Moderate,Very Poor,Very Poor,Moderate
335.6,370.2,169.3,138.3,157.4,24.1,3.64,46.9,77.8,Severe,Very Poor,Severe,Severe,Severe,Severe
331.6,487.4,190.2,148.7,171.5,13.4,0.33,58.2,54.2,Severe,Very Poor,Severe,Severe,Severe,Severe
286.7,564.3,135.3,80.6,88.0,27.7,7.27,37.6,13.6,Severe,Very Poor,Severe,Severe,Severe,Severe
495.8,277.7,180.3,149.7,136.5,5.9,2.99,82.8,162.0,Poor,Very Poor,Severe,Poor,Poor,Poor
435.9,524.8,170.3,59.9,64.7,12.5,2.92,70.9,26.9,Moderate,Very Poor,Severe,Moderate,Moderate,Moderate
497.7,159.3,68.0,15.4,173.9,25.3,1.49,9.4,138.9,Moderate,Very Poor,Satisfactory,Satisfactory,Moderate,Satisfactory
129.8,63.1,183.9,55.3,23.0,29.0,1.74,61.1,164.3,Very Poor,Very Poor,Poor,Very Poor,Very Poor,Very Poor
86.1,239.1,108.4,17.3,169.0,3.8,7.33,27.6,92.0,Moderate,Very Poor,Very Poor,Moderate,Moderate,Moderate
51.9,223.9,84.4,26.0,239.0,0.8,1.0,84.1,163.3,Moderate,Very Poor,Poor,Moderate,Moderate,Very Poor
44.0,358.3,164.4,147.2,182.3,41.7,9.6,19.1,184.6,Very Poor,Very Poor,Poor,Very Poor,Very Poor,Very Poor
236.5,446.5,34.7,87.9,90.9,38.7,2.71,7.2,128.1,Severe,Very Poor,Severe,Severe,Severe,Severe
185.3,108.6,71.6,143.9,157.0,41.1,1.49,68.8,164.0,Very Poor,Very Poor,Poor,Very Poor,Very Poor,Very Poor
394.3,113.6,120.8,142.2,20.5,34.2,3.67,80.8,1.3,Moderate,Very Poor,Moderate,Moderate,Moderate,Moderate
310.2,270.7,154.3,38.7,102.8,39.0,7.8,94.2,110.7,Severe,Very Poor,Moderate,Severe,Severe,Severe
492.7,587.1,33.1,124.2,133.3,7.8,3.69,85.5,46.6,Moderate,Very Poor,Severe,Moderate,Moderate,Moderate
21.5,420.9,146.3,41.2,160.1,27.0,8.58,20.0,32.9,Very Poor,Very Poor,Very Poor,Very Poor,Very Poor,Very Poor
494.8,426.5,38.0,89.7,154.4,18.7,7.15,41.3,42.8,Very Poor,Very Poor,Severe,Very Poor,Very Poor,Very Poor
139.7,202.2,197.7,26.6,50.4,39.1,7.72,97.1,120.6,Very Poor,Very Poor,Poor,Very Poor,Very Poor,Very Poor
280.8,162.2,157.7,24.6,11.0,27.5,6.73,88.6,46.5,Severe,Very Poor,Moderate,Severe,Severe,Severe
18.3,211.1,178.7,117.3,26.1,8.0,3.67,90.8,89.9,Moderate,Very Poor,Very Poor,Moderate,Moderate,Moderate
80.4,40.8,43.1,67.1,85.3,24.9,9.82,38.2,134.6,Moderate,Very Poor,Poor,Moderate,Moderate,Moderate
96.1,477.9,71.1,96.7,102.0,27.6,1.54,65.1,112.7,Severe,Very Poor,Very Poor,Poor,Severe,Severe
135.1,237.0,178.1,125.0,51.9,39.3,1.96,19.5,80.8,Very Poor,Very Poor,Very Poor,Very Poor,Very Poor,Very Poor
269.3,166.0,195.8,106.9,130.1,17.5,8.78,11.3,135.6,Severe,Very Poor,Poor,Severe,Severe,Severe
239.2,116.4,55.8,84.8,1.1,4.8,9.77,31.0,9.6,Very Poor,Very Poor,Moderate,Very Poor,Very Poor,Very Poor
7.0,261.3,141.0,34.8,115.9,28.0,0.99,33.5,6.5,Poor,Very Poor,Satisfactory,Satisfactory,Poor,Poor
138.9,402.8,101.9,54.5,118.3,44.7,6.7,62.0,122.9,Very Poor,Very Poor,Very Poor,Very Poor,Very Poor,Very Poor
457.7,493.2,5.6,19.2,58.1,2.1,6.67,61.6,184.5,Severe,Very Poor,Severe,Severe,Severe,Severe
446.3,285.1,120.9,101.2,231.9,14.4,6.47,25.5,81.6,Poor,Very Poor,Moderate,Poor,Poor,Poor
331.1,156.0,188.8,54.3,155.9,17.0,9.95,1.4,77.5,Severe,Very Poor,Moderate,Severe,Severe,Severe
410.5,541.1,78.0,144.3,231.1,48.7,5.47,98.2,141.7,Moderate,Very Poor,Severe,Moderate,Moderate,Moderate
256.6,598.3,59.7,88.1,56.9,50.0,7.85,80.5,109.3,Severe,Very Poor,Severe,Severe,Severe,Satisfactory
378.2,87.6,57.9,41.4,95.9,45.7,2.88,32.1,107.1,Moderate,Very Poor,Moderate,Moderate,Moderate,Moderate
185.3,274.5,129.2,10.4,222.6,28.2,7.94,41.9,197.8,Very Poor,Very Poor,Poor,Very Poor,Very Poor,Very Poor
69.3,106.6,163.6,147.5,167.2,36.2,4.44,21.5,43.7,Moderate,Very Poor,Moderate,Moderate,Moderate,Moderate
62.5,550.0,184.1,30.1,156.8,12.8,1.17,39.7,35.3,Moderate,Very Poor,Satisfactory,Poor,Moderate,Very Poor
358.9,441.6,6.7,81.8,40.6,40.1,4.01,71.2,10.1,Severe,Very Poor,Severe,Severe,Severe,Severe
238.2,491.5,156.1,40.0,94.4,19.1,7.23,4.6,193.4,Severe,Very Poor,Poor,Severe,Severe,Severe
28.7,493.0,73.5,51.3,84.1,13.0,8.7,72.0,35.0,Severe,Very Poor,Very Poor,Severe,Severe,Severe
194.2,403.8,140.1,53.2,223.1,13.0,2.72,99.6,28.7,Very Poor,Very Poor,Very Poor,Very Poor,Very Poor,Very Poor
420.2,583.7,78.3,72.8,171.6,6.5,8.82,34.1,168.7,Moderate,Very Poor,Severe,Moderate,Moderate,Moderate
221.5,174.5,60.7,60.2,199.4,2.2,1.97,24.4,136.5,Very Poor,Very Poor,Poor,Very Poor,Very Poor,Very Poor
171.0,236.0,117.7,121.9,48.9,9.9,4.05,93.2,93.8,Very Poor,Very Poor,Very Poor,Very Poor,Very Poor,Very Poor
444.2,57.9,18.3,10.2,191.5,24.8,4.68,12.3,68.4,Moderate,Very Poor,Moderate,Moderate,Moderate,Moderate
186.7,399.5,167.2,72.2,47.6,30.0,0.75,62.9,18.1,Very Poor,Very Poor,Satisfactory,Very Poor,Very Poor,Very Poor
349.1,188.6,135.4,124.0,122.9,4.9,3.63,3.1,78.8,Severe,Very Poor,Moderate,Severe,Severe,Severe
356.3,268.1,120.6,91.2,181.0,19.4,4.37,35.6,101.0,Poor,Very Poor,Moderate,Poor,Poor,Poor
167.5,363.9,13.3,141.9,192.0,8.5,7.37,29.0,171.8,Very Poor,Very Poor,Poor,Very Poor,Very Poor,Very Poor
498.2,590.0,148.2,12.2,90.1,44.1,3.08,1.4,150.0,Moderate,Very Poor,Severe,Moderate,Moderate,Moderate
304.8,190.0,156.6,145.3,240.7,22.6,6.81,99.0,147.1,Severe,Very Poor,Poor,Severe,Severe,Severe
208.2,201.5,112.5,133.8,166.2,30.8,9.12,49.7,101.6,Very Poor,Very Poor,Moderate,Very Poor,Very Poor,Very Poor
224.5,436.8,136.8,87.3,244.8,45.7,3.06,22.8,69.6,Severe,Very Poor,Severe,Severe,Severe,Severe
266.6,493.7,133.2,108.9,103.1,22.2,1.4,74.8,185.6,Severe,Very Poor,Poor,Severe,Severe,Severe
90.1,161.2,62.3,92.2,165.1,27.1,1.14,35.6,154.2,Moderate,Very Poor,Poor,Poor,Moderate,Moderate
85.0,592.7,195.3,107.0,20.2,10.3,1.13,25.5,129.7,Moderate,Very Poor,Very Poor,Moderate,Moderate,Moderate
452.5,350.1,179.6,87.1,150.8,9.2,5.32,42.0,131.8,Moderate,Very Poor,Severe,Very Poor,Very Poor,Very Poor
435.3,16.2,97.9,83.3,196.1,22.1,3.49,82.3,128.0,Moderate,Very Poor,Moderate,Moderate,Moderate,Moderate
284.0,576.2,106.5,18.9,94.4,1.4,6.06,29.5,190.0,Severe,Very Poor,Severe,Severe,Severe,Severe
240.8,486.9,25.3,59.3,44.7,38.2,0.49,37.3,32.3,Severe,Very Poor,Satisfactory,Very Poor,Severe,Severe
28.4,211.3,134.3,145.5,104.0,1.5,4.04,80.4,141.0,Moderate,Very Poor,Poor,Moderate,Moderate,Moderate
104.1,260.9,99.8,84.7,186.7,29.7,2.09,5.9,153.0,Poor,Very Poor,Poor,Poor,Poor,Poor
368.1,293.5,88.9,131.0,215.3,5.9,2.32,65.1,118.1,Poor,Very Poor,Severe,Poor,Poor,Poor
87.5,100.8,194.1,85.5,97.8,19.3,2.48,80.0,36.5,Moderate,Very Poor,Moderate,Moderate,Moderate,Moderate
453.8,594.4,171.6,96.8,57.8,49.1,7.31,79.1,161.1,Moderate,Very Poor,Severe,Moderate,Moderate,Moderate
335.8,337.9,170.6,97.8,43.2,33.5,5.12,40.1,28.2,Severe,Very Poor,Moderate,Severe,Severe,Severe
359.7,528.7,91.9,135.2,115.1,15.1,1.64,15.2,20.6,Moderate,Very Poor,Severe,Moderate,Moderate,Moderate
453.4,149.2,196.0,118.7,102.5,13.9,9.4,23.5,66.6,Moderate,Very Poor,Moderate,Moderate,Moderate,Moderate
355.9,387.7,182.0,3.8,101.1,34.7,0.02,97.0,156.7,Very Poor,Very Poor,Satisfactory,Very Poor,Very Poor,Severe
367.6,184.7,41.8,19.4,203.3,25.0,4.34,20.1,126.0,Moderate,Very Poor,Poor,Moderate,Moderate,Moderate
312.2,460.4,71.4,92.5,98.0,40.4,5.46,26.5,135.4,Severe,Very Poor,Severe,Severe,Severe,Severe
382.5,75.9,82.6,25.4,196.4,14.7,7.46,47.5,178.1,Poor,Very Poor,Poor,Poor,Poor,Poor
224.3,534.6,92.4,149.9,108.2,26.5,2.31,27.5,107.1,Very Poor,Very Poor,Severe,Very Poor,Very Poor,Very Poor
280.6,536.1,181.9,12.9,69.1,8.0,6.04,72.1,172.8,Severe,Very Poor,Severe,Severe,Severe,Poor
110.9,329.0,120.8,94.0,81.4,26.1,1.27,66.3,132.3,Poor,Very Poor,Poor,Poor,Poor,Severe
30.7,265.3,167.6,1.5,135.7,13.4,3.37,85.9,14.5,Poor,Very Poor,Very Poor,Poor,Poor,Poor
53.5,252.2,197.5,111.8,170.3,29.7,5.46,87.5,57.9,Poor,Very Poor,Very Poor,Poor,Poor,Poor
288.5,394.1,87.5,141.8,167.2,12.3,7.15,69.6,171.5,Severe,Very Poor,Poor,Severe,Severe,Severe
478.2,474.4,146.7,115.9,135.8,43.5,9.67,25.1,97.6,Severe,Very Poor,Severe,Severe,Severe,Severe
239.1,581.5,10.2,121.1,211.6,22.0,4.51,53.5,175.5,Very Poor,Very Poor,Severe,Very Poor,Very Poor,Very Poor
187.2,317.4,173.9,141.7,199.4,24.8,2.52,96.5,117.2,Very Poor,Very Poor,Very Poor,Very Poor,Very Poor,Very Poor
213.2,440.0,66.1,46.2,143.9,12.9,9.22,30.4,123.0,Severe,Very Poor,Severe,Severe,Severe,Severe
269.2,484.6,124.4,100.2,211.0,25.8,3.56,60.0,13.2,Severe,Very Poor,Severe,Severe,Severe,Severe
400.5,159.1,20.2,106.2,245.6,1.6,7.98,56.2,42.3,Moderate,Very Poor,Moderate,Moderate,Moderate,Moderate
15.5,216.2,102.5,136.6,207.9,15.6,1.74,45.4,24.6,Moderate,Very Poor,Very Poor,Moderate,Moderate,Moderate
274.5,384.7,21.5,148.7,20.4,42.0,2.48,75.0,119.5,Severe,Very Poor,Severe,Severe,Severe,Severe
468.6,146.5,155.0,128.3,160.8,22.8,5.29,12.8,27.6,Moderate,Very Poor,Moderate,Moderate,Moderate,Moderate
241.6,314.9,57.0,9.2,90.2,39.4,1.9,39.2,46.7,Very Poor,Very Poor,Satisfactory,Very Poor,Very Poor,Very Poor
328.8,220.0,88.8,16.3,27.5,43.1,5.91,82.9,153.0,Severe,Very Poor,Poor,Severe,Severe,Severe
185.1,583.0,44.8,51.4,167.3,11.2,6.99,33.6,120.3,Very Poor,Very Poor,Severe,Very Poor,Very Poor,Very Poor
124.0,366.5,149.2,60.9,134.0,27.9,3.75,58.4,39.8,Very Poor,Very Poor,Very Poor,Very Poor,Very Poor,Very Poor
38.1,375.6,14.7,74.3,222.8,17.8,0.76,38.9,150.9,Very Poor,Very Poor,Poor,Severe,Very Poor,Very Poor
48.1,533.2,61.5,117.9,152.7,25.5,3.34,56.1,67.8,Moderate,Very Poor,Very Poor,Moderate,Moderate,Moderate
189.3,49.6,41.5,30.1,16.9,22.1,4.29,0.0,113.7,Very Poor,Very Poor,Poor,Very Poor,Very Poor,Very Poor
443.4,44.6,178.8,83.2,92.7,0.5,7.75,46.8,71.9,Moderate,Very Poor,Moderate,Moderate,Moderate,Moderate
92.1,134.0,126.9,135.0,77.8,25.2,8.44,7.6,114.3,Poor,Very Poor,Very Poor,Poor,Poor,Poor
356.3,439.5,181.1,38.7,154.4,24.3,6.43,33.2,72.2,Severe,Very Poor,Severe,Severe,Severe,Severe
101.0,77.0,68.9,12.2,194.4,12.8,1.98,67.5,181.9,Poor,Very Poor,Poor,Poor,Poor,Poor
44.5,354.1,94.0,35.7,41.5,12.7,5.13,68.8,81.1,Very Poor,Very Poor,Very Poor,Very Poor,Very Poor,Very Poor
120.3,260.2,79.5,32.7,222.9,8.2,8.97,71.8,23.2,Poor,Very Poor,Moderate,Poor,Poor,Poor
19.7,432.8,11.2,137.2,129.0,39.1,2.47,54.8,164.8,Severe,Very Poor,Poor,Severe,Severe,Severe
279.5,166.0,83.8,16.0,218.5,21.1,4.07,82.3,174.7,Severe,Very Poor,Poor,Severe,Severe,Severe
124.9,207.6,157.9,8.6,97.3,44.2,0.38,86.1,78.6,Very Poor,Very Poor,Good,Very Poor,Very Poor,Very Poor
40.2,499.3,89.4,149.9,197.8,11.7,0.78,51.0,137.3,Severe,Very Poor,Very Poor,Moderate,Severe,Very Poor
82.5,474.8,48.6,114.0,78.6,15.1,0.91,32.9,4.3,Severe,Very Poor,Satisfactory,Moderate,Severe,Severe
451.1,195.1,156.5,62.2,206.3,19.3,7.03,21.3,199.0,Poor,Very Poor,Poor,Poor,Poor,Poor
176.1,143.6,188.8,65.6,196.8,23.0,5.98,68.5,40.5,Very Poor,Very Poor,Moderate,Very Poor,Very Poor,Very Poor
455.5,4.9,163.6,22.7,45.5,37.9,6.24,93.6,39.6,Moderate,Very Poor,Moderate,Moderate,Moderate,Moderate
147.2,576.7,148.9,35.7,105.9,33.1,9.56,38.1,6.7,Very Poor,Very Poor,Severe,Very Poor,Very Poor,Very Poor
217.6,545.8,93.6,144.5,111.2,17.0,6.82,5.4,120.2,Very Poor,Very Poor,Severe,Very Poor,Very Poor,Very Poor
161.0,117.9,157.1,30.5,176.4,11.3,2.94,20.6,37.0,Very Poor,Very Poor,Moderate,Very Poor,Very Poor,Very Poor
51.0,492.9,71.2,94.5,149.2,14.3,3.1,62.2,59.9,Severe,Very Poor,Very Poor,Severe,Severe,Severe
423.3,434.9,124.4,93.4,31.6,42.6,9.59,98.9,186.1,Severe,Very Poor,Severe,Severe,Severe,Severe
157.9,217.6,175.7,42.2,141.3,4.5,4.28,49.5,171.0,Very Poor,Very Poor,Poor,Very Poor,Very Poor,Very Poor
112.8,484.4,44.2,48.2,227.8,37.6,9.06,14.5,146.8,Severe,Very Poor,Very Poor,Severe,Severe,Severe
498.1,161.8,63.2,100.7,217.9,6.4,2.75,22.8,196.3,Poor,Very Poor,Poor,Poor,Poor,Poor
274.7,16.6,6.7,97.7,88.8,2.5,8.14,5.0,165.2,Severe,Very Poor,Poor,Severe,Severe,Severe
89.1,521.1,52.7,89.8,248.3,2.0,3.1,80.1,61.6,Moderate,Very Poor,Very Poor,Moderate,Moderate,Moderate
496.4,269.2,74.9,94.8,47.7,27.4,9.73,88.4,186.7,Poor,Very Poor,Poor,Poor,Poor,Poor
63.7,368.9,42.8,119.1,62.5,23.4,9.35,39.8,162.2,Very Poor,Very Poor,Poor,Very Poor,Very Poor,Very Poor
482.9,578.6,2.1,41.6,70.1,7.5,4.73,65.9,29.2,Moderate,Very Poor,Severe,Moderate,Moderate,Moderate
194.0,320.4,192.4,104.4,234.6,4.7,7.03,0.4,43.2,Very Poor,Very Poor,Moderate,Very Poor,Very Poor,Very Poor
394.8,159.8,24.6,49.9,13.3,28.7,4.59,57.4,164.7,Moderate,Very Poor,Poor,Moderate,Moderate,Moderate
301.1,457.0,158.4,111.9,30.4,31.1,8.62,54.7,176.6,Severe,Very Poor,Severe,Severe,Severe,Severe
340.3,115.7,39.4,122.9,179.6,48.6,6.69,51.0,8.7,Severe,Very Poor,Moderate,Severe,Severe,Severe
49.1,466.3,124.3,141.7,142.0,44.1,5.77,12.4,173.2,Severe,Very Poor,Poor,Severe,Severe,Severe
37.3,506.7,193.1,118.8,136.2,2.8,0.38,67.0,101.6,Moderate,Very Poor,Very Poor,Moderate,Moderate,Moderate
173.6,196.2,58.0,145.9,235.4,0.4,8.03,78.5,45.2,Very Poor,Very Poor,Moderate,Very Poor,Very Poor,Very Poor
220.0,304.7,36.3,135.6,128.3,28.3,0.99,42.5,164.5,Very Poor,Very Poor,Poor,Very Poor,Very Poor,Very Poor
332.3,7.2,179.3,47.9,37.1,20.6,6.3,57.8,182.4,Severe,Very Poor,Poor,Severe,Severe,Severe
16.9,358.1,56.8,142.1,213.6,36.8,2.96,87.5,142.5,Very Poor,Very Poor,Very Poor,Very Poor,Very Poor,Very Poor
315.5,17.8,93.0,52.9,186.7,16.1,3.63,36.0,172.2,Severe,Very Poor,Poor,Severe,Severe,Severe
301.6,490.8,85.2,66.0,29.7,2.7,0.24,99.8,51.4,Severe,Very Poor,Satisfactory,Severe,Severe,Severe
193.2,227.3,92.5,89.1,28.8,1.3,0.94,93.3,51.3,Very Poor,Very Poor,Satisfactory,Very Poor,Very Poor,Very Poor
452.2,102.1,159.2,138.0,36.9,37.6,6.18,38.8,88.8,Moderate,Very Poor,Moderate,Moderate,Moderate,Moderate
268.8,27.5,167.5,51.8,99.7,25.6,6.59,86.2,100.7,Severe,Very Poor,Moderate,Severe,Severe,Severe
68.4,214.1,104.4,97.2,239.7,14.3,0.1,74.6,113.6,Moderate,Very Poor,Very Poor,Moderate,Moderate,Moderate
202.0,537.8,80.0,113.3,153.4,2.1,7.15,42.9,197.3,Very Poor,Very Poor,Poor,Very Poor,Very Poor,Very Poor
32.7,598.0,67.9,106.7,112.8,18.7,3.84,83.8,83.4,Moderate,Very Poor,Very Poor,Moderate,Moderate,Satisfactory
417.9,347.9,116.0,43.4,20.0,27.3,2.47,63.9,9.9,Poor,Very Poor,Satisfactory,Poor,Poor,Poor
292.6,346.6,3.3,12.1,18.0,47.1,2.44,88.0,168.5,Severe,Very Poor,Poor,Severe,Severe,Severe
439.1,528.1,85.6,59.0,207.8,22.0,6.67,7.8,55.9,Moderate,Very Poor,Severe,Moderate,Moderate,Moderate
296.2,395.9,137.1,14.7,35.2,37.9,2.91,13.7,106.7,Severe,Very Poor,Severe,Severe,Severe,Severe
300.2,275.9,60.4,119.9,209.7,23.3,5.69,0.6,125.0,Severe,Very Poor,Poor,Severe,Severe,Severe
163.2,572.6,82.3,44.4,202.7,26.8,8.74,11.2,55.8,Very Poor,Very Poor,Severe,Very Poor,Very Poor,Very Poor
179.3,77.2,118.2,54.3,181.2,24.0,2.83,61.9,32.5,Very Poor,Very Poor,Moderate,Very Poor,Very Poor,Very Poor
71.4,333.4,63.0,124.7,93.7,8.0,8.58,47.0,164.2,Poor,Very Poor,Poor,Poor,Poor,Poor
488.2,587.2,169.5,92.2,215.5,12.3,2.92,75.9,43.9,Moderate,Very Poor,Severe,Moderate,Moderate,Moderate
98.0,272.2,110.5,88.5,219.0,6.1,7.32,21.8,163.7,Poor,Very Poor,Poor,Poor,Poor,Poor
412.3,65.7,66.2,35.5,219.2,3.8,8.92,58.2,188.3,Poor,Very Poor,Poor,Poor,Poor,Poor
48.8,241.8,85.0,54.8,119.8,30.5,9.84,62.8,21.0,Moderate,Very Poor,Very Poor,Moderate,Moderate,Moderate
292.3,202.6,183.6,27.4,82.9,37.9,4.11,7.1,195.8,Severe,Very Poor,Poor,Severe,Severe,Severe
339.1,258.7,198.3,70.4,190.9,35.6,3.94,94.7,5.5,Severe,Very Poor,Moderate,Severe,Severe,Severe
403.0,152.0,91.0,106.6,189.4,26.5,8.86,41.3,18.8,Moderate,Very Poor,Moderate,Moderate,Moderate,Moderate
439.6,35.7,55.3,134.7,163.2,20.6,4.66,69.8,158.6,Moderate,Very Poor,Moderate,Moderate,Moderate,Moderate
273.2,79.4,63.9,21.1,224.4,7.8,8.91,64.8,32.9,Severe,Very Poor,Moderate,Severe,Severe,Severe
184.5,573.8,147.0,34.4,191.9,1.1,5.43,56.6,175.6,Very Poor,Very Poor,Poor,Very Poor,Very Poor,Very Poor
316.5,302.2,174.1,109.9,49.1,5.3,0.64,7.2,69.0,Severe,Very Poor,Satisfactory,Severe,Severe,Poor
177.1,162.1,45.2,26.9,161.6,0.1,9.57,24.8,37.6,Very Poor,Very Poor,Moderate,Very Poor,Very Poor,Very Poor
273.8,163.0,90.1,75.0,50.7,31.6,2.43,72.7,1.2,Severe,Very Poor,Moderate,Severe,Severe,Severe
381.8,287.4,146.8,71.9,68.4,39.2,7.46,6.2,28.1,Poor,Very Poor,Moderate,Poor,Poor,Poor
231.4,501.2,138.8,15.7,135.6,28.2,5.42,4.2,139.9,Very Poor,Very Poor,Severe,Very Poor,Very Poor,Very Poor
420.7,169.1,0.8,54.1,40.4,46.9,7.29,62.8,118.6,Moderate,Very Poor,Moderate,Moderate,Moderate,Moderate
399.7,451.6,128.4,130.6,158.4,0.5,0.83,6.8,63.0,Severe,Very Poor,Satisfactory,Severe,Severe,Very Poor
232.7,574.4,136.4,57.2,236.3,27.7,8.69,5.7,93.8,Very Poor,Very Poor,Severe,Very Poor,Very Poor,Very Poor
377.1,349.4,72.0,76.0,119.9,23.8,8.08,86.1,138.9,Poor,Very Poor,Severe,Poor,Poor,Very Poor
406.7,265.0,22.6,89.6,125.4,4.2,5.57,39.9,140.2,Poor,Very Poor,Severe,Poor,Poor,Poor
55.4,408.4,159.2,10.5,161.7,25.8,2.77,12.3,13.9,Very Poor,Very Poor,Good,Very Poor,Very Poor,Very Poor
235.3,437.1,112.7,127.1,94.2,12.3,0.8,88.1,122.4,Severe,Very Poor,Severe,Very Poor,Severe,Severe
277.0,417.1,10.0,104.1,102.4,23.7,5.09,88.7,35.7,Severe,Very Poor,Severe,Severe,Severe,Severe
151.5,315.6,186.5,147.1,163.8,21.5,5.1,41.3,189.2,Very Poor,Very Poor,Poor,Very Poor,Very Poor,Very Poor
81.8,472.0,72.5,78.6,38.1,38.4,3.04,51.5,5.7,Severe,Very Poor,Very Poor,Severe,Severe,Severe
49.5,387.9,68.1,71.7,116.6,37.9,9.42,14.9,79.8,Very Poor,Very Poor,Very Poor,Very Poor,Very Poor,Very Poor
426.0,225.1,25.3,65.0,68.2,0.3,8.98,55.2,60.7,Moderate,Very Poor,Moderate,Moderate,Moderate,Moderate
128.3,575.6,62.8,109.4,243.9,15.7,8.11,61.7,44.2,Very Poor,Very Poor,Severe,Very Poor,Very Poor,Very Poor
360.2,404.0,125.1,117.6,52.0,34.9,8.88,19.4,17.8,Very Poor,Very Poor,Moderate,Very Poor,Very Poor,Very Poor
392.9,544.6,102.0,55.0,124.3,24.6,8.8,42.3,71.1,Moderate,Very Poor,Severe,Moderate,Moderate,Moderate
128.6,385.3,143.1,139.1,111.8,5.7,0.44,40.9,196.8,Very Poor,Very Poor,Poor,Very Poor,Very Poor,Very Poor
63.3,399.0,139.7,92.0,187.4,4.9,9.22,37.8,159.9,Very Poor,Very Poor,Poor,Very Poor,Very Poor,Very Poor
405.4,77.1,124.6,75.4,119.2,48.5,5.38,86.9,8.9,Moderate,Very Poor,Moderate,Moderate,Moderate,Moderate
481.1,236.1,171.5,86.5,38.6,30.6,6.17,73.1,156.4,Moderate,Very Poor,Poor,Moderate,Moderate,Moderate
303.7,367.8,182.6,26.2,227.1,7.8,5.12,0.7,11.6,Severe,Very Poor,Moderate,Severe,Severe,Severe
258.5,48.5,182.7,141.7,141.9,6.7,8.55,17.4,151.3,Severe,Very Poor,Poor,Severe,Severe,Severe
137.5,40.9,28.9,148.2,163.2,6.4,1.0,45.3,0.3,Very Poor,Very Poor,Moderate,Very Poor,Very Poor,Very Poor
352.7,375.9,190.8,142.2,148.5,19.8,5.24,3.9,184.1,Very Poor,Very Poor,Poor,Very Poor,Very Poor,Very Poor
328.4,595.4,78.8,46.6,12.3,37.8,6.18,57.5,161.4,Severe,Very Poor,Severe,Severe,Severe,Satisfactory
264.9,211.6,20.3,131.7,195.5,0.2,6.3,84.7,162.0,Severe,Very Poor,Poor,Severe,Severe,Severe
322.8,129.4,133.2,34.5,209.8,37.0,3.87,6.2,23.4,Severe,Very Poor,Moderate,Severe,Severe,Severe
364.7,541.2,128.3,95.9,27.5,34.7,1.3,9.4,63.6,Moderate,Very Poor,Severe,Moderate,Moderate,Very Poor
353.9,453.2,50.1,107.4,76.7,49.6,8.59,56.7,70.9,Severe,Very Poor,Severe,Severe,Severe,Severe
146.4,561.2,46.8,143.6,71.1,16.3,2.3,73.1,5.0,Very Poor,Very Poor,Severe,Very Poor,Very Poor,Very Poor
179.9,275.3,136.4,13.9,118.3,21.8,7.44,98.0,148.0,Very Poor,Very Poor,Poor,Very Poor,Very Poor,Poor
25.4,488.3,32.0,7.5,111.5,1.8,0.09,82.3,32.3,Severe,Very Poor,Satisfactory,Poor,Severe,Severe
131.1,192.6,78.3,19.6,133.5,35.0,8.73,24.8,93.0,Very Poor,Very Poor,Very Poor,Very Poor,Very Poor,Very Poor
418.3,299.3,48.9,42.9,198.0,41.2,2.38,86.1,183.6,Poor,Very Poor,Poor,Poor,Poor,Poor
435.2,509.7,143.6,45.6,51.8,7.3,1.56,24.8,120.1,Moderate,Very Poor,Satisfactory,Moderate,Moderate,Moderate
53.6,580.2,75.4,127.8,135.8,47.7,2.2,58.0,16.6,Moderate,Very Poor,Very Poor,Moderate,Moderate,Moderate
60.5,236.2,179.7,116.8,21.5,35.0,4.76,87.0,176.2,Poor,Very Poor,Poor,Poor,Poor,Poor
49.7,418.2,127.8,111.4,181.1,14.6,3.81,50.4,173.0,Very Poor,Very Poor,Poor,Very Poor,Very Poor,Very Poor
184.8,299.0,183.2,75.0,91.2,29.1,4.33,41.1,33.2,Very Poor,Very Poor,Moderate,Very Poor,Very Poor,Very Poor
153.1,548.8,27.7,107.4,51.6,26.4,4.33,3.9,172.9,Very Poor,Very Poor,Poor,Very Poor,Very Poor,Very Poor
287.5,114.7,56.7,149.4,47.6,6.2,9.99,23.9,77.1,Severe,Very Poor,Moderate,Severe,Severe,Severe
124.8,566.3,166.3,108.4,190.2,49.3,8.31,34.5,78.0,Very Poor,Very Poor,Very Poor,Very Poor,Very Poor,Very Poor
167.5,395.6,177.6,15.3,75.4,6.5,2.87,7.8,82.6,Very Poor,Very Poor,Very Poor,Very Poor,Very Poor,Very Poor
307.0,500.4,161.9,139.7,160.0,4.5,2.6,9.7,4.6,Severe,Very Poor,Severe,Severe,Severe,Severe
428.3,569.9,68.1,129.4,47.3,22.9,9.11,22.4,60.6,Moderate,Very Poor,Severe,Moderate,Moderate,Moderate
118.8,132.2,127.7,18.5,125.0,33.8,3.02,43.7,2.8,Poor,Very Poor,Satisfactory,Poor,Poor,Poor
405.8,376.1,123.4,136.2,245.2,40.6,2.01,47.4,63.4,Very Poor,Very Poor,Severe,Severe,Very Poor,Very Poor
410.0,294.3,115.3,141.6,164.1,41.6,9.6,70.8,71.6,Poor,Very Poor,Moderate,Poor,Poor,Poor
106.3,237.4,24.6,32.9,12.9,34.7,1.9,31.5,150.7,Poor,Very Poor,Poor,Poor,Poor,Poor
160.6,77.9,197.6,17.1,73.4,23.0,1.61,41.7,193.8,Very Poor,Very Poor,Poor,Very Poor,Very Poor,Very Poor
458.1,93.9,143.9,128.5,224.9,2.0,2.74,4.6,94.1,Moderate,Very Poor,Moderate,Moderate,Moderate,Moderate
447.3,14.9,77.2,4.2,95.3,39.9,1.43,69.0,71.9,Satisfactory,Very Poor,Satisfactory,Satisfactory,Satisfactory,Moderate
347.0,515.5,130.9,136.7,209.8,20.4,4.54,32.3,172.0,Severe,Very Poor,Severe,Severe,Severe,Severe
174.9,537.1,140.2,121.6,157.4,3.2,3.12,35.3,66.9,Very Poor,Very Poor,Severe,Very Poor,Very Poor,Very Poor
335.3,263.7,4.4,100.7,170.3,10.3,9.82,52.1,114.5,Severe,Very Poor,Moderate,Severe,Severe,Severe
41.2,311.9,66.4,145.0,138.3,18.7,3.46,87.6,64.5,Poor,Very Poor,Very Poor,Poor,Poor,Poor
335.4,515.0,17.0,85.3,129.9,24.2,7.56,20.2,146.3,Severe,Very Poor,Severe,Severe,Severe,Severe
322.2,240.7,4.2,143.1,245.2,28.6,1.24,46.2,105.7,Severe,Very Poor,Moderate,Severe,Severe,Severe
104.9,158.5,158.8,1.9,205.5,36.7,3.9,5.2,117.7,Poor,Very Poor,Poor,Poor,Poor,Poor
74.4,583.1,67.7,124.8,18.3,44.5,0.01,99.0,129.3,Moderate,Very Poor,Very Poor,Moderate,Moderate,Moderate
400.2,254.6,191.8,141.3,124.8,44.2,5.3,92.3,32.6,Poor,Very Poor,Moderate,Poor,Poor,Poor
272.1,550.0,72.3,70.0,49.6,1.8,4.7,83.5,160.2,Severe,Very Poor,Severe,Severe,Severe,Severe
12.0,522.1,113.2,11.9,26.6,44.0,2.5,6.3,31.2,Moderate,Very Poor,Good,Moderate,Moderate,Severe
154.9,325.0,42.5,134.2,148.4,44.1,2.79,64.3,126.2,Very Poor,Very Poor,Very Poor,Very Poor,Very Poor,Very Poor
105.6,95.4,136.7,8.5,238.2,44.2,9.84,46.5,153.6,Poor,Very Poor,Poor,Poor,Poor,Very Poor
430.4,359.1,171.4,2.3,87.6,35.8,0.55,9.2,29.3,Very Poor,Very Poor,Good,Good,Poor,Moderate
113.7,296.3,25.9,46.6,36.6,34.0,5.51,62.4,78.2,Poor,Very Poor,Very Poor,Poor,Poor,Poor
488.9,84.8,168.5,130.0,203.3,11.4,9.65,32.0,83.8,Moderate,Very Poor,Moderate,Moderate,Moderate,Moderate
476.0,32.4,64.4,2.2,63.8,45.0,5.39,77.0,126.0,Moderate,Very Poor,Moderate,Moderate,Moderate,Moderate
402.9,366.4,68.2,90.7,169.6,18.7,5.12,13.8,163.8,Very Poor,Very Poor,Severe,Very Poor,Very Poor,Very Poor
476.3,255.9,64.3,45.5,161.3,12.9,2.31,31.6,86.2,Poor,Very Poor,Satisfactory,Poor,Poor,Poor
344.3,431.6,27.1,115.1,211.8,46.4,9.61,73.0,43.2,Severe,Very Poor,Severe,Severe,Severe,Severe
466.4,371.4,10.0,52.8,192.7,31.2,7.24,93.6,147.5,Very Poor,Very Poor,Severe,Very Poor,Very Poor,Very Poor
143.0,11.4,42.6,45.7,196.4,6.4,1.93,77.4,82.3,Very Poor,Very Poor,Moderate,Very Poor,Very Poor,Satisfactory
109.6,199.7,0.1,58.3,212.0,28.6,8.44,62.7,116.1,Poor,Very Poor,Very Poor,Poor,Poor,Poor
339.2,135.2,109.3,43.7,104.0,4.4,8.14,74.7,65.7,Severe,Very Poor,Moderate,Severe,Severe,Severe
96.0,591.9,52.7,145.8,16.1,39.9,8.13,2.3,141.3,Poor,Very Poor,Very Poor,Poor,Poor,Poor
299.3,560.0,145.7,29.3,139.4,5.7,4.35,17.7,36.8,Severe,Very Poor,Severe,Severe,Severe,Severe
24.4,11.8,103.7,19.3,79.9,10.6,6.35,99.9,136.5,Moderate,Very Poor,Poor,Moderate,Moderate,Moderate
368.3,308.6,58.7,131.4,60.8,7.0,4.97,79.5,18.2,Poor,Very Poor,Moderate,Poor,Poor,Poor
148.4,67.0,117.8,42.3,109.7,15.9,2.34,79.0,17.6,Very Poor,Very Poor,Satisfactory,Very Poor,Very Poor,Very Poor
363.5,516.3,113.4,25.3,183.8,9.6,7.47,84.3,191.0,Poor,Very Poor,Severe,Poor,Poor,Poor
138.6,555.3,50.3,48.1,83.0,24.3,4.79,50.9,63.5,Very Poor,Very Poor,Severe,Very Poor,Very Poor,Very Poor
230.8,199.8,54.8,29.5,236.9,22.5,7.98,72.2,190.2,Very Poor,Very Poor,Poor,Very Poor,Very Poor,Very Poor
183.8,185.7,139.7,73.6,9.5,13.1,0.1,99.0,87.2,Very Poor,Very Poor,Satisfactory,Very Poor,Very Poor,Very Poor
69.9,259.4,109.0,52.2,9.1,7.9,0.62,27.3,123.8,Poor,Very Poor,Poor,Poor,Poor,Poor
327.5,557.7,83.5,0.2,87.1,36.8,6.52,40.3,52.4,Severe,Very Poor,Severe,Severe,Severe,Severe
131.7,422.1,50.1,103.3,11.1,38.6,4.76,53.7,62.5,Very Poor,Very Poor,Very Poor,Very Poor,Very Poor,Very Poor
73.7,537.0,61.1,60.1,84.4,38.0,0.68,47.6,67.6,Moderate,Very Poor,Satisfactory,Moderate,Moderate,Moderate
152.9,257.8,109.2,105.5,127.1,37.2,4.28,77.5,126.0,Very Poor,Very Poor,Poor,Very Poor,Very Poor,Very Poor
36.5,358.2,6.0,110.2,142.8,30.7,9.34,95.6,77.6,Very Poor,Very Poor,Very Poor,Very Poor,Very Poor,Very Poor
217.7,582.0,53.8,83.5,143.1,18.2,3.25,13.0,167.2,Very Poor,Very Poor,Severe,Very Poor,Very Poor,Very Poor
373.1,159.4,12.5,45.5,1.3,35.5,0.27,45.1,108.1,Moderate,Very Poor,Satisfactory,Moderate,Moderate,Satisfactory
81.7,182.1,178.2,25.3,223.2,11.7,5.06,44.7,133.6,Moderate,Very Poor,Poor,Moderate,Moderate,Moderate
148.3,373.9,5.6,80.3,32.7,18.2,8.42,19.3,158.6,Very Poor,Very Poor,Poor,Very Poor,Very Poor,Very Poor
186.9,402.1,62.4,133.4,181.1,32.8,2.82,84.6,163.6,Very Poor,Very Poor,Poor,Very Poor,Very Poor,Very Poor
35.5,38.2,171.8,149.8,143.7,14.7,1.71,53.4,39.4,Moderate,Very Poor,Moderate,Moderate,Moderate,Moderate
477.1,339.1,19.3,59.9,23.4,32.3,8.76,60.1,161.4,Poor,Very Poor,Severe,Poor,Poor,Poor
306.2,162.9,130.8,92.4,183.4,2.1,5.28,76.3,91.2,Severe,Very Poor,Moderate,Severe,Severe,Severe
271.9,155.6,86.9,42.0,24.8,33.7,3.53,37.0,195.4,Severe,Very Poor,Poor,Severe,Severe,Severe
486.4,5.9,144.3,35.8,188.1,24.2,9.43,65.2,7.0,Moderate,Very Poor,Moderate,Moderate,Moderate,Moderate
252.8,103.9,187.5,81.5,199.2,20.7,6.58,66.7,27.2,Severe,Very Poor,Moderate,Severe,Severe,Severe
95.0,237.9,132.2,2.8,69.7,2.6,3.46,64.3,36.2,Poor,Very Poor,Very Poor,Poor,Poor,Poor
378.3,590.3,127.3,15.3,170.8,14.9,3.49,94.0,32.3,Moderate,Very Poor,Severe,Moderate,Moderate,Moderate
449.4,248.2,140.4,134.1,182.7,12.1,9.64,13.1,158.3,Moderate,Very Poor,Poor,Moderate,Moderate,Moderate
467.2,309.6,92.6,20.8,140.9,49.7,5.41,2.3,1.1,Poor,Very Poor,Moderate,Poor,Poor,Poor
110.0,402.0,185.8,145.6,232.2,0.5,2.36,13.2,28.8,Very Poor,Very Poor,Very Poor,Very Poor,Very Poor,Very Poor
116.3,42.4,16.9,105.4,198.9,40.5,5.7,18.2,35.3,Poor,Very Poor,Moderate,Poor,Poor,Poor
293.3,507.3,110.9,29.3,155.8,13.3,9.67,65.6,121.9,Severe,Very Poor,Severe,Severe,Severe,Severe
340.0,341.1,86.4,100.0,105.7,21.3,5.22,77.1,86.9,Severe,Very Poor,Severe,Severe,Severe,Severe
262.8,245.4,109.5,29.8,32.1,4.1,4.57,58.0,53.1,Severe,Very Poor,Moderate,Severe,Severe,Severe
16.6,454.6,147.1,94.1,20.3,42.5,9.63,35.9,73.4,Severe,Very Poor,Very Poor,Severe,Severe,Severe
352.0,291.1,183.0,71.3,46.1,42.6,7.96,70.0,43.4,Poor,Very Poor,Moderate,Poor,Poor,Poor
314.5,127.9,33.5,69.2,73.4,6.2,3.78,15.4,1.0,Severe,Very Poor,Moderate,Severe,Severe,Severe
311.8,595.9,114.1,112.1,167.2,33.4,4.3,18.6,47.3,Severe,Very Poor,Severe,Severe,Severe,Severe
75.9,349.9,62.5,82.5,88.1,39.2,1.92,67.5,57.3,Poor,Very Poor,Very Poor,Poor,Poor,Very Poor
277.0,532.6,40.9,119.0,11.7,38.8,3.85,50.3,14.8,Severe,Very Poor,Severe,Severe,Severe,Severe
458.8,189.9,138.4,80.1,133.7,12.4,1.08,93.5,144.0,Moderate,Very Poor,Poor,Moderate,Moderate,Moderate
17.0,61.1,153.9,108.9,67.2,31.3,4.22,22.0,147.9,Moderate,Very Poor,Poor,Moderate,Moderate,Moderate
4.2,300.1,118.5,76.7,39.7,19.2,0.05,91.2,81.3,Poor,Very Poor,Very Poor,Poor,Poor,Poor
321.5,338.5,95.2,18.7,79.2,13.0,7.01,80.5,128.3,Severe,Very Poor,Severe,Severe,Severe,Severe
96.3,143.2,0.0,110.7,147.9,43.2,5.99,25.2,49.8,Poor,Very Poor,Very Poor,Poor,Poor,Poor
149.0,525.4,83.2,110.6,201.1,9.3,0.87,10.1,79.8,Very Poor,Very Poor,Very Poor,Very Poor,Very Poor,Very Poor
121.4,195.3,197.8,125.6,124.9,46.9,3.16,84.2,18.2,Very Poor,Very Poor,Moderate,Very Poor,Very Poor,Very Poor
151.3,162.0,100.8,105.4,34.0,33.6,1.79,41.2,128.2,Very Poor,Very Poor,Poor,Very Poor,Very Poor,Very Poor
432.9,592.5,87.6,16.2,84.3,36.1,2.38,93.8,22.0,Moderate,Very Poor,Satisfactory,Moderate,Moderate,Moderate
328.5,572.8,80.7,149.6,95.4,35.7,6.78,41.9,99.5,Severe,Very Poor,Severe,Severe,Severe,Severe
339.4,471.2,91.8,96.7,142.3,45.9,7.72,89.1,36.8,Severe,Very Poor,Severe,Severe,Severe,Severe
358.7,389.6,56.1,3.0,104.2,14.1,1.01,31.9,49.7,Very Poor,Very Poor,Satisfactory,Satisfactory,Very Poor,Very Poor
123.0,134.1,175.9,40.3,247.3,45.4,8.89,95.2,191.9,Very Poor,Very Poor,Poor,Very Poor,Very Poor,Very Poor
389.3,47.9,191.3,88.9,103.8,6.2,6.23,48.7,137.1,Moderate,Very Poor,Moderate,Moderate,Moderate,Satisfactory
75.2,347.3,16.4,10.3,1.4,33.4,3.9,51.8,93.2,Poor,Very Poor,Very Poor,Poor,Poor,Poor
61.9,463.2,55.9,100.3,173.7,6.1,1.46,61.9,38.6,Severe,Very Poor,Very Poor,Moderate,Severe,Severe
223.5,111.7,22.8,14.7,182.8,40.2,9.0,22.5,144.8,Very Poor,Very Poor,Poor,Very Poor,Very Poor,Very Poor
341.8,98.7,3.1,73.1,218.6,18.2,3.21,80.9,90.4,Severe,Very Poor,Moderate,Severe,Severe,Severe
222.5,122.6,165.5,140.1,239.9,7.1,4.33,27.4,193.5,Very Poor,Very Poor,Poor,Very Poor,Very Poor,Very Poor
250.3,94.2,112.5,83.5,175.6,48.7,0.02,97.8,180.8,Poor,Very Poor,Poor,Severe,Severe,Very Poor
255.4,164.1,106.2,64.0,68.6,16.1,1.3,4.5,24.0,Severe,Very Poor,Satisfactory,Severe,Severe,Severe
283.6,35.5,60.5,51.6,219.4,39.4,5.3,39.6,36.1,Severe,Very Poor,Moderate,Severe,Severe,Severe
134.5,530.2,174.7,115.9,156.9,5.9,3.03,71.8,116.5,Very Poor,Very Poor,Severe,Very Poor,Very Poor,Very Poor
261.7,179.7,189.9,96.2,56.7,31.7,8.57,88.8,61.3,Severe,Very Poor,Moderate,Severe,Severe,Severe
199.9,524.4,110.7,58.7,69.3,4.0,0.28,92.9,130.5,Very Poor,Very Poor,Satisfactory,Very Poor,Very Poor,Very Poor
127.0,492.4,6.3,3.5,142.6,33.8,9.78,66.9,94.0,Severe,Very Poor,Very Poor,Severe,Severe,Severe
144.1,215.6,185.4,132.2,209.7,39.8,4.48,18.5,31.4,Very Poor,Very Poor,Moderate,Very Poor,Very Poor,Very Poor
303.0,520.3,66.4,3.9,247.4,7.9,6.33,51.9,39.6,Severe,Very Poor,Severe,Severe,Severe,Severe
77.4,483.9,52.9,19.7,177.4,27.2,3.91,38.6,2.1,Severe,Very Poor,Very Poor,Severe,Severe,Severe
7.7,184.3,173.3,77.2,165.9,39.8,1.75,23.0,194.1,Poor,Very Poor,Poor,Poor,Poor,Poor
80.0,550.9,26.0,124.3,16.8,7.4,7.84,4.7,111.7,Moderate,Very Poor,Very Poor,Moderate,Moderate,Moderate
374.1,286.4,76.8,148.9,41.2,38.4,9.91,95.0,53.1,Poor,Very Poor,Moderate,Poor,Poor,Poor
343.3,448.7,197.7,33.2,32.7,12.6,5.32,76.1,183.4,Severe,Very Poor,Poor,Severe,Severe,Severe
52.5,130.0,179.5,64.8,161.6,32.5,9.51,66.5,11.1,Moderate,Very Poor,Moderate,Moderate,Moderate,Moderate
78.3,180.0,87.3,62.1,185.3,31.7,3.45,11.6,46.6,Moderate,Very Poor,Very Poor,Moderate,Moderate,Moderate
400.2,409.5,156.0,97.1,179.3,21.4,9.25,89.9,46.0,Very Poor,Very Poor,Severe,Very Poor,Very Poor,Very Poor
409.9,441.4,64.8,22.2,130.3,6.7,7.53,94.2,59.6,Severe,Very Poor,Severe,Severe,Severe,Very Poor
123.8,261.8,147.9,34.0,13.9,39.9,4.88,7.7,138.5,Very Poor,Very Poor,Poor,Very Poor,Very Poor,Very Poor
341.3,144.5,52.9,24.2,240.7,8.9,1.48,61.1,173.8,Severe,Very Poor,Poor,Severe,Severe,Severe
133.0,503.2,147.1,103.4,210.8,44.0,6.09,54.6,107.3,Very Poor,Very Poor,Very Poor,Very Poor,Very Poor,Very Poor
36.6,110.3,137.8,103.3,152.5,31.9,4.16,93.5,31.6,Moderate,Very Poor,Very Poor,Moderate,Moderate,Moderate
313.9,261.5,61.7,63.6,212.6,43.1,8.44,26.8,18.8,Severe,Very Poor,Moderate,Severe,Severe,Severe
312.6,151.7,96.6,127.6,8.8,37.5,0.37,12.3,48.4,Severe,Very Poor,Satisfactory,Severe,Severe,Severe
468.0,301.0,174.1,104.8,122.2,45.1,4.32,93.0,11.8,Poor,Very Poor,Moderate,Poor,Poor,Poor
289.9,195.4,115.9,95.7,79.3,36.0,8.25,64.8,181.2,Severe,Very Poor,Poor,Severe,Severe,Severe
133.8,378.0,137.5,86.5,41.8,13.0,3.25,39.3,160.4,Very Poor,Very Poor,Poor,Very Poor,Very Poor,Very Poor
345.1,281.2,174.4,10.0,79.8,30.1,6.15,74.0,102.8,Severe,Very Poor,Severe,Severe,Severe,Severe
343.3,186.4,184.3,119.3,199.4,24.0,4.87,61.4,167.4,Severe,Very Poor,Poor,Severe,Severe,Severe
415.6,487.5,16.1,38.6,235.3,16.3,4.28,77.0,13.9,Severe,Very Poor,Severe,Severe,Severe,Severe
194.0,360.3,59.8,48.6,54.8,48.1,3.57,41.8,118.9,Very Poor,Very Poor,Very Poor,Very Poor,Very Poor,Very Poor
53.8,173.5,68.6,8.8,28.8,16.4,5.58,61.3,96.2,Moderate,Very Poor,Very Poor,Moderate,Moderate,Moderate
222.0,401.9,69.8,98.9,15.0,49.5,7.36,29.6,193.9,Very Poor,Very Poor,Poor,Very Poor,Very Poor,Very Poor
220.5,109.8,67.0,96.1,66.4,9.3,1.3,20.4,69.4,Very Poor,Very Poor,Moderate,Very Poor,Very Poor,Very Poor
308.9,216.8,2.6,16.6,7.7,14.2,9.8,63.3,184.2,Severe,Very Poor,Poor,Severe,Severe,Severe
27.6,578.7,185.5,55.7,54.2,15.9,1.88,42.5,40.5,Satisfactory,Very Poor,Very Poor,Satisfactory,Moderate,Moderate
62.6,83.2,140.2,95.5,182.8,40.8,5.65,88.9,52.6,Moderate,Very Poor,Moderate,Moderate,Moderate,Moderate
425.7,102.9,28.7,67.9,112.8,13.0,6.69,38.1,197.1,Poor,Very Poor,Poor,Poor,Poor,Poor
302.5,52.6,27.3,95.9,75.7,4.8,6.39,65.9,39.4,Severe,Very Poor,Moderate,Severe,Severe,Severe
317.1,233.1,56.3,62.1,72.7,36.8,0.5,61.3,3.5,Severe,Very Poor,Satisfactory,Severe,Severe,Severe
143.5,381.1,110.4,117.7,200.8,9.0,8.47,75.3,133.4,Very Poor,Very Poor,Very Poor,Very Poor,Very Poor,Very Poor
261.9,66.0,10.1,17.6,20.6,6.9,0.47,22.5,148.4,Severe,Very Poor,Satisfactory,Severe,Severe,Severe
212.8,425.0,65.0,48.6,219.2,47.1,8.86,91.9,160.9,Very Poor,Very Poor,Poor,Very Poor,Very Poor,Very Poor
245.8,30.0,49.0,45.6,187.2,27.5,3.24,25.7,106.6,Very Poor,Very Poor,Moderate,Very Poor,Very Poor,Very Poor
118.5,231.0,175.7,67.9,34.1,16.5,1.54,64.0,79.6,Poor,Very Poor,Very Poor,Satisfactory,Poor,Poor
195.4,34.2,195.0,119.6,245.0,3.2,8.01,90.9,172.8,Very Poor,Very Poor,Poor,Very Poor,Very Poor,Satisfactory
106.0,550.1,55.8,111.8,221.6,42.9,6.68,67.3,166.1,Poor,Very Poor,Poor,Poor,Poor,Poor
496.1,196.5,59.5,103.0,1.3,15.1,2.9,23.5,146.7,Moderate,Very Poor,Poor,Moderate,Moderate,Moderate
187.5,367.7,139.6,37.1,62.7,15.4,7.29,94.0,173.9,Very Poor,Very Poor,Poor,Very Poor,Very Poor,Very Poor
190.0,143.5,123.2,9.5,111.1,46.3,0.36,23.5,21.1,Very Poor,Very Poor,Good,Very Poor,Very Poor,Very Poor
60.3,343.5,63.6,4.4,147.6,38.4,8.46,35.2,122.6,Poor,Very Poor,Very Poor,Poor,Poor,Poor
460.3,113.4,136.1,146.3,88.9,23.0,9.6,41.8,175.8,Poor,Very Poor,Poor,Poor,Poor,Poor
336.0,426.2,195.1,50.9,112.9,9.1,3.17,31.9,103.2,Severe,Very Poor,Severe,Severe,Severe,Severe
3.4,590.1,192.5,98.1,33.2,38.1,9.29,41.4,50.9,Moderate,Very Poor,Very Poor,Moderate,Moderate,Moderate
162.6,9.7,71.4,146.0,86.2,18.3,4.84,47.5,56.6,Very Poor,Very Poor,Moderate,Very Poor,Very Poor,Very Poor
279.5,296.2,145.0,99.6,91.7,37.7,5.72,67.0,82.9,Severe,Very Poor,Moderate,Severe,Severe,Severe
44.8,98.1,175.3,81.5,190.7,34.2,2.73,42.4,51.5,Moderate,Very Poor,Very Poor,Moderate,Moderate,Moderate
223.3,370.1,8.4,79.0,25.1,16.3,4.23,95.9,133.0,Very Poor,Very Poor,Poor,Very Poor,Very Poor,Very Poor
438.3,572.4,124.3,57.8,127.2,7.5,8.87,79.3,72.3,Moderate,Very Poor,Severe,Moderate,Moderate,Moderate
65.2,25.2,129.5,80.3,42.1,25.2,6.69,51.0,52.6,Moderate,Very Poor,Moderate,Moderate,Moderate,Moderate
486.1,38.4,120.9,69.6,229.8,34.4,7.39,12.4,111.4,Moderate,Very Poor,Moderate,Moderate,Moderate,Moderate
134.2,131.0,108.6,16.8,84.9,34.3,5.75,51.8,97.5,Very Poor,Very Poor,Very Poor,Very Poor,Very Poor,Very Poor
278.0,169.0,194.4,111.6,80.9,47.6,8.06,2.2,178.6,Severe,Very Poor,Poor,Severe,Severe,Severe
103.3,86.6,122.3,36.9,68.3,48.3,2.2,55.5,34.1,Poor,Very Poor,Satisfactory,Poor,Poor,Poor
315.0,320.6,80.5,119.9,159.6,42.4,7.45,91.5,115.7,Severe,Very Poor,Severe,Severe,Severe,Severe
424.4,48.3,97.0,147.9,190.6,4.4,1.92,88.6,151.7,Moderate,Very Poor,Moderate,Moderate,Moderate,Moderate
110.4,331.9,71.2,30.2,127.9,11.9,4.66,36.5,137.2,Poor,Very Poor,Poor,Poor,Poor,Poor
286.0,161.3,56.7,106.2,7.7,16.8,5.55,72.2,57.6,Severe,Very Poor,Moderate,Severe,Severe,Severe
407.0,5.4,65.9,108.2,102.5,36.5,5.01,87.2,53.8,Moderate,Very Poor,Moderate,Moderate,Moderate,Moderate
446.7,238.0,182.9,94.4,127.3,8.6,6.61,52.3,6.3,Moderate,Very Poor,Moderate,Moderate,Moderate,Moderate
473.8,170.5,96.1,50.7,68.4,11.5,9.96,12.8,82.9,Moderate,Very Poor,Moderate,Moderate,Moderate,Moderate
25.3,399.2,50.4,122.6,248.1,5.7,0.49,62.2,107.7,Very Poor,Very Poor,Very Poor,Severe,Very Poor,Very Poor
17.2,380.3,83.6,55.7,111.9,3.3,0.33,93.2,22.2,Very Poor,Very Poor,Satisfactory,Poor,Very Poor,Very Poor
386.4,107.1,76.3,54.3,182.2,39.3,1.06,48.0,104.8,Moderate,Very Poor,Satisfactory,Moderate,Moderate,Moderate
480.3,522.4,6.4,30.2,34.5,7.6,9.35,84.2,86.9,Moderate,Very Poor,Severe,Moderate,Moderate,Moderate
325.7,561.4,154.4,41.1,184.3,4.2,0.71,53.1,92.4,Severe,Very Poor,Satisfactory,Severe,Severe,Moderate
129.4,92.4,42.8,81.6,185.1,28.1,3.46,75.6,23.0,Very Poor,Very Poor,Moderate,Very Poor,Very Poor,Very Poor
176.7,498.0,108.8,98.2,224.1,44.6,7.15,95.7,100.2,Severe,Very Poor,Severe,Severe,Severe,Severe
58.0,148.2,124.8,103.8,29.9,42.0,5.45,96.7,118.4,Moderate,Very Poor,Very Poor,Moderate,Moderate,Moderate
185.9,341.3,151.0,27.4,187.6,43.4,1.81,8.3,162.5,Very Poor,Very Poor,Poor,Very Poor,Very Poor,Very Poor
25.9,115.7,197.1,144.4,227.4,48.9,1.19,13.2,57.6,Moderate,Very Poor,Very Poor,Moderate,Moderate,Very Poor
234.9,154.7,66.7,104.3,121.1,20.3,5.87,38.3,197.5,Very Poor,Very Poor,Poor,Very Poor,Very Poor,Very Poor
210.3,166.7,149.0,101.6,26.7,15.3,6.71,75.4,64.2,Very Poor,Very Poor,Moderate,Very Poor,Very Poor,Very Poor
91.9,325.1,27.8,145.3,36.3,19.4,9.37,35.9,197.7,Poor,Very Poor,Poor,Poor,Poor,Poor
163.5,586.8,130.4,133.6,87.6,31.3,9.37,9.8,143.9,Very Poor,Very Poor,Severe,Very Poor,Very Poor,Very Poor
51.0,247.0,127.6,55.2,111.2,38.4,5.11,42.6,71.9,Moderate,Very Poor,Very Poor,Moderate,Moderate,Moderate
410.4,49.9,120.2,65.0,23.9,1.7,1.75,55.8,118.3,Moderate,Very Poor,Moderate,Moderate,Moderate,Moderate
446.1,280.1,22.0,37.4,79.5,2.2,4.66,92.2,68.3,Poor,Very Poor,Moderate,Poor,Poor,Poor
464.3,285.6,165.0,39.8,163.4,49.9,4.02,45.9,170.1,Poor,Very Poor,Poor,Poor,Poor,Satisfactory
472.0,494.3,15.9,9.8,103.3,31.7,4.11,29.8,195.7,Severe,Very Poor,Severe,Severe,Severe,Poor
129.3,38.9,3.2,37.0,10.3,24.6,9.59,93.5,187.9,Very Poor,Very Poor,Poor,Very Poor,Very Poor,Very Poor
195.4,42.3,157.9,73.6,80.9,6.1,4.02,97.2,94.1,Very Poor,Very Poor,Moderate,Very Poor,Very Poor,Very Poor
309.3,475.1,43.3,84.4,50.5,15.9,2.37,15.3,43.9,Severe,Very Poor,Severe,Severe,Severe,Severe
176.8,427.9,119.8,45.4,134.7,19.6,5.26,95.0,168.2,Very Poor,Very Poor,Poor,Very Poor,Very Poor,Very Poor
175.5,223.7,22.9,56.5,199.6,12.0,2.86,3.2,61.6,Very Poor,Very Poor,Very Poor,Very Poor,Very Poor,Very Poor
406.0,193.2,29.8,44.0,46.5,12.9,3.92,9.9,130.7,Moderate,Very Poor,Poor,Moderate,Moderate,Moderate
197.6,99.0,90.2,29.7,137.3,44.7,9.31,41.4,188.3,Very Poor,Very Poor,Poor,Very Poor,Very Poor,Very Poor
428.4,588.4,18.7,57.9,105.6,22.6,7.08,71.4,189.6,Poor,Very Poor,Severe,Poor,Poor,Poor
268.4,427.8,130.0,68.6,127.8,10.8,8.21,8.4,93.9,Severe,Very Poor,Severe,Severe,Severe,Severe
282.3,420.9,165.9,134.7,165.5,25.8,1.15,15.7,85.2,Severe,Very Poor,Severe,Severe,Severe,Severe
438.7,316.8,87.0,118.6,85.7,19.2,9.11,29.2,96.3,Poor,Very Poor,Moderate,Poor,Poor,Poor
286.9,88.2,25.9,128.4,168.5,11.0,9.1,38.7,25.8,Severe,Very Poor,Moderate,Severe,Severe,Severe
272.0,560.3,143.3,30.3,79.9,20.8,3.71,78.3,137.7,Severe,Very Poor,Severe,Severe,Severe,Severe
329.2,453.4,90.4,140.1,26.6,40.8,4.56,42.8,76.9,Severe,Very Poor,Severe,Severe,Severe,Severe
59.1,321.5,139.9,107.7,238.2,8.7,9.33,51.5,151.2,Poor,Very Poor,Very Poor,Poor,Poor,Poor
153.3,114.7,131.2,50.5,232.1,14.8,1.13,31.9,85.5,Very Poor,Very Poor,Satisfactory,Very Poor,Very Poor,Very Poor
